id_customer,id_model,id_distributor,time_order,date,age,gender
100000000,8,2,1704074028,2024-01-01,40,M
100000001,333,2,1704143983,2024-01-01,39,M
100000002,8,1,1704128367,2024-01-01,33,M
100000003,1,1,1704219950,2024-01-02,26,M
100000004,555,2,1704216236,2024-01-02,28,F
100000005,6,111,1704232720,2024-01-02,37,M
100000006,1,4,1704301408,2024-01-03,35,M
100000007,111,333,1704268468,2024-01-03,33,M
100000008,5,2,1704319188,2024-01-03,33,F
100000009,6,333,1704275483,2024-01-03,36,M
100000010,4,444,1704380386,2024-01-04,28,M
100000011,9 ,3,1704392304,2024-01-04,29,M
100000012,6,222,1704331354,2024-01-04,29,M
100000013,3,4,1704393977,2024-01-04,41,M
100000014,7,5,1704390442,2024-01-04,34,M
100000015,333,555 ,1704436295,2024-01-05,45,F
100000016,111,555,1704498199,2024-01-05,32,F
100000017,1,2,1704490075,2024-01-05,30,F
100000018,2,2,1704499389,2024-01-06,31,F
100000019,999,555,1704518044,2024-01-06,30,F
100000020,888,222 ,1704559940,2024-01-06,38,M
100000021,666,2,1704606026,2024-01-07,35,F
100000022,8,4,1704639496,2024-01-07,37,M
100000023,1,555,1704650075,2024-01-07,29,M
100000024,111,4,1704740168,2024-01-08,36,M
100000025,666,2,1704745630,2024-01-08,32,M
100000026,4,3,1704736754,2024-01-08,18,M
100000027,444,2 ,1704844519,2024-01-09,31,M
100000028,9,222,1704819920,2024-01-09,33,M
100000029,2,5,1704759075,2024-01-09,24,M
100000030,888,333,1704860607,2024-01-10,35,M
100000031,6,222,1704877765,2024-01-10,39,F
100000032,7 ,3,1704868598,2024-01-10,34,F
100000033,555,3,1704912840,2024-01-10,33,F
100000034,6,1,1704880710,2024-01-10,36,F
100000035,5,1,1704846548,2024-01-10,43,M
100000036,555,3 ,1704965418,2024-01-11,25,M
100000037,3,4,1704967074,2024-01-11,35,F
100000038,777,3,1704932537,2024-01-11,34,M
100000039,2,3,1705077991,2024-01-12,36,F
100000040,2,1,1705088443,2024-01-12,35,M
100000041,2 ,2,1705102844,2024-01-12,44,F
100000042,7,555,1705126852,2024-01-13,39,M
100000043,333,444,1705160231,2024-01-13,22,F
100000044,5,222,1705186048,2024-01-13,31,M
100000045,3,1,1705257759,2024-01-14,38,F
100000046,555,222,1705258071,2024-01-14,26,M
100000047,6,4,1705192741,2024-01-14,23,M
100000048,3,4,1705242586,2024-01-14,33,M
100000049,444,222,1705275600,2024-01-14,29,F
100000050,333,222,1705351635,2024-01-15,23,M
100000051,777 ,2,1705347652,2024-01-15,20,F
100000052,9 ,1 ,1705308879,2024-01-15,30,M
100000053,888,3,1705429528,2024-01-16,40,M
100000054,2,555,1705376601,2024-01-16,28,M
100000055,888,222,1705412823,2024-01-16,39,F
100000056,444 ,4,1705533827,2024-01-17,33,M
100000057,7,3,1705481769,2024-01-17,35,M
100000058,1,5,1705525901,2024-01-17,28,F
100000059,6,444,1705604896,2024-01-18,25,F
100000060,6,3,1705574532,2024-01-18,29,M
100000061,2,555,1705575198,2024-01-18,37,F
100000062,666,1,1705587721,2024-01-18,37,M
100000063,2 ,2,1705690577,2024-01-19,42,M
100000064,1,444 ,1705703089,2024-01-19,46,M
100000065,888,2,1705653870,2024-01-19,39,M
100000066,3,1,1705711927,2024-01-20,34,F
100000067,666,3,1705738175,2024-01-20,40,M
100000068,7,4,1705782971,2024-01-20,34,F
100000069,999,2,1705815085,2024-01-21,36,M
100000070,444,1,1705809839,2024-01-21,35,M
100000071,999,5,1705857636,2024-01-21,36,M
100000072,8,222,1705952134,2024-01-22,31,M
100000073,3,1,1705939831,2024-01-22,31,M
100000074,9 ,111,1705913884,2024-01-22,34,F
100000075,444 ,5,1705966150,2024-01-22,30,M
100000076,666,4 ,1705898643,2024-01-22,31,F
100000077,666,2,1706007671,2024-01-23,41,M
100000078,4 ,4 ,1706022479,2024-01-23,24,M
100000079,7,333,1706010927,2024-01-23,28,M
100000080,222 ,1 ,1706108815,2024-01-24,36,M
100000081,2,222,1706073527,2024-01-24,32,F
100000082,7,4,1706133619,2024-01-24,42,F
100000083,222,222,1706054753,2024-01-24,36,F
100000084,999,1,1706164248,2024-01-25,35,M
100000085,7,3,1706173054,2024-01-25,34,F
100000086,222 ,2,1706206090,2024-01-25,30,M
100000087,444,2,1706273236,2024-01-26,30,M
100000088,555,333,1706262068,2024-01-26,28,F
100000089,2,2,1706308127,2024-01-26,30,M
100000090,5,333,1706361303,2024-01-27,37,M
100000091,5 ,555,1706323985,2024-01-27,29,M
100000092,2,222,1706334987,2024-01-27,37,F
100000093,6,4,1706447850,2024-01-28,33,M
100000094,444,1,1706409786,2024-01-28,35,M
100000095,6,222,1706445088,2024-01-28,29,M
100000096,2 ,4,1706458118,2024-01-28,28,M
100000097,2,555,1706439327,2024-01-28,45,F
100000098,777,2,1706405325,2024-01-28,41,M
100000099,5,2,1706435823,2024-01-28,41,M
100000100,1,4,1706526521,2024-01-29,43,M
100000101,7,2,1706487885,2024-01-29,36,M
100000102,333,222,1706527983,2024-01-29,30,F
100000103,666,2,1706583845,2024-01-30,36,F
100000104,6,2,1706601392,2024-01-30,27,M
100000105,3 ,333,1706596858,2024-01-30,28,F
100000106,2,5 ,1706651679,2024-01-30,29,F
100000107,3,1,1706630249,2024-01-30,32,F
100000108,6,1,1706699355,2024-01-31,38,M
100000109,999,444,1706697369,2024-01-31,37,M
100000110,777,2,1706684424,2024-01-31,31,M
100000111,111,3,1706815921,2024-02-01,38,M
100000112,9,4,1706825338,2024-02-01,33,M
100000113,999 ,333,1706770022,2024-02-01,38,F
100000114,222,5 ,1706847023,2024-02-02,31,F
100000115,3,111,1706878446,2024-02-02,28,F
100000116,3,2,1706907798,2024-02-02,21,M
100000117,444,4,1707000524,2024-02-03,30,M
100000118,5,444,1706975046,2024-02-03,29,M
100000119,999,3,1706988020,2024-02-03,34,M
100000120,8,2,1707078860,2024-02-04,36,M
100000121,8,5,1707010891,2024-02-04,45,M
100000122,1,4,1707051133,2024-02-04,34,F
100000123,999,444,1707164453,2024-02-05,19,M
100000124,6 ,3,1707153723,2024-02-05,42,F
100000125,4,222,1707146871,2024-02-05,30,M
100000126,333,444,1707210783,2024-02-06,35,M
100000127,888,333,1707182367,2024-02-06,34,F
100000128,1,1 ,1707216380,2024-02-06,38,M
100000129,111,2,1707284263,2024-02-07,34,M
100000130,2,1 ,1707324948,2024-02-07,33,F
100000131,444,333,1707282748,2024-02-07,39,M
100000132,3,333,1707355834,2024-02-08,35,M
100000133,555,222,1707351422,2024-02-08,30,M
100000134,6,2,1707360872,2024-02-08,42,F
100000135,4,4,1707460839,2024-02-09,35,F
100000136,444,2,1707474903,2024-02-09,37,M
100000137,6,3,1707521947,2024-02-09,40,F
100000138,555,444,1707583020,2024-02-10,26,F
100000139,888,3,1707540937,2024-02-10,38,M
100000140,444,5,1707567208,2024-02-10,35,F
100000141,4 ,555,1707550500,2024-02-10,34,M
100000142,8 ,5,1707571413,2024-02-10,36,M
100000143,1,222,1707555785,2024-02-10,35,M
100000144,5,222 ,1707562434,2024-02-10,29,M
100000145,3,3,1707687942,2024-02-11,28,F
100000146,3,4,1707616123,2024-02-11,35,F
100000147,6,1,1707653673,2024-02-11,30,M
100000148,3,111,1707732468,2024-02-12,33,F
100000149,999,444,1707727319,2024-02-12,35,M
100000150,7,4,1707759896,2024-02-12,31,F
100000151,555 ,2,1707852819,2024-02-13,41,F
100000152,4,4,1707867155,2024-02-13,32,M
100000153,333 ,111,1707801331,2024-02-13,31,M
100000154,444 ,5,1707899535,2024-02-14,22,M
100000155,1,5 ,1707888112,2024-02-14,31,F
100000156,888,3,1707917913,2024-02-14,27,M
100000156,888,3,1707917913,2024-02-14,27,M
100000157,333,444 ,1708023780,2024-02-15,37,M
100000158,2,555,1708014978,2024-02-15,23,F
100000159,111,2,1708007559,2024-02-15,31,F
100000160,333,3,1707987384,2024-02-15,21,F
100000161,9,3,1708047987,2024-02-16,35,M
100000162,1,333,1708124554,2024-02-16,29,M
100000163,111,4,1708047996,2024-02-16,32,M
100000164,4,4,1708048048,2024-02-16,39,M
100000165,999 ,4,1708188508,2024-02-17,33,M
100000166,222,2,1708159309,2024-02-17,37,F
100000167,888,1,1708155419,2024-02-17,31,M
100000168,999,555,1708215613,2024-02-18,43,F
100000169,555,222,1708220380,2024-02-18,32,M
100000170,6,333,1708255151,2024-02-18,31,M
100000171,444,222,1708351028,2024-02-19,28,M
100000172,9,222,1708362367,2024-02-19,22,F
100000173,999,5,1708343054,2024-02-19,34,M
100000174,444,3,1708430336,2024-02-20,18,F
100000175,9,3,1708393475,2024-02-20,28,M
100000176,7,3 ,1708392198,2024-02-20,34,M
100000177,2,1,1708403569,2024-02-20,30,M
100000178,8,222,1708391264,2024-02-20,29,F
100000179,888,222,1708444833,2024-02-20,33,M
100000180,5,111,1708559471,2024-02-21,34,F
100000181,111 ,5 ,1708517731,2024-02-21,31,F
100000182,5,5,1708478924,2024-02-21,49,M
100000183,111,3,1708632009,2024-02-22,31,F
100000184,6,5,1708611173,2024-02-22,38,M
100000185,111,111,1708568516,2024-02-22,26,M
100000186,8,2,1708718310,2024-02-23,24,M
100000187,4,3 ,1708672816,2024-02-23,36,M
100000188,111,2,1708700451,2024-02-23,32,M
100000189,7,111,1708717681,2024-02-23,30,F
100000190,4,5,1708780011,2024-02-24,28,F
100000191,3,111,1708808727,2024-02-24,32,M
100000192,111,3 ,1708743761,2024-02-24,38,M
100000193,666,4 ,1708783419,2024-02-24,30,F
100000194,5,2,1708774679,2024-02-24,29,M
100000195,555,2,1708793625,2024-02-24,35,M
100000196,222,5,1708860628,2024-02-25,38,F
100000197,555 ,2,1708871051,2024-02-25,23,M
100000198,6,4,1708858540,2024-02-25,41,F
100000199,888,444,1708981228,2024-02-26,19,M
100000200,1,1,1708927052,2024-02-26,35,M
100000201,9,2,1708975651,2024-02-26,34,M
100000202,111,444,1709044089,2024-02-27,22,M
100000203,6 ,333,1709019669,2024-02-27,35,M
100000204,6 ,2,1709007126,2024-02-27,36,F
100000205,222,111,1709051044,2024-02-27,35,F
100000206,3,4,1709139154,2024-02-28,27,M
100000207,777,4,1709145042,2024-02-28,31,M
100000208,1,5,1709080091,2024-02-28,33,F
100000209,6 ,4,1709169131,2024-02-29,31,M
100000210,777,4,1709244312,2024-02-29,34,M
100000211,333,555,1709222126,2024-02-29,31,M
100000212,1,222,1709212311,2024-02-29,39,M
100000213,1,222,1709327999,2024-03-01,31,M
100000214,4,1,1709305791,2024-03-01,37,F
100000215,555,444,1709287700,2024-03-01,27,F
100000216,8,3,1709341430,2024-03-02,27,M
100000217,2,1,1709349683,2024-03-02,34,M
100000218,9,222 ,1709343049,2024-03-02,39,M
100000219,6,3,1709479644,2024-03-03,21,F
100000220,1,2,1709463883,2024-03-03,30,M
100000221,222,222,1709503735,2024-03-03,31,M
100000222,7,3 ,1709551117,2024-03-04,38,M
100000223,8,2,1709515090,2024-03-04,40,M
100000224,3,3,1709543442,2024-03-04,41,M
100000225,3,2,1709594258,2024-03-04,29,M
100000226,3,333,1709623840,2024-03-05,33,F
100000227,9,111,1709676708,2024-03-05,35,M
100000228,7,1,1709615084,2024-03-05,35,M
100000229,1,1,1709677512,2024-03-05,22,M
100000230,1,333 ,1709602623,2024-03-05,21,M
100000231,3,222,1709648587,2024-03-05,27,M
100000232,555,3,1709764831,2024-03-06,32,F
100000233,111,4,1709690790,2024-03-06,24,M
100000234,3,2,1709701864,2024-03-06,39,M
100000235,2,333,1709734125,2024-03-06,36,F
100000236,8,222,1709826941,2024-03-07,19,F
100000237,5,5,1709790625,2024-03-07,26,M
100000238,5,111,1709820426,2024-03-07,24,M
100000239,1,4,1709893117,2024-03-08,33,F
100000240,3,4,1709884246,2024-03-08,27,M
100000241,7,333,1709883161,2024-03-08,20,M
100000242,6,222 ,1709965336,2024-03-09,28,M
100000243,3,222,1709980829,2024-03-09,36,F
100000244,9,1,1709944749,2024-03-09,32,M
100000245,6,333,1710043941,2024-03-10,33,F
100000246,111,555,1710114172,2024-03-10,37,M
100000247,8,444,1710098431,2024-03-10,28,M
100000248,999,444,1710123410,2024-03-11,29,F
100000249,3,4,1710121100,2024-03-11,29,F
100000250,999,3,1710185379,2024-03-11,31,M
100000251,2 ,2,1710245804,2024-03-12,24,M
100000252,222,444 ,1710223308,2024-03-12,34,M
100000253,1,444,1710281962,2024-03-12,38,M
100000254,555,1,1710267248,2024-03-12,29,F
100000255,9,222,1710315136,2024-03-13,36,F
100000256,333,333,1710339672,2024-03-13,32,M
100000257,8,3,1710353225,2024-03-13,36,M
100000258,3,2,1710380424,2024-03-14,38,M
100000259,9,3,1710388884,2024-03-14,32,M
100000260,8,222,1710397427,2024-03-14,25,M
100000261,3,1,1710483095,2024-03-15,35,F
100000262,6,3,1710493102,2024-03-15,26,M
100000263,6,111,1710529230,2024-03-15,31,F
100000264,5,222,1710583897,2024-03-16,52,F
100000265,888,1,1710610882,2024-03-16,32,M
100000266,8,2,1710594705,2024-03-16,28,F
100000267,7,1,1710682599,2024-03-17,29,M
100000268,555,4,1710663853,2024-03-17,42,M
100000269,1,444,1710686781,2024-03-17,41,M
100000270,6,5,1710643072,2024-03-17,29,M
100000271,3,333,1710654122,2024-03-17,37,F
100000272,7 ,222,1710802577,2024-03-18,35,M
100000273,8,444,1710727096,2024-03-18,32,M
100000274,888,333,1710786967,2024-03-18,41,M
100000275,888,4,1710849948,2024-03-19,25,M
100000276,5 ,444,1710809610,2024-03-19,35,F
100000277,333,4,1710813119,2024-03-19,32,M
100000278,3,4,1710978421,2024-03-20,31,M
100000279,5,1,1710913387,2024-03-20,29,M
100000280,333,5,1710948399,2024-03-20,35,M
100000281,2,3,1710910206,2024-03-20,33,F
100000282,3,3,1711062675,2024-03-21,35,M
100000283,8,333,1710992211,2024-03-21,32,F
100000284,5,3,1711015115,2024-03-21,29,M
100000285,5,333,1711084438,2024-03-22,39,M
100000286,7,5,1711073682,2024-03-22,23,F
100000287,999,2,1711134804,2024-03-22,22,M
100000288,555,1,1711180382,2024-03-23,32,M
100000289,4,555,1711209312,2024-03-23,22,M
100000290,7,111,1711221779,2024-03-23,23,M
100000291,8,2 ,1711227716,2024-03-23,33,M
100000292,8,3,1711208856,2024-03-23,33,F
100000293,6,222,1711320833,2024-03-24,40,M
100000294,666,555 ,1711296688,2024-03-24,37,F
100000295,6,222,1711308072,2024-03-24,29,M
100000296,9,3,1711285523,2024-03-24,26,M
100000297,7,222 ,1711246932,2024-03-24,30,M
100000298,4,1,1711282404,2024-03-24,39,M
100000299,3,3,1711247978,2024-03-24,29,M
100000300,2,555,1711403350,2024-03-25,39,M
100000301,8,4,1711399719,2024-03-25,30,M
100000302,7,4,1711358750,2024-03-25,35,M
100000303,1 ,3,1711463910,2024-03-26,37,F
100000304,555,1,1711446749,2024-03-26,33,M
100000305,5,111,1711494879,2024-03-26,38,F
100000306,7,4,1711553812,2024-03-27,27,M
100000307,111,555,1711513016,2024-03-27,42,M
100000308,222,2,1711525959,2024-03-27,29,F
100000309,3,2,1711658374,2024-03-28,29,M
100000310,111,1 ,1711649190,2024-03-28,35,M
100000311,9,2,1711650248,2024-03-28,25,F
100000312,6,5,1711697359,2024-03-29,33,M
100000313,1,3,1711671225,2024-03-29,31,M
100000314,3,2 ,1711692189,2024-03-29,29,M
100000315,444,3,1711685716,2024-03-29,18,F
100000316,3,444,1711797049,2024-03-30,37,M
100000317,111,333,1711787282,2024-03-30,28,M
100000318,4 ,1,1711822371,2024-03-30,32,M
100000319,9,333,1711830151,2024-03-30,46,M
100000320,333,111,1711900938,2024-03-31,27,M
100000321,1,111 ,1711919319,2024-03-31,38,M
100000322,2,1,1711871102,2024-03-31,38,M
100000323,2,2,1712010464,2024-04-01,20,M
100000324,5,1,1711930528,2024-04-01,31,M
100000325,1,555,1711966634,2024-04-01,30,F
100000326,8 ,5,1712029248,2024-04-02,35,F
100000327,1,1,1712043862,2024-04-02,34,M
100000328,7,2,1712068158,2024-04-02,36,F
100000329,666,5,1712037888,2024-04-02,31,M
100000330,4,4,1712151238,2024-04-03,29,F
100000331,3,3,1712153975,2024-04-03,38,M
100000332,7,555,1712163959,2024-04-03,25,F
100000332,7,555,1712163959,2024-04-03,25,F
100000331,3,3,1712153975,2024-04-03,38,M
100000333,111,555,1712268625,2024-04-04,26,M
100000334,2,3,1712240414,2024-04-04,29,M
100000335,222,1,1712218244,2024-04-04,26,M
100000336,666 ,222,1712324041,2024-04-05,39,M
100000337,8,1,1712357283,2024-04-05,45,F
100000338,1,2,1712309545,2024-04-05,22,F
100000339,5,5,1712418430,2024-04-06,27,M
100000340,555,3,1712387653,2024-04-06,34,F
100000341,4,4,1712393581,2024-04-06,32,F
100000342,5,4,1712510018,2024-04-07,35,F
100000343,3,3,1712471611,2024-04-07,36,M
100000344,555,3 ,1712471739,2024-04-07,30,M
100000345,666,1,1712542497,2024-04-08,45,M
100000346,222,3,1712567049,2024-04-08,36,M
100000347,7,555,1712537648,2024-04-08,33,F
100000348,4,3,1712689111,2024-04-09,25,M
100000349,9,3,1712629760,2024-04-09,35,M
100000350,999,4,1712695337,2024-04-09,40,M
100000351,5,222,1712762139,2024-04-10,28,M
100000352,111,222,1712714742,2024-04-10,30,F
100000353,6,555 ,1712713973,2024-04-10,25,M
100000353,6,555 ,1712713973,2024-04-10,25,M
100000354,222,5,1712838193,2024-04-11,24,M
100000355,9,3,1712810400,2024-04-11,34,F
100000356,8,111,1712842115,2024-04-11,26,M
100000355,9,3,1712810400,2024-04-11,34,F
100000357,777,4,1712888874,2024-04-12,41,F
100000358,3,2,1712956917,2024-04-12,40,M
100000359,666,2,1712934499,2024-04-12,30,M
100000360,5,1,1712999088,2024-04-13,40,M
100000361,8,3,1713004953,2024-04-13,41,M
100000362,1,5,1712968277,2024-04-13,28,F
100000363,3,555,1713023543,2024-04-13,39,M
100000364,4,4,1713068591,2024-04-14,34,F
100000365,222,2 ,1713100376,2024-04-14,51,F
100000366,8,333,1713134947,2024-04-14,28,M
100000367,7,2,1713091793,2024-04-14,30,F
100000368,777,111,1713178466,2024-04-15,20,M
100000369,555,5,1713200248,2024-04-15,27,F
100000370,333,555,1713182109,2024-04-15,26,F
100000371,333,444,1713298248,2024-04-16,34,M
100000372,1,4,1713246370,2024-04-16,33,F
100000373,3,555,1713286346,2024-04-16,28,M
100000374,4,4,1713356853,2024-04-17,27,F
100000375,1,1,1713372529,2024-04-17,36,M
100000376,666,555,1713388850,2024-04-17,41,M
100000377,555,3,1713478924,2024-04-18,43,M
100000378,333,2,1713402605,2024-04-18,34,M
100000379,8,444,1713400940,2024-04-18,23,F
100000380,8,2,1713548495,2024-04-19,45,M
100000381,666,1,1713522260,2024-04-19,35,F
100000382,333,1,1713536174,2024-04-19,37,M
100000383,999,2,1713595513,2024-04-20,25,M
100000384,333,3 ,1713630703,2024-04-20,37,F
100000385,222,4,1713577967,2024-04-20,28,F
100000386,9,5,1713693671,2024-04-21,30,F
100000387,999,333,1713674928,2024-04-21,39,M
100000388,444 ,444,1713723165,2024-04-21,44,M
100000389,1,222,1713657932,2024-04-21,43,F
100000390,2,444,1713691935,2024-04-21,27,M
100000391,111,2,1713772805,2024-04-22,24,M
100000392,4,333,1713773372,2024-04-22,34,M
100000393,5,2,1713820739,2024-04-22,26,M
100000394,777,4,1713916348,2024-04-23,25,M
100000395,1,333,1713839124,2024-04-23,37,F
100000396,6,3,1713898390,2024-04-23,45,M
100000396,6,3,1713898390,2024-04-23,45,M
100000394,777,4,1713916348,2024-04-23,25,M
100000397,5,4,1713941381,2024-04-24,36,M
100000398,2,5,1713927959,2024-04-24,34,M
100000399,222,222 ,1713974144,2024-04-24,40,M
100000400,6,3,1713979798,2024-04-24,39,F
100000401,111,333,1714017842,2024-04-25,31,M
100000402,1,555,1714088679,2024-04-25,36,F
100000403,7,333 ,1714044895,2024-04-25,32,F
100000404,444,555,1714175161,2024-04-26,24,M
100000405,3,4 ,1714142991,2024-04-26,27,F
100000406,2,4,1714160820,2024-04-26,31,M
100000407,333,222,1714233978,2024-04-27,32,M
100000408,2,5,1714178557,2024-04-27,42,M
100000409,333,2 ,1714209122,2024-04-27,38,F
100000410,666,3,1714257413,2024-04-27,36,F
100000411,4,4,1714289173,2024-04-28,26,F
100000412,2,444,1714322038,2024-04-28,43,F
100000413,6,333,1714313506,2024-04-28,27,M
100000413,6,333,1714313506,2024-04-28,27,M
100000414,7,111,1714393790,2024-04-29,36,M
100000415,3,222,1714408095,2024-04-29,36,M
100000416,8,2,1714395547,2024-04-29,40,F
100000417,8,1,1714500843,2024-04-30,47,M
100000418,111 ,2 ,1714467221,2024-04-30,36,M
100000419,333,4,1714473952,2024-04-30,30,M
100000420,9,333,1714546318,2024-05-01,34,M
100000421,9,3,1714555259,2024-05-01,45,M
100000422,6,222,1714545311,2024-05-01,36,F
100000423,222,4 ,1714645977,2024-05-02,38,M
100000424,222,222 ,1714658669,2024-05-02,32,F
100000425,6,2,1714685253,2024-05-02,24,M
100000426,4,555 ,1714717235,2024-05-03,31,M
100000427,8,4,1714713664,2024-05-03,38,M
100000428,1,1,1714721648,2024-05-03,28,F
100000429,3 ,3,1714765202,2024-05-03,35,F
100000430,333,4,1714837367,2024-05-04,28,M
100000431,111 ,3,1714789973,2024-05-04,31,F
100000432,111,5 ,1714794155,2024-05-04,30,M
100000433,4 ,111,1714884066,2024-05-05,39,M
100000434,888,3,1714949991,2024-05-05,34,M
100000435,9,111,1714952994,2024-05-05,36,M
100000436,777,1,1714947724,2024-05-05,42,M
100000437,8,1 ,1714900022,2024-05-05,30,F
100000438,1,222,1715011379,2024-05-06,34,M
100000439,9,111,1714961761,2024-05-06,42,M
100000440,333,3 ,1715029044,2024-05-06,29,M
100000441,6,222,1715069489,2024-05-07,32,M
100000442,4,333,1715064819,2024-05-07,29,F
100000443,4,3,1715098887,2024-05-07,41,F
100000444,1,3,1715111423,2024-05-07,25,M
100000445,333,4,1715065272,2024-05-07,39,F
100000446,666,1,1715196246,2024-05-08,30,M
100000447,8 ,4,1715137697,2024-05-08,45,M
100000448,3,222,1715196349,2024-05-08,37,F
100000449,8,2,1715155494,2024-05-08,47,M
100000450,3,333,1715220769,2024-05-09,41,F
100000451,8,3,1715253997,2024-05-09,39,M
100000452,4 ,5,1715261771,2024-05-09,30,M
100000453,9 ,111,1715223435,2024-05-09,29,F
100000454,111,1,1715227066,2024-05-09,32,M
100000455,666,5,1715247219,2024-05-09,42,M
100000456,333,2,1715385411,2024-05-10,24,M
100000457,1 ,2,1715350194,2024-05-10,34,M
100000458,111,3,1715351307,2024-05-10,28,M
100000459,9,3,1715364744,2024-05-10,25,F
100000460,4,4,1715306338,2024-05-10,28,M
100000461,4,2,1715363046,2024-05-10,26,M
100000462,222,3,1715313721,2024-05-10,24,M
100000463,3,2,1715393037,2024-05-11,30,F
100000464,3,5,1715417727,2024-05-11,36,M
100000465,666,1,1715406373,2024-05-11,31,M
100000466,1,555,1715403007,2024-05-11,27,M
100000467,6 ,4,1715557394,2024-05-12,25,M
100000468,222,5,1715483266,2024-05-12,31,F
100000469,111,2,1715522887,2024-05-12,36,F
100000470,444,333 ,1715557618,2024-05-12,30,M
100000471,333 ,4,1715560749,2024-05-13,31,M
100000472,999,4,1715592232,2024-05-13,33,M
100000473,5,5,1715562800,2024-05-13,31,M
100000474,444,2,1715581524,2024-05-13,31,F
100000475,1,4,1715712372,2024-05-14,38,M
100000476,1,4,1715720075,2024-05-14,30,M
100000477,6,333,1715689044,2024-05-14,29,M
100000478,7,555,1715785629,2024-05-15,33,F
100000479,9,555,1715790050,2024-05-15,43,F
100000480,111,5,1715810828,2024-05-15,25,M
100000478,7,555,1715785629,2024-05-15,33,F
100000481,555,444,1715837332,2024-05-16,28,M
100000482,6 ,333 ,1715854654,2024-05-16,33,M
100000483,4,2,1715867774,2024-05-16,32,M
100000484,999,333,1715982021,2024-05-17,30,M
100000485,6,4,1715980231,2024-05-17,40,M
100000486,1,3,1715961617,2024-05-17,35,M
100000487,5,3,1716070323,2024-05-18,31,M
100000488,555,4,1716063620,2024-05-18,42,M
100000489,9,222,1716036660,2024-05-18,37,M
100000490,666,111,1716158490,2024-05-19,27,M
100000491,5,444,1716092852,2024-05-19,28,M
100000492,2 ,4,1716157624,2024-05-19,41,M
100000491,5,444,1716092852,2024-05-19,28,M
100000493,777,444,1716198699,2024-05-20,34,M
100000494,444,2,1716209844,2024-05-20,27,F
100000495,222,1,1716197575,2024-05-20,33,M
100000496,4,222 ,1716245579,2024-05-20,25,F
100000497,2,333,1716246261,2024-05-20,32,F
100000498,5,4,1716281778,2024-05-21,40,F
100000499,999,4,1716304253,2024-05-21,44,M
100000500,8,444,1716250586,2024-05-21,31,M
100000501,4,3,1716290451,2024-05-21,37,M
100000502,2,3 ,1716383570,2024-05-22,34,M
100000503,6,2,1716347210,2024-05-22,34,M
100000504,5,5,1716369995,2024-05-22,39,M
100000505,9,555,1716392795,2024-05-22,37,F
100000506,111,4,1716440457,2024-05-23,39,M
100000507,8,4,1716478352,2024-05-23,40,F
100000508,1,1 ,1716444853,2024-05-23,35,F
100000509,5,2,1716594364,2024-05-24,40,M
100000510,3 ,333,1716529508,2024-05-24,31,M
100000511,9,1,1716548491,2024-05-24,26,F
100000512,111,2,1716608469,2024-05-25,27,M
100000513,3,4,1716607475,2024-05-25,40,F
100000514,9,4,1716664473,2024-05-25,36,M
100000515,4,5,1716615610,2024-05-25,27,F
100000516,4,1,1716705885,2024-05-26,27,F
100000517,6,222,1716759984,2024-05-26,26,M
100000518,1,4,1716702971,2024-05-26,27,M
100000519,8,4,1716796788,2024-05-27,35,F
100000520,4,4,1716792813,2024-05-27,42,F
100000521,3,555,1716777255,2024-05-27,41,F
100000522,7,333,1716818803,2024-05-27,29,F
100000523,6,333,1716857012,2024-05-28,30,M
100000524,5,3,1716904568,2024-05-28,27,M
100000525,6,222,1716925960,2024-05-28,32,M
100000526,6,2 ,1716858331,2024-05-28,37,M
100000527,222,5,1716954051,2024-05-29,40,F
100000528,6,5,1716969477,2024-05-29,27,M
100000529,9,333,1716993158,2024-05-29,32,M
100000530,3,1,1717042419,2024-05-30,44,F
100000531,7,3,1717083594,2024-05-30,37,M
100000532,222 ,1 ,1717035818,2024-05-30,25,M
100000533,5 ,3,1717139350,2024-05-31,37,M
100000534,6,1,1717192937,2024-05-31,22,M
100000535,777,3,1717150425,2024-05-31,27,M
100000536,6 ,1,1717245718,2024-06-01,30,F
100000537,555,3,1717229204,2024-06-01,27,M
100000538,5,1,1717262155,2024-06-01,36,M
100000539,1,2,1717295385,2024-06-02,28,M
100000540,9,4,1717341679,2024-06-02,29,F
100000541,2,3,1717302030,2024-06-02,31,F
100000542,111,111,1717338937,2024-06-02,43,M
100000543,1 ,333,1717315205,2024-06-02,36,M
100000544,2,5,1717456171,2024-06-03,38,F
100000545,333,4,1717457295,2024-06-03,40,M
100000546,2,4,1717429800,2024-06-03,30,F
100000547,2,1,1717457431,2024-06-03,37,M
100000548,4 ,2,1717437680,2024-06-03,33,F
100000549,222,4,1717388110,2024-06-03,30,M
100000550,111,5,1717422259,2024-06-03,32,F
100000551,222,333,1717530132,2024-06-04,34,M
100000552,1,4,1717515690,2024-06-04,33,M
100000553,333,333,1717531744,2024-06-04,48,F
100000554,9,333,1717507590,2024-06-04,27,M
100000555,111,3,1717581803,2024-06-05,27,F
100000556,333,4,1717562484,2024-06-05,33,F
100000557,2,555,1717560509,2024-06-05,35,M
100000558,222,1 ,1717630212,2024-06-05,43,M
100000559,888,4,1717563732,2024-06-05,35,M
100000560,555,3,1717563387,2024-06-05,26,F
100000561,6,111,1717653621,2024-06-06,27,M
100000562,5,1 ,1717659855,2024-06-06,20,M
100000563,999,1,1717700905,2024-06-06,36,M
100000564,3,333,1717755138,2024-06-07,37,M
100000565,333,2,1717763798,2024-06-07,35,M
100000566,2,333,1717786784,2024-06-07,31,F
100000567,5,444,1717775507,2024-06-07,44,M
100000568,7,444,1717845692,2024-06-08,32,M
100000569,7 ,333,1717863205,2024-06-08,37,F
100000570,5,2,1717815212,2024-06-08,46,M
100000571,5,222 ,1717971923,2024-06-09,34,M
100000572,999,333 ,1717945170,2024-06-09,33,M
100000573,888,222,1717930765,2024-06-09,31,M
100000574,7,4,1717958630,2024-06-09,39,F
100000575,3,3,1718054293,2024-06-10,33,M
100000576,5,2,1718043378,2024-06-10,31,M
100000577,9,3,1718059625,2024-06-10,41,M
100000578,9,4,1718095615,2024-06-11,41,M
100000579,6,555,1718135414,2024-06-11,30,M
100000580,8,2,1718091991,2024-06-11,24,F
100000581,3,222,1718156398,2024-06-12,41,F
100000582,555 ,3,1718209388,2024-06-12,30,F
100000583,6,1,1718226274,2024-06-12,36,M
100000584,666 ,4,1718224004,2024-06-12,45,M
100000585,2,3,1718176465,2024-06-12,34,M
100000586,6 ,222,1718288215,2024-06-13,22,F
100000587,4,2,1718259303,2024-06-13,33,F
100000588,8,3,1718311643,2024-06-13,25,M
100000589,2,1,1718295660,2024-06-13,34,M
100000590,4,5 ,1718379019,2024-06-14,36,M
100000591,3 ,444,1718379744,2024-06-14,34,M
100000592,666,4,1718383613,2024-06-14,30,M
100000593,4,111,1718360153,2024-06-14,36,F
100000594,1,3,1718391271,2024-06-14,39,F
100000595,2,2,1718456187,2024-06-15,35,F
100000596,5,3,1718476204,2024-06-15,38,M
100000597,888,2,1718477132,2024-06-15,41,M
100000598,5,3 ,1718496310,2024-06-16,32,F
100000599,666,111,1718572013,2024-06-16,28,M
100000600,444,4,1718519516,2024-06-16,32,F
100000601,2,444,1718519243,2024-06-16,40,M
100000602,999,222,1718577824,2024-06-16,34,F
100000603,7,222,1718619597,2024-06-17,32,M
100000604,555,2,1718620580,2024-06-17,28,M
100000605,4,222,1718652112,2024-06-17,41,F
100000606,5,4,1718703968,2024-06-18,36,M
100000607,6,2,1718713038,2024-06-18,25,M
100000608,666,444,1718691297,2024-06-18,46,M
100000609,2,2,1718827494,2024-06-19,34,M
100000610,3,444,1718817703,2024-06-19,38,F
100000611,3,111,1718792340,2024-06-19,30,M
100000612,3,333,1718816419,2024-06-19,34,M
100000613,999,2,1718918695,2024-06-20,40,M
100000614,555,444,1718912826,2024-06-20,42,F
100000615,3,1,1718905408,2024-06-20,34,F
100000616,9,2,1718918229,2024-06-20,43,F
100000617,333,1,1718874440,2024-06-20,38,M
100000618,8,3,1718938287,2024-06-21,29,M
100000619,5,222,1718957935,2024-06-21,32,M
100000620,222,222,1718995222,2024-06-21,39,M
100000621,8,222 ,1718945763,2024-06-21,41,M
100000622,4,555,1719046570,2024-06-22,30,M
100000623,888,5,1719037841,2024-06-22,23,M
100000624,444 ,2,1719025729,2024-06-22,35,M
100000625,8,555,1719081022,2024-06-22,47,M
100000626,999,2,1719170632,2024-06-23,22,M
100000627,6,555,1719180755,2024-06-23,34,M
100000628,5,4,1719184412,2024-06-23,33,M
100000629,3,444 ,1719254762,2024-06-24,35,M
100000630,777,333,1719197736,2024-06-24,37,M
100000631,8,3 ,1719211982,2024-06-24,31,M
100000632,666,3 ,1719331976,2024-06-25,28,M
100000633,333,1,1719347213,2024-06-25,24,F
100000634,888,5,1719319036,2024-06-25,28,M
100000635,444,2,1719301717,2024-06-25,34,M
100000636,555,4,1719312841,2024-06-25,31,F
100000637,5,4,1719309424,2024-06-25,39,M
100000638,666,333,1719440625,2024-06-26,36,M
100000639,444,444,1719436273,2024-06-26,28,F
100000640,3,4,1719383069,2024-06-26,27,M
100000641,1 ,2,1719465862,2024-06-27,30,M
100000642,4,222,1719484676,2024-06-27,38,F
100000643,888,333,1719527871,2024-06-27,26,M
100000644,3,333,1719479166,2024-06-27,35,F
100000645,333,1,1719591397,2024-06-28,40,F
100000646,3,5,1719560268,2024-06-28,30,M
100000647,3,4,1719579653,2024-06-28,29,F
100000648,2,1,1719583123,2024-06-28,24,M
100000649,5,333,1719642048,2024-06-29,34,F
100000650,2,222,1719674526,2024-06-29,38,M
100000651,666,2 ,1719690317,2024-06-29,39,M
100000652,111,333,1719788156,2024-06-30,30,F
100000653,222,3,1719758715,2024-06-30,34,M
100000654,3,5,1719780153,2024-06-30,28,M
100000655,999,1,1719855386,2024-07-01,29,M
100000656,444,444,1719833770,2024-07-01,18,M
100000657,6 ,1,1719859237,2024-07-01,35,M
100000658,7,5 ,1719885146,2024-07-02,27,F
100000659,3,5,1719916651,2024-07-02,22,M
100000660,9,2,1719902940,2024-07-02,37,F
100000661,888,5,1720032203,2024-07-03,36,F
100000662,555,1,1720026826,2024-07-03,40,F
100000663,4,4,1720034946,2024-07-03,23,M
100000664,6 ,3,1720078111,2024-07-04,34,F
100000665,1,111,1720051689,2024-07-04,31,F
100000666,2 ,3,1720112173,2024-07-04,28,M
100000667,3,2,1720112177,2024-07-04,34,M
100000668,777,1,1720168848,2024-07-05,30,M
100000669,8,444 ,1720205665,2024-07-05,29,M
100000670,111,444,1720199176,2024-07-05,29,F
100000671,5,555,1720233469,2024-07-06,33,F
100000672,2,1,1720291017,2024-07-06,26,M
100000673,4,3,1720307420,2024-07-06,19,F
100000674,1,444,1720282541,2024-07-06,29,F
100000675,3,5,1720241111,2024-07-06,35,M
100000676,2,555,1720238911,2024-07-06,32,M
100000677,7 ,222,1720373453,2024-07-07,35,M
100000678,1,222,1720310658,2024-07-07,34,F
100000679,333 ,222,1720381879,2024-07-07,37,M
100000680,9,444 ,1720386155,2024-07-07,30,F
100000681,8,2,1720398606,2024-07-08,42,M
100000682,9,2,1720463555,2024-07-08,36,M
100000683,2,3,1720422180,2024-07-08,27,F
100000684,3,5,1720410992,2024-07-08,31,M
100000685,2,3,1720517857,2024-07-09,31,M
100000686,4,444,1720526242,2024-07-09,38,M
100000687,888,2,1720567450,2024-07-09,30,F
100000688,111,4,1720545679,2024-07-09,35,F
100000689,4,3,1720624821,2024-07-10,42,M
100000690,6,555,1720617170,2024-07-10,40,M
100000691,333,4,1720603751,2024-07-10,30,F
100000692,3,1,1720647712,2024-07-10,40,M
100000693,444,333 ,1720704311,2024-07-11,46,M
100000694,444,2,1720687145,2024-07-11,31,F
100000695,8,1,1720713213,2024-07-11,33,F
100000696,555,111,1720691458,2024-07-11,43,M
100000697,5 ,2,1720826959,2024-07-12,40,M
100000698,3,1,1720756112,2024-07-12,32,F
100000699,9,444,1720820152,2024-07-12,27,M
100000700,7,3,1720791041,2024-07-12,38,M
100000701,6 ,3,1720890046,2024-07-13,27,F
100000702,2,555,1720887787,2024-07-13,37,F
100000703,2,333,1720902883,2024-07-13,47,M
100000704,8,5,1720946556,2024-07-14,34,M
100000705,5,555,1720948190,2024-07-14,32,M
100000706,6,5,1720988693,2024-07-14,34,F
100000707,3 ,2,1720931400,2024-07-14,35,F
100000708,888,333,1721024840,2024-07-15,37,M
100000709,9,444,1721040576,2024-07-15,27,M
100000710,3 ,444,1721011544,2024-07-15,34,M
100000711,1,4,1721033162,2024-07-15,29,M
100000712,6,5,1721163037,2024-07-16,26,M
100000713,4 ,5 ,1721156479,2024-07-16,24,M
100000714,888,2,1721172240,2024-07-16,32,F
100000715,3,5,1721096058,2024-07-16,32,M
100000716,333,5,1721175907,2024-07-17,27,F
100000717,2,4,1721226878,2024-07-17,22,M
100000718,111,2,1721201398,2024-07-17,25,M
100000719,111,111,1721212548,2024-07-17,36,M
100000720,4,3 ,1721235210,2024-07-17,40,M
100000721,999 ,3,1721225951,2024-07-17,30,M
100000722,4,3,1721190844,2024-07-17,36,M
100000723,4,2,1721316901,2024-07-18,36,F
100000724,2,2,1721281584,2024-07-18,26,M
100000725,7,4,1721270808,2024-07-18,36,F
100000726,444,222,1721366889,2024-07-19,44,M
100000727,5,2,1721347258,2024-07-19,38,M
100000728,7,3,1721398848,2024-07-19,33,F
100000729,333,444,1721357066,2024-07-19,49,M
100000730,222 ,2,1721432301,2024-07-19,45,M
100000731,111,1,1721371715,2024-07-19,36,M
100000732,4,1,1721438327,2024-07-20,35,M
100000733,111,444,1721435843,2024-07-20,32,M
100000734,6,5,1721509466,2024-07-20,31,M
100000735,1,4,1721460242,2024-07-20,33,F
100000736,3,3,1721585526,2024-07-21,36,M
100000737,2,5 ,1721577207,2024-07-21,40,F
100000738,888 ,5,1721540562,2024-07-21,26,F
100000739,444,555,1721521775,2024-07-21,31,F
100000740,777,222,1721619994,2024-07-22,27,F
100000741,555,222,1721666683,2024-07-22,27,F
100000742,555,444,1721680698,2024-07-22,32,F
100000743,3,444,1721700279,2024-07-23,30,F
100000744,3,333,1721702120,2024-07-23,31,M
100000745,6,222,1721767304,2024-07-23,24,M
100000746,3,2,1721800937,2024-07-24,33,M
100000747,666 ,5,1721853375,2024-07-24,27,M
100000748,444,111,1721783216,2024-07-24,39,M
100000749,4,4,1721845373,2024-07-24,35,M
100000750,111,555,1721800161,2024-07-24,37,M
100000751,666,4,1721918594,2024-07-25,40,F
100000752,555,4 ,1721883911,2024-07-25,34,F
100000753,6,4,1721879964,2024-07-25,44,M
100000754,4,444 ,1721923994,2024-07-25,43,F
100000755,333,333 ,1721878128,2024-07-25,42,M
100000756,333,111,1722013477,2024-07-26,21,M
100000757,777 ,5,1722014047,2024-07-26,34,M
100000758,555,333,1721979949,2024-07-26,33,M
100000759,333,111,1722093635,2024-07-27,38,M
100000760,2,111,1722044748,2024-07-27,31,M
100000761,2 ,444 ,1722104520,2024-07-27,29,F
100000762,4,3,1722129030,2024-07-28,42,F
100000763,7,3,1722148418,2024-07-28,38,M
100000764,666,5,1722132379,2024-07-28,23,M
100000765,1,111,1722173632,2024-07-28,35,F
100000766,6,4,1722219488,2024-07-29,28,F
100000767,4,444,1722265993,2024-07-29,33,F
100000768,1,444 ,1722229244,2024-07-29,24,F
100000769,999,4,1722224936,2024-07-29,30,M
100000770,2,2,1722328183,2024-07-30,37,M
100000771,2,222,1722345678,2024-07-30,39,M
100000772,1,3,1722379726,2024-07-30,37,M
100000773,9,1,1722349172,2024-07-30,35,M
100000774,3,3,1722462856,2024-07-31,46,M
100000775,666,1,1722415223,2024-07-31,34,M
100000776,7,1,1722414691,2024-07-31,28,F
100000777,9,5,1722459703,2024-07-31,30,M
100000778,2,333 ,1722549942,2024-08-01,35,F
100000779,6,3,1722506235,2024-08-01,28,F
100000780,3 ,3,1722514591,2024-08-01,30,F
100000781,444,2,1722527594,2024-08-01,30,M
100000782,777,3,1722609943,2024-08-02,34,M
100000783,111,1 ,1722630235,2024-08-02,31,M
100000784,4,222,1722614636,2024-08-02,26,M
100000785,666,1,1722700140,2024-08-03,39,F
100000786,222,111,1722686588,2024-08-03,40,F
100000787,333 ,5,1722688788,2024-08-03,32,F
100000788,3,555,1722645177,2024-08-03,27,M
100000789,333,444,1722752316,2024-08-04,29,M
100000790,5,4 ,1722780201,2024-08-04,35,M
100000791,9,1,1722803397,2024-08-04,34,M
100000792,3,4,1722847143,2024-08-05,29,F
100000793,3,4,1722850549,2024-08-05,30,M
100000794,5,2,1722885055,2024-08-05,24,F
100000795,1,222,1722899870,2024-08-05,37,M
100000796,2,5,1722849837,2024-08-05,29,F
100000797,222,222,1722950679,2024-08-06,35,M
100000798,222,333,1722923090,2024-08-06,25,M
100000799,6,222,1722911450,2024-08-06,25,F
100000800,111,444,1722989497,2024-08-07,38,M
100000801,1,3,1722997692,2024-08-07,32,F
100000802,1,333,1723024977,2024-08-07,32,M
100000803,111,333,1723145918,2024-08-08,26,M
100000804,222,5,1723139361,2024-08-08,31,M
100000805,1 ,2,1723107620,2024-08-08,36,M
100000806,5,333,1723195947,2024-08-09,31,M
100000807,7,222,1723241606,2024-08-09,45,M
100000808,888,2,1723229594,2024-08-09,45,F
100000809,6,111,1723198624,2024-08-09,38,M
100000810,8,3,1723223868,2024-08-09,39,M
100000811,4,333,1723229635,2024-08-09,30,M
100000812,8 ,444,1723172704,2024-08-09,23,M
100000813,3,1,1723262011,2024-08-10,25,M
100000814,444,111,1723269186,2024-08-10,45,M
100000815,1,5,1723282466,2024-08-10,42,F
100000816,666,3,1723255616,2024-08-10,37,M
100000817,111,111 ,1723390394,2024-08-11,35,M
100000818,222,5,1723343594,2024-08-11,37,F
100000819,444 ,222,1723336673,2024-08-11,40,M
100000820,8,222,1723336220,2024-08-11,29,M
100000821,3,1,1723396517,2024-08-11,38,M
100000822,8,5,1723347447,2024-08-11,36,F
100000823,222,333,1723368463,2024-08-11,32,M
100000824,7,111,1723472649,2024-08-12,39,M
100000825,4,3,1723442312,2024-08-12,46,F
100000826,333,555,1723429945,2024-08-12,44,M
100000827,999,333,1723459612,2024-08-12,34,M
100000828,6,333,1723431288,2024-08-12,34,M
100000829,9,1,1723586175,2024-08-13,34,F
100000830,7,222,1723561308,2024-08-13,38,F
100000831,2,222,1723517165,2024-08-13,28,M
100000832,7,333,1723572259,2024-08-13,36,M
100000833,666,2,1723529918,2024-08-13,29,M
100000834,666,222,1723613512,2024-08-14,38,M
100000835,6,555,1723639981,2024-08-14,27,M
100000836,9,1,1723606900,2024-08-14,51,M
100000837,5,4,1723596769,2024-08-14,42,M
100000838,111,2,1723600476,2024-08-14,37,M
100000839,2,1,1723728109,2024-08-15,26,F
100000840,5,333,1723726649,2024-08-15,40,M
100000841,5,111,1723722019,2024-08-15,24,M
100000842,5,2,1723839305,2024-08-16,42,M
100000843,444,111,1723829489,2024-08-16,37,F
100000844,111,5,1723812999,2024-08-16,29,F
100000845,222,5,1723770794,2024-08-16,23,M
100000846,6,5,1723809775,2024-08-16,21,F
100000847,1,1 ,1723786239,2024-08-16,46,F
100000848,999,222,1723788450,2024-08-16,26,F
100000849,3,4,1723895305,2024-08-17,25,M
100000850,6,2,1723888120,2024-08-17,28,M
100000851,777,3,1723856246,2024-08-17,33,F
100000852,666,1,1723948831,2024-08-18,38,F
100000853,6,111,1723973318,2024-08-18,43,M
100000854,333 ,555,1724008656,2024-08-18,41,M
100000855,111,1,1724015616,2024-08-18,31,F
100000856,6,444,1724009342,2024-08-18,39,M
100000857,999,333,1724031867,2024-08-19,33,F
100000858,1,222,1724074089,2024-08-19,21,M
100000859,9,1 ,1724081282,2024-08-19,34,M
100000860,9,3,1724063405,2024-08-19,32,F
100000861,6,3,1724122678,2024-08-20,47,M
100000862,4,222,1724178192,2024-08-20,31,M
100000863,3,4,1724183221,2024-08-20,30,M
100000864,2,5,1724134541,2024-08-20,30,M
100000865,2,2,1724129552,2024-08-20,28,M
100000866,444,555 ,1724258506,2024-08-21,49,M
100000867,6,4,1724221682,2024-08-21,38,M
100000868,111,2,1724275777,2024-08-21,31,M
100000869,888,2,1724250205,2024-08-21,24,F
100000870,1,555,1724345795,2024-08-22,38,M
100000871,5,2,1724298695,2024-08-22,38,M
100000872,222,111,1724291538,2024-08-22,34,M
100000870,1,555,1724345795,2024-08-22,38,M
100000872,222,111,1724291538,2024-08-22,34,M
100000873,1,111,1724372813,2024-08-23,35,F
100000874,1,111,1724402048,2024-08-23,42,F
100000875,5,3,1724425577,2024-08-23,28,F
100000876,3,1,1724440080,2024-08-23,29,F
100000877,6,333,1724409630,2024-08-23,32,F
100000878,5,444,1724400846,2024-08-23,36,M
100000879,5,3,1724523124,2024-08-24,23,M
100000880,9,333,1724521748,2024-08-24,36,F
100000881,1,333,1724542154,2024-08-24,37,F
100000882,6,555,1724609773,2024-08-25,31,F
100000883,888,555 ,1724565819,2024-08-25,32,M
100000884,2,111,1724570812,2024-08-25,30,F
100000885,2,111,1724569643,2024-08-25,27,F
100000886,111,5 ,1724691495,2024-08-26,39,M
100000887,666,333,1724714246,2024-08-26,44,M
100000888,4 ,3,1724663349,2024-08-26,31,M
100000889,222,333,1724697897,2024-08-26,33,M
100000890,333,5,1724780952,2024-08-27,31,M
100000891,6,333,1724726770,2024-08-27,34,M
100000892,2,1,1724735376,2024-08-27,42,M
100000893,9 ,1,1724798572,2024-08-27,24,M
100000894,6,4,1724747760,2024-08-27,36,M
100000895,6,3,1724821231,2024-08-28,47,M
100000896,111 ,1,1724848947,2024-08-28,35,M
100000897,444,1 ,1724806241,2024-08-28,33,M
100000898,333,3,1724960321,2024-08-29,43,M
100000899,888,5,1724901485,2024-08-29,42,M
100000900,111,3,1724937520,2024-08-29,31,M
100000901,888,2,1724962249,2024-08-29,33,F
100000902,666,5,1724889697,2024-08-29,27,M
100000903,444,222,1724994759,2024-08-30,30,F
100000904,4,333 ,1725006537,2024-08-30,40,F
100000905,222,2,1724999836,2024-08-30,30,M
100000906,7,4,1724989382,2024-08-30,30,F
100000907,7,333,1725038729,2024-08-30,35,F
100000908,8,2,1725074248,2024-08-31,46,F
100000909,666,2,1725091012,2024-08-31,28,M
100000910,999,5,1725119163,2024-08-31,27,F
100000911,222,111,1725123775,2024-08-31,28,M
100000912,2,555,1725133354,2024-08-31,44,M
100000913,888,5 ,1725149452,2024-09-01,42,M
100000914,1,222,1725154257,2024-09-01,23,M
100000915,5,222,1725163768,2024-09-01,33,M
100000916,3,3,1725215500,2024-09-01,38,M
100000917,3,111,1725155233,2024-09-01,39,F
100000918,5,2,1725199436,2024-09-01,29,F
100000919,5,1 ,1725320057,2024-09-02,34,M
100000920,888 ,2,1725311946,2024-09-02,29,F
100000921,555,2 ,1725290760,2024-09-02,31,M
100000922,5,444,1725314890,2024-09-02,29,F
100000923,666,444,1725387727,2024-09-03,35,F
100000924,111,2,1725357295,2024-09-03,40,M
100000925,5,111,1725366595,2024-09-03,20,F
100000926,6,3,1725459628,2024-09-04,24,F
100000927,444,2,1725480002,2024-09-04,37,M
100000928,111,4,1725445635,2024-09-04,30,M
100000929,4,222,1725543182,2024-09-05,51,F
100000930,3,222,1725505529,2024-09-05,40,M
100000931,777,555 ,1725526714,2024-09-05,39,M
100000932,6,222,1725534102,2024-09-05,36,M
100000933,5,2,1725665403,2024-09-06,35,M
100000934,222,5,1725629115,2024-09-06,37,M
100000935,2,2,1725604463,2024-09-06,32,M
100000936,4,4,1725627814,2024-09-06,39,F
100000937,111,4,1725600680,2024-09-06,30,F
100000938,1,4,1725726242,2024-09-07,40,M
100000939,6,4,1725675412,2024-09-07,36,M
100000940,5,2,1725742833,2024-09-07,35,M
100000941,3,555,1725734193,2024-09-07,33,F
100000942,2,4 ,1725835392,2024-09-08,46,F
100000943,444,2,1725838837,2024-09-08,30,M
100000944,333 ,4,1725790433,2024-09-08,31,M
100000945,222,555,1725801742,2024-09-08,28,M
100000946,4 ,222 ,1725792207,2024-09-08,30,M
100000947,2,4,1725783836,2024-09-08,31,M
100000948,666,1,1725823991,2024-09-08,34,F
100000949,6,3 ,1725870356,2024-09-09,35,M
100000950,3,1,1725915053,2024-09-09,38,M
100000951,888,1,1725877052,2024-09-09,34,M
100000952,4,111,1725881197,2024-09-09,36,M
100000953,999,222,1725995327,2024-09-10,31,F
100000954,333,2,1725948038,2024-09-10,38,M
100000955,4,4,1725962367,2024-09-10,27,M
100000956,222,111,1725998772,2024-09-10,31,M
100000957,222,222,1725966902,2024-09-10,35,M
100000958,5,555,1726098293,2024-09-11,27,F
100000959,111,4,1726096145,2024-09-11,39,F
100000960,5,333,1726034002,2024-09-11,32,M
100000961,4,5,1726162694,2024-09-12,33,M
100000962,9,555,1726137824,2024-09-12,36,M
100000963,111,555,1726161306,2024-09-12,38,M
100000964,333,4,1726164572,2024-09-12,38,M
100000965,222,4,1726144970,2024-09-12,31,M
100000961,4,5,1726162694,2024-09-12,33,M
100000963,111,555,1726161306,2024-09-12,38,M
100000966,5,2,1726229639,2024-09-13,36,F
100000967,5 ,4,1726213051,2024-09-13,33,M
100000968,444,555,1726194720,2024-09-13,33,F
100000969,777,222,1726238795,2024-09-13,38,M
100000970,555,444,1726259687,2024-09-13,34,M
100000971,4,333,1726197378,2024-09-13,21,F
100000972,5,444,1726252228,2024-09-13,34,M
100000973,9,1,1726310354,2024-09-14,40,M
100000974,4,4,1726349226,2024-09-14,28,M
100000975,888,4,1726333003,2024-09-14,48,M
100000976,4,4,1726333435,2024-09-14,31,M
100000977,2,333,1726298230,2024-09-14,37,M
100000978,1,2,1726296052,2024-09-14,28,F
100000979,555,1,1726272942,2024-09-14,35,M
100000980,5,3,1726393103,2024-09-15,32,F
100000981,4,444,1726401406,2024-09-15,33,M
100000982,1,3,1726369435,2024-09-15,41,M
100000983,8 ,3,1726424433,2024-09-15,40,M
100000984,777,1 ,1726395957,2024-09-15,37,M
100000985,111,555,1726431519,2024-09-15,35,F
100000986,444,4,1726427162,2024-09-15,27,F
100000987,3,1,1726517179,2024-09-16,40,M
100000988,5,2,1726467268,2024-09-16,34,M
100000989,555,222,1726523772,2024-09-16,28,M
100000990,777,555,1726460487,2024-09-16,42,F
100000991,222 ,444,1726514659,2024-09-16,49,M
100000992,4,444,1726540313,2024-09-17,24,M
100000993,333,5,1726559195,2024-09-17,33,M
100000994,222,1,1726564086,2024-09-17,37,F
100000995,6,222 ,1726550225,2024-09-17,33,M
100000996,333,555,1726610494,2024-09-17,32,M
100000994,222,1,1726564086,2024-09-17,37,F
100000993,333,5,1726559195,2024-09-17,33,M
100000997,1,555,1726633167,2024-09-18,35,M
100000998,222,3,1726680604,2024-09-18,31,M
100000999,1,3,1726702865,2024-09-18,33,F
100001000,111,5,1726638206,2024-09-18,43,M
100001001,1,111,1726722367,2024-09-19,44,M
100001002,4,444,1726717183,2024-09-19,40,M
100001003,7,3,1726745180,2024-09-19,31,F
100001004,222,3,1726825541,2024-09-20,25,M
100001005,2,111,1726810279,2024-09-20,36,M
100001006,6 ,2,1726844470,2024-09-20,34,M
100001007,8,333,1726792605,2024-09-20,33,M
100001008,4,2,1726952238,2024-09-21,27,M
100001009,111,5,1726907589,2024-09-21,28,M
100001010,4,3,1726921148,2024-09-21,31,F
100001011,1,555,1726923707,2024-09-21,42,M
100001012,5,3,1726880185,2024-09-21,27,M
100001013,999,3,1726945171,2024-09-21,30,F
100001014,4,4,1726968480,2024-09-22,40,F
100001015,333,3,1727023648,2024-09-22,27,M
100001016,333,2,1727035854,2024-09-22,31,F
100001017,2,222,1727030232,2024-09-22,39,M
100001018,4,1,1727118400,2024-09-23,31,F
100001019,5,3,1727093930,2024-09-23,38,M
100001020,9,5 ,1727089206,2024-09-23,34,F
100001020,9,5 ,1727089206,2024-09-23,34,F
100001021,7,5,1727162323,2024-09-24,38,M
100001022,9,4,1727202554,2024-09-24,34,M
100001023,5,222,1727198111,2024-09-24,35,M
100001024,777,333,1727235906,2024-09-25,38,M
100001025,1,3,1727244827,2024-09-25,35,M
100001026,444,3,1727292441,2024-09-25,36,F
100001027,5,2,1727362408,2024-09-26,33,F
100001028,9,555,1727329911,2024-09-26,29,M
100001029,111 ,2,1727309845,2024-09-26,34,M
100001030,9,2,1727389126,2024-09-26,36,M
100001031,5,555,1727365258,2024-09-26,26,M
100001032,444,3,1727408992,2024-09-27,26,M
100001033,444,1,1727437833,2024-09-27,27,M
100001034,5,444,1727462339,2024-09-27,33,M
100001035,555,444,1727445950,2024-09-27,28,M
100001036,8,1,1727408036,2024-09-27,36,M
100001037,7,111,1727459450,2024-09-27,43,F
100001038,3,111,1727559864,2024-09-28,39,M
100001039,111,3,1727528720,2024-09-28,29,M
100001040,5,3,1727553008,2024-09-28,35,M
100001041,3,555,1727511302,2024-09-28,34,F
100001042,8,3 ,1727527458,2024-09-28,27,M
100001043,6,3,1727599842,2024-09-29,36,M
100001044,4,222,1727636306,2024-09-29,38,M
100001045,333,4,1727645288,2024-09-29,33,M
100001046,888 ,1,1727630509,2024-09-29,40,F
100001047,1,2,1727632215,2024-09-29,36,F
100001048,666,3,1727710261,2024-09-30,37,M
100001049,555 ,111,1727725510,2024-09-30,18,F
100001050,333,1,1727725488,2024-09-30,42,M
100001051,9,4,1727687989,2024-09-30,31,M
100001052,2,555,1727731399,2024-09-30,31,M
100001053,111,222,1727800770,2024-10-01,31,M
100001054,999,2,1727754948,2024-10-01,41,M
100001055,3,444 ,1727810300,2024-10-01,43,M
100001056,6,222,1727847693,2024-10-02,43,F
100001057,4,555,1727898252,2024-10-02,35,F
100001058,666 ,2,1727836724,2024-10-02,35,M
100001059,4,111,1727930381,2024-10-03,44,F
100001060,4,2,1727933002,2024-10-03,27,M
100001061,111,444,1727998416,2024-10-03,34,M
100001062,888 ,3,1728016646,2024-10-04,24,M
100001063,3,1,1728067912,2024-10-04,31,M
100001064,9,2,1728041767,2024-10-04,34,M
100001065,2,111,1728010801,2024-10-04,34,M
100001066,2,222,1728086086,2024-10-04,23,F
100001067,3,5,1728072071,2024-10-04,31,M
100001068,444,2,1728128394,2024-10-05,37,M
100001069,5,333,1728106277,2024-10-05,50,F
100001070,1,444,1728145417,2024-10-05,28,F
100001071,1 ,222,1728134866,2024-10-05,30,M
100001072,1,333,1728094697,2024-10-05,33,M
100001073,111,4,1728258972,2024-10-06,32,F
100001074,2,5,1728213816,2024-10-06,40,F
100001075,666,1 ,1728250734,2024-10-06,40,M
100001076,3,1,1728294988,2024-10-07,21,M
100001077,777,5,1728309240,2024-10-07,40,M
100001078,2 ,1,1728333376,2024-10-07,30,M
100001079,8,222,1728282790,2024-10-07,40,F
100001080,555,555,1728413411,2024-10-08,40,M
100001081,555,5,1728360587,2024-10-08,31,F
100001082,6,3 ,1728428477,2024-10-08,32,M
100001083,7 ,111,1728355027,2024-10-08,46,F
100001084,6 ,3,1728348386,2024-10-08,33,M
100001085,4,1,1728467277,2024-10-09,38,F
100001086,2,5,1728479727,2024-10-09,36,M
100001087,2,333,1728501429,2024-10-09,35,M
100001088,4,3,1728465191,2024-10-09,30,M
100001089,2,4,1728460087,2024-10-09,36,M
100001090,222,444 ,1728558937,2024-10-10,29,M
100001091,666,222,1728559192,2024-10-10,37,M
100001092,5,2,1728603209,2024-10-10,30,F
100001093,7,333,1728549509,2024-10-10,29,F
100001094,7,111,1728674094,2024-10-11,23,F
100001095,2,222,1728665939,2024-10-11,41,F
100001096,2,3,1728645304,2024-10-11,28,F
100001097,888,111,1728669982,2024-10-11,36,M
100001098,3 ,5,1728628511,2024-10-11,44,F
100001099,444 ,2 ,1728661351,2024-10-11,30,M
100001100,3,3,1728650998,2024-10-11,44,M
100001101,444,4,1728745187,2024-10-12,26,F
100001102,666,1,1728747404,2024-10-12,36,F
100001103,2,111,1728742893,2024-10-12,22,M
100001104,666,444,1728722719,2024-10-12,30,M
100001105,666,4,1728844386,2024-10-13,39,M
100001106,333,444,1728850691,2024-10-13,39,M
100001107,555,5,1728807336,2024-10-13,38,F
100001108,333,222 ,1728911847,2024-10-14,25,M
100001109,3,3,1728934056,2024-10-14,31,M
100001110,5,5,1728870692,2024-10-14,45,F
100001111,222,444,1729003826,2024-10-15,31,M
100001112,333,111,1729032076,2024-10-15,36,M
100001113,777,5,1729008475,2024-10-15,39,M
100001114,6,3 ,1728984991,2024-10-15,42,M
100001115,1,3,1728996399,2024-10-15,32,M
100001116,555,1,1729033138,2024-10-15,39,M
100001117,1,555 ,1729094588,2024-10-16,36,M
100001118,5,111,1729048624,2024-10-16,28,F
100001119,111,4,1729040329,2024-10-16,41,M
100001120,3,4,1729048575,2024-10-16,33,M
100001121,5,222,1729051141,2024-10-16,40,F
100001122,6,4,1729051110,2024-10-16,37,M
100001123,666 ,333,1729204513,2024-10-17,35,F
100001124,6,222 ,1729182266,2024-10-17,27,M
100001125,999,222,1729144294,2024-10-17,35,F
100001126,7,333,1729259845,2024-10-18,38,M
100001127,4,4,1729215933,2024-10-18,31,M
100001128,2,444,1729247228,2024-10-18,21,M
100001129,4,3,1729209684,2024-10-18,44,M
100001130,222,3,1729223707,2024-10-18,47,M
100001131,1,444,1729350805,2024-10-19,33,M
100001132,222,4 ,1729345179,2024-10-19,33,M
100001133,444,3,1729332256,2024-10-19,31,M
100001134,1,333,1729460435,2024-10-20,36,F
100001135,7,4 ,1729445742,2024-10-20,25,M
100001136,888,1,1729395619,2024-10-20,27,F
100001137,111,333,1729555080,2024-10-21,44,M
100001138,6,5,1729518759,2024-10-21,33,F
100001139,9 ,444,1729550481,2024-10-21,35,M
100001140,1,2 ,1729537427,2024-10-21,32,M
100001141,444 ,1 ,1729484344,2024-10-21,27,F
100001138,6,5,1729518759,2024-10-21,33,F
100001142,2,5,1729634089,2024-10-22,25,M
100001143,555,1,1729591654,2024-10-22,34,M
100001144,2,1,1729569504,2024-10-22,31,M
100001145,8,111,1729614153,2024-10-22,39,M
100001146,444,2,1729676371,2024-10-23,32,M
100001147,6,4,1729710903,2024-10-23,39,M
100001148,777,222,1729718242,2024-10-23,27,F
100001149,222,4,1729724689,2024-10-23,30,M
100001150,777,4,1729663711,2024-10-23,44,F
100001151,5 ,2,1729764249,2024-10-24,35,M
100001152,666,1,1729791812,2024-10-24,38,M
100001153,333,555,1729732953,2024-10-24,39,M
100001154,888,3,1729786882,2024-10-24,31,F
100001155,8,222,1729734473,2024-10-24,42,M
100001156,777,333,1729897525,2024-10-25,28,M
100001157,333,2 ,1729831522,2024-10-25,33,M
100001158,2,444,1729861774,2024-10-25,26,M
100001159,555,2,1729857900,2024-10-25,38,M
100001160,999,3,1729861145,2024-10-25,35,M
100001161,555,444 ,1729919724,2024-10-26,34,M
100001162,888 ,1,1729940661,2024-10-26,32,M
100001163,555,1,1729974367,2024-10-26,27,F
100001164,8,333,1729975218,2024-10-26,39,M
100001165,7,3,1730042525,2024-10-27,31,M
100001166,6,555,1730028473,2024-10-27,27,M
100001167,5,4,1730016500,2024-10-27,37,M
100001168,111,3,1730132539,2024-10-28,31,M
100001169,9,3,1730154704,2024-10-28,28,F
100001170,1,2,1730112175,2024-10-28,32,F
100001171,111,4,1730143977,2024-10-28,42,M
100001172,3,333,1730084996,2024-10-28,41,M
100001173,2,555,1730087108,2024-10-28,24,F
100001174,5,3,1730184551,2024-10-29,41,M
100001175,9 ,5,1730202807,2024-10-29,32,M
100001176,666,2,1730246172,2024-10-29,44,M
100001177,4,2,1730243992,2024-10-29,28,F
100001178,7,2,1730187639,2024-10-29,35,F
100001179,7,5,1730168448,2024-10-29,32,M
100001180,6,111,1730166127,2024-10-29,31,F
100001181,666,111,1730271912,2024-10-30,31,M
100001182,666,2,1730270252,2024-10-30,30,F
100001183,666,1,1730329207,2024-10-30,36,M
100001184,333,3,1730275408,2024-10-30,40,F
100001185,888,444,1730346009,2024-10-31,35,M
100001186,5,444,1730378301,2024-10-31,44,M
100001187,888,222,1730334428,2024-10-31,38,F
100001186,5,444,1730378301,2024-10-31,44,M
100001187,888,222,1730334428,2024-10-31,38,F
100001188,666,333,1730483402,2024-11-01,34,F
100001189,6,2,1730426096,2024-11-01,36,F
100001190,555,2 ,1730499916,2024-11-01,38,M
100001191,9,4,1730437214,2024-11-01,42,F
100001192,2,2,1730587855,2024-11-02,32,M
100001193,9,111,1730543574,2024-11-02,34,M
100001194,9,333,1730589315,2024-11-02,32,M
100001195,2,222,1730668406,2024-11-03,32,M
100001196,8,5,1730644056,2024-11-03,33,M
100001197,7,5,1730663303,2024-11-03,36,M
100001198,6,5 ,1730639208,2024-11-03,34,F
100001199,9,444,1730742307,2024-11-04,30,M
100001200,5,222,1730731144,2024-11-04,29,F
100001201,6,1,1730736501,2024-11-04,30,M
100001202,4,111,1730728369,2024-11-04,33,M
100001203,3 ,2,1730710688,2024-11-04,35,F
100001204,333,1,1730773551,2024-11-05,26,M
100001205,2,4,1730808126,2024-11-05,36,M
100001206,2,555,1730826422,2024-11-05,35,M
100001207,4,1,1730782647,2024-11-05,43,F
100001208,1,5,1730795894,2024-11-05,36,M
100001209,3,4,1730842471,2024-11-05,31,M
100001210,999,333,1730900092,2024-11-06,37,M
100001211,7,555,1730909040,2024-11-06,36,F
100001212,1,222,1730866026,2024-11-06,33,M
100001213,6,555,1730934771,2024-11-06,40,M
100001214,3 ,333,1731010499,2024-11-07,36,M
100001215,5,111,1730949804,2024-11-07,34,M
100001216,888 ,1,1730986157,2024-11-07,35,F
100001217,7,111,1731004712,2024-11-07,36,F
100001218,555,1,1730939357,2024-11-07,43,F
100001219,2,222,1731072182,2024-11-08,27,M
100001220,3,555,1731024904,2024-11-08,33,M
100001221,5,4,1731040035,2024-11-08,29,M
100001222,4,333,1731072470,2024-11-08,24,M
100001223,111,2 ,1731099236,2024-11-08,22,M
100001224,6 ,4,1731081144,2024-11-08,29,F
100001225,555 ,5,1731037249,2024-11-08,28,M
100001226,555,333,1731163522,2024-11-09,29,M
100001227,7,3,1731182858,2024-11-09,31,M
100001228,1,333,1731140789,2024-11-09,35,M
100001229,6 ,5,1731129531,2024-11-09,37,M
100001230,222,111,1731141600,2024-11-09,31,F
100001231,666,111,1731259475,2024-11-10,42,M
100001232,1,1,1731234362,2024-11-10,28,M
100001233,3,555,1731202325,2024-11-10,35,M
100001234,5,3,1731297068,2024-11-11,34,M
100001235,3,3,1731288212,2024-11-11,29,M
100001236,444,111,1731317522,2024-11-11,39,M
100001237,222,5,1731329251,2024-11-11,33,M
100001238,8,2,1731284322,2024-11-11,32,F
100001239,5,3,1731454528,2024-11-12,26,F
100001240,6,333,1731414957,2024-11-12,24,M
100001241,3,111,1731430545,2024-11-12,26,F
100001242,555,3,1731441462,2024-11-12,30,M
100001242,555,3,1731441462,2024-11-12,30,M
100001241,3,111,1731430545,2024-11-12,26,F
100001243,444 ,5,1731471290,2024-11-13,34,F
100001244,333,4 ,1731503153,2024-11-13,30,M
100001245,9,2,1731475915,2024-11-13,30,M
100001246,111 ,444,1731556102,2024-11-14,26,M
100001247,1,2,1731566574,2024-11-14,39,M
100001248,5,111,1731546683,2024-11-14,27,M
100001249,8,3,1731568047,2024-11-14,32,M
100001250,333,4,1731655452,2024-11-15,42,F
100001251,1,555,1731674707,2024-11-15,27,F
100001252,333,4,1731635335,2024-11-15,30,M
100001253,1,5,1731692479,2024-11-15,40,M
100001254,2,4,1731694441,2024-11-15,33,M
100001255,444,333,1731655546,2024-11-15,42,F
100001253,1,5,1731692479,2024-11-15,40,M
100001256,8,444,1731765034,2024-11-16,31,F
100001257,333,4,1731718644,2024-11-16,38,M
100001258,777,1,1731731999,2024-11-16,26,F
100001259,6,3,1731767076,2024-11-16,43,F
100001260,222 ,4,1731771490,2024-11-16,34,M
100001261,5,444,1731824794,2024-11-17,32,F
100001262,8,4 ,1731885520,2024-11-17,41,F
100001263,111,2,1731845640,2024-11-17,29,M
100001264,1,3,1731887171,2024-11-17,29,M
100001265,5,444,1731878675,2024-11-17,28,M
100001266,999,444,1731892509,2024-11-18,38,M
100001267,3,4,1731963543,2024-11-18,41,F
100001268,111,5,1731898733,2024-11-18,30,F
100001269,5,5,1731964600,2024-11-18,39,M
100001270,5,4,1732053921,2024-11-19,44,M
100001271,666,222,1732049737,2024-11-19,33,M
100001272,555,444,1731999479,2024-11-19,37,M
100001273,333,444,1732145943,2024-11-20,42,F
100001274,1,2,1732137220,2024-11-20,49,M
100001275,3,111 ,1732124941,2024-11-20,37,M
100001276,4,4,1732071791,2024-11-20,37,F
100001277,4,5,1732165190,2024-11-21,38,M
100001278,7,1 ,1732180346,2024-11-21,38,M
100001279,4,1 ,1732207100,2024-11-21,42,F
100001280,222,5,1732222892,2024-11-21,40,F
100001281,5 ,2,1732218023,2024-11-21,34,M
100001282,4,2,1732295001,2024-11-22,28,F
100001283,5 ,444,1732284350,2024-11-22,30,F
100001284,2,555,1732310578,2024-11-22,35,F
100001285,444,555,1732241415,2024-11-22,33,M
100001286,4 ,4,1732251229,2024-11-22,36,M
100001287,5 ,111,1732243637,2024-11-22,34,M
100001288,888,3,1732250215,2024-11-22,21,M
100001289,7,444,1732405358,2024-11-23,29,F
100001290,666,222,1732324655,2024-11-23,36,M
100001291,333,111,1732404719,2024-11-23,34,M
100001292,2,5,1732326254,2024-11-23,26,M
100001293,4,555,1732459901,2024-11-24,37,F
100001294,555,1,1732491067,2024-11-24,39,M
100001295,3,333,1732428353,2024-11-24,41,M
100001296,4 ,555,1732483971,2024-11-24,41,M
100001297,555,3,1732482404,2024-11-24,38,M
100001298,222,1,1732542361,2024-11-25,42,M
100001299,777,555,1732515240,2024-11-25,31,M
100001300,1,333,1732559491,2024-11-25,30,F
100001301,333,444 ,1732542460,2024-11-25,26,M
100001302,777,111,1732496182,2024-11-25,40,M
100001303,6,444,1732662287,2024-11-26,20,M
100001304,5 ,5,1732580421,2024-11-26,29,M
100001305,111,222,1732662049,2024-11-26,31,M
100001306,3,3,1732652457,2024-11-26,43,M
100001307,4,2,1732629222,2024-11-26,28,F
100001308,8,4,1732623525,2024-11-26,34,M
100001305,111,222,1732662049,2024-11-26,31,M
100001303,6,444,1732662287,2024-11-26,20,M
100001309,333,5,1732744810,2024-11-27,38,M
100001310,2,444,1732728489,2024-11-27,40,M
100001311,7 ,444,1732711113,2024-11-27,39,M
100001312,4,3,1732729117,2024-11-27,34,F
100001313,444 ,3,1732725239,2024-11-27,31,M
100001314,5,5 ,1732717833,2024-11-27,33,M
100001315,666,333,1732837763,2024-11-28,30,F
100001316,4,3,1732807338,2024-11-28,34,M
100001317,2 ,333,1732772726,2024-11-28,35,M
100001318,4,2,1732826895,2024-11-28,35,F
100001319,8,5,1732769691,2024-11-28,40,M
100001320,1,555,1732794102,2024-11-28,36,F
100001321,666,2,1732917205,2024-11-29,39,M
100001322,3,5,1732870550,2024-11-29,28,M
100001323,3,1,1732868784,2024-11-29,35,M
100001324,8,333,1732869824,2024-11-29,35,F
100001325,555,4,1732900228,2024-11-29,41,M
100001326,7 ,333,1732852496,2024-11-29,30,M
100001327,2,5,1732859899,2024-11-29,38,M
100001328,5,1,1732925814,2024-11-30,31,M
100001329,6,2,1732958129,2024-11-30,40,M
100001330,222,555,1733010835,2024-11-30,35,M
100001331,6,333,1732932065,2024-11-30,35,M
100001332,2,333,1733095053,2024-12-01,36,M
100001333,333,3,1733093145,2024-12-01,31,F
100001334,1,555,1733023216,2024-12-01,40,M
100001335,888,4,1733015547,2024-12-01,30,F
100001336,111,444,1733092426,2024-12-01,21,M
100001337,4,333,1733122765,2024-12-02,38,M
100001338,5,1,1733151933,2024-12-02,30,M
100001339,5,2,1733132436,2024-12-02,33,F
100001340,4,222,1733259659,2024-12-03,35,M
100001341,9,2,1733252376,2024-12-03,33,M
100001342,999,2,1733224980,2024-12-03,34,M
100001343,999,222 ,1733204601,2024-12-03,39,M
100001344,1,555,1733248691,2024-12-03,49,M
100001345,3,555,1733193407,2024-12-03,45,M
100001346,3,333,1733271464,2024-12-04,33,M
100001347,3 ,3,1733281109,2024-12-04,30,M
100001348,3,222 ,1733307214,2024-12-04,29,F
100001349,999,3,1733300349,2024-12-04,33,M
100001350,9,4,1733305260,2024-12-04,34,M
100001351,8,333,1733349604,2024-12-04,31,M
100001352,333,2,1733352348,2024-12-04,33,M
100001353,444,5,1733407152,2024-12-05,30,M
100001354,444,444 ,1733399438,2024-12-05,32,F
100001355,2,555,1733370925,2024-12-05,41,M
100001356,6,444,1733409161,2024-12-05,37,M
100001357,4,1,1733425895,2024-12-05,37,F
100001358,8,111,1733433025,2024-12-05,39,M
100001359,222,222,1733389075,2024-12-05,37,F
100001360,222,4,1733500919,2024-12-06,33,F
100001361,555,1,1733454215,2024-12-06,52,M
100001362,333,4 ,1733507956,2024-12-06,40,F
100001363,2,444,1733466857,2024-12-06,27,M
100001364,5,5,1733544348,2024-12-07,35,F
100001365,999 ,1 ,1733538295,2024-12-07,33,M
100001366,5,2,1733563708,2024-12-07,23,M
100001367,222,333,1733598400,2024-12-07,32,M
100001368,666 ,111,1733605996,2024-12-07,31,F
100001369,7 ,111,1733546548,2024-12-07,25,M
100001370,555,2,1733695655,2024-12-08,37,F
100001371,444,1 ,1733696328,2024-12-08,26,F
100001372,2,5,1733617493,2024-12-08,33,F
100001373,5,111,1733762791,2024-12-09,41,F
100001374,6 ,5 ,1733709260,2024-12-09,49,M
100001375,8 ,222,1733734150,2024-12-09,42,F
100001376,6,333,1733744856,2024-12-09,35,M
100001377,333,3,1733741054,2024-12-09,30,M
100001378,2,555,1733754193,2024-12-09,30,M
100001379,4,2,1733832992,2024-12-10,24,F
100001380,8,111 ,1733840511,2024-12-10,27,F
100001381,3,1,1733804595,2024-12-10,26,M
100001382,111,333,1733873497,2024-12-10,43,M
100001383,6,5,1733818522,2024-12-10,27,M
100001384,444,222,1733848760,2024-12-10,45,F
100001385,3,111,1733915819,2024-12-11,34,M
100001386,999,333,1733922104,2024-12-11,42,M
100001387,8,111,1733884904,2024-12-11,38,M
100001388,1,1,1733896390,2024-12-11,28,M
100001389,555,3,1733911641,2024-12-11,41,M
100001390,222,4,1734015737,2024-12-12,30,F
100001391,5,5,1734035089,2024-12-12,28,M
100001392,999 ,333,1734015485,2024-12-12,36,M
100001393,444,111,1734128770,2024-12-13,28,F
100001394,555,3,1734118749,2024-12-13,43,M
100001395,2,2,1734056576,2024-12-13,38,F
100001396,555,4,1734105893,2024-12-13,29,M
100001397,555 ,3,1734109628,2024-12-13,28,M
100001398,4,4,1734110887,2024-12-13,31,M
100001399,888,5 ,1734195094,2024-12-14,36,M
100001400,6,3,1734149124,2024-12-14,25,M
100001401,444,1,1734220578,2024-12-14,27,M
100001402,666,3 ,1734281109,2024-12-15,47,M
100001403,6,3 ,1734303357,2024-12-15,32,M
100001404,2,3,1734262423,2024-12-15,35,M
100001405,777,444,1734223257,2024-12-15,34,M
100001406,666,333,1734254844,2024-12-15,28,M
100001407,1,4,1734226978,2024-12-15,21,M
100001408,8,1,1734247840,2024-12-15,43,M
100001409,2,4,1734330511,2024-12-16,32,F
100001410,3,5,1734351285,2024-12-16,34,F
100001411,3,3 ,1734377594,2024-12-16,32,M
100001412,333,222,1734398426,2024-12-17,36,M
100001413,4,1,1734438568,2024-12-17,30,M
100001414,5,5,1734462826,2024-12-17,24,F
100001415,4,2,1734425807,2024-12-17,34,M
100001416,1,4,1734434202,2024-12-17,26,M
100001417,9 ,2,1734410157,2024-12-17,27,M
100001418,333,555,1734403998,2024-12-17,34,M
100001419,1,3,1734512888,2024-12-18,35,M
100001420,888 ,1,1734534459,2024-12-18,43,F
100001421,444,2,1734543061,2024-12-18,36,F
100001422,222,555,1734544561,2024-12-18,35,F
100001423,9,1,1734501261,2024-12-18,32,F
100001424,2,333,1734580683,2024-12-19,27,M
100001425,666 ,3 ,1734642829,2024-12-19,35,M
100001426,333,111,1734612400,2024-12-19,31,M
100001427,5 ,5,1734566450,2024-12-19,48,M
100001428,6,2,1734592605,2024-12-19,26,M
100001429,333,444,1734588852,2024-12-19,38,M
100001430,4,111,1734698530,2024-12-20,36,M
100001431,111,1,1734685197,2024-12-20,32,F
100001432,777,3,1734693555,2024-12-20,18,F
100001433,4,5,1734735241,2024-12-20,38,M
100001434,8,333,1734704985,2024-12-20,30,F
100001435,333,4,1734744517,2024-12-21,36,M
100001436,2,111,1734776884,2024-12-21,41,F
100001437,4,111,1734794328,2024-12-21,33,M
100001438,5,3,1734795695,2024-12-21,33,M
100001439,5,4,1734769827,2024-12-21,35,F
100001440,555,222,1734900674,2024-12-22,33,M
100001441,5,333,1734876739,2024-12-22,26,F
100001442,3,3,1734870359,2024-12-22,36,M
100001443,555,333,1734852080,2024-12-22,32,M
100001444,333,444,1734833561,2024-12-22,26,M
100001445,6,333,1734845191,2024-12-22,26,F
100001446,7,333,1734852659,2024-12-22,37,M
100001447,1,4,1734982020,2024-12-23,28,M
100001448,222,5 ,1734932806,2024-12-23,26,M
100001449,333,333,1734917226,2024-12-23,36,M
100001450,2,555,1734918411,2024-12-23,30,M
100001451,2,222,1735048909,2024-12-24,39,M
100001452,666,2,1735037700,2024-12-24,35,M
100001453,777,111,1735025148,2024-12-24,30,M
100001454,777,222,1735044170,2024-12-24,32,F
100001455,555,444,1735150542,2024-12-25,34,M
100001456,1,2,1735102350,2024-12-25,41,M
100001457,666,5,1735103992,2024-12-25,36,M
100001458,2,2,1735101736,2024-12-25,35,M
100001459,2,4,1735135531,2024-12-25,42,F
100001460,6,1,1735241670,2024-12-26,32,F
100001461,1,1,1735203451,2024-12-26,31,M
100001462,111,444 ,1735253075,2024-12-26,34,M
100001463,444,5,1735250721,2024-12-26,35,M
100001464,333,4,1735281689,2024-12-27,36,M
100001465,999,222 ,1735343606,2024-12-27,33,M
100001466,9,333,1735274121,2024-12-27,42,M
100001467,4,4,1735346912,2024-12-28,24,F
100001468,888,222,1735377813,2024-12-28,53,M
100001469,7,1,1735383936,2024-12-28,31,M
100001470,6,555,1735430033,2024-12-28,29,M
100001471,222,3,1735399483,2024-12-28,28,M
100001472,444 ,4,1735371738,2024-12-28,30,F
100001473,999,5,1735396908,2024-12-28,31,M
100001474,1,111,1735442421,2024-12-29,40,M
100001475,666,1,1735454912,2024-12-29,38,M
100001476,333,1,1735450154,2024-12-29,37,M
100001477,6,444,1735580891,2024-12-30,38,M
100001478,4,333,1735577706,2024-12-30,41,M
100001479,222,333,1735561557,2024-12-30,43,M
100001480,7,444,1735595769,2024-12-30,19,M
100001481,5,5,1735539601,2024-12-30,34,M
100001482,7,444,1735588844,2024-12-30,43,M
100001483,2,2,1735524049,2024-12-30,39,F
100001484,3,444,1735667062,2024-12-31,35,F
100001485,2,333,1735624936,2024-12-31,31,F
100001486,777,222 ,1735630153,2024-12-31,35,M
100001487,111,2,1735641439,2024-12-31,22,M
100001488,444,111 ,1735670952,2024-12-31,29,M
100001489,222,5,1735669119,2024-12-31,44,M
100001490,3,222,1735742608,2025-01-01,33,F
100001491,2,2,1735697108,2025-01-01,29,F
100001492,999,5,1735707825,2025-01-01,31,M
100001493,4,5 ,1735820815,2025-01-02,24,M
100001494,7,3,1735796824,2025-01-02,40,F
100001495,5,4,1735794385,2025-01-02,27,M
100001496,2,444,1735783802,2025-01-02,36,M
100001497,222,111,1735888842,2025-01-03,40,F
100001498,111,5,1735921851,2025-01-03,35,M
100001499,999,555,1735916318,2025-01-03,33,F
100001500,888 ,444,1735886095,2025-01-03,30,M
100001501,888,3,1736013433,2025-01-04,37,M
100001502,555,222,1735978081,2025-01-04,38,F
100001503,1,1,1735964066,2025-01-04,29,M
100001504,888,3,1736043542,2025-01-05,31,M
100001505,666,444,1736063453,2025-01-05,27,M
100001506,3,5 ,1736080508,2025-01-05,41,M
100001507,8,1,1736079925,2025-01-05,25,M
100001508,5 ,3,1736187539,2025-01-06,42,F
100001509,7,2,1736162554,2025-01-06,50,F
100001510,555,2,1736173745,2025-01-06,47,F
100001511,222,444,1736193104,2025-01-06,24,M
100001512,222,4,1736157658,2025-01-06,34,M
100001513,7,111 ,1736163432,2025-01-06,32,M
100001514,2,2,1736187518,2025-01-06,43,M
100001515,1,5,1736251552,2025-01-07,31,F
100001516,8,3,1736268786,2025-01-07,40,F
100001517,888 ,333,1736220132,2025-01-07,34,F
100001518,999,333,1736252574,2025-01-07,30,M
100001519,222,333,1736246009,2025-01-07,37,M
100001520,222,3 ,1736228918,2025-01-07,23,F
100001521,1 ,3,1736297319,2025-01-08,36,F
100001522,888,1,1736378298,2025-01-08,37,M
100001523,111,111,1736338499,2025-01-08,35,M
100001524,2,111,1736362738,2025-01-08,40,M
100001525,6,5,1736419881,2025-01-09,43,M
100001526,222,111,1736400311,2025-01-09,19,M
100001527,4,2,1736451109,2025-01-09,30,F
100001528,6,3,1736434540,2025-01-09,46,M
100001529,1,2,1736424810,2025-01-09,38,M
100001528,6,3,1736434540,2025-01-09,46,M
100001530,111,5,1736529772,2025-01-10,27,F
100001531,1,3,1736537101,2025-01-10,25,M
100001532,5,5,1736471753,2025-01-10,44,M
100001533,4,222,1736486279,2025-01-10,33,M
100001534,2,5,1736538444,2025-01-10,35,F
100001535,3,111,1736618256,2025-01-11,33,M
100001536,111,4,1736565802,2025-01-11,26,F
100001537,555,111,1736635868,2025-01-11,42,F
100001538,6,444,1736690844,2025-01-12,30,F
100001539,3,555,1736648381,2025-01-12,34,M
100001540,666,222,1736725446,2025-01-12,32,M
100001541,666 ,3,1736662322,2025-01-12,23,F
100001542,3,555,1736701119,2025-01-12,18,F
100001543,555,2,1736708538,2025-01-12,35,M
100001544,3,4 ,1736680442,2025-01-12,41,M
100001545,5,333,1736736742,2025-01-13,36,F
100001546,444,5,1736765908,2025-01-13,49,F
100001547,555,2,1736773010,2025-01-13,35,F
100001548,8,1,1736758780,2025-01-13,35,F
100001549,5 ,222,1736832632,2025-01-14,36,F
100001550,1,4,1736820793,2025-01-14,37,F
100001551,1,1,1736880447,2025-01-14,26,M
100001552,555,333,1736820793,2025-01-14,37,F
100001553,5,111,1736865253,2025-01-14,27,M
100001554,1,2,1736931867,2025-01-15,42,F
100001555,4,1,1736969235,2025-01-15,35,M
100001556,333,2,1736910987,2025-01-15,43,M
100001557,222,5,1736923250,2025-01-15,37,M
100001558,666,5,1736930975,2025-01-15,26,F
100001559,555,444,1736953396,2025-01-15,35,M
100001560,1,222,1736968216,2025-01-15,32,M
100001561,777,333,1737069011,2025-01-16,29,M
100001562,6,3,1736995781,2025-01-16,41,M
100001563,1,444,1737038124,2025-01-16,28,F
100001564,555,2,1736999448,2025-01-16,38,F
100001565,7,111,1737026265,2025-01-16,37,F
100001566,3 ,111,1737054416,2025-01-16,32,M
100001567,4,111,1737143044,2025-01-17,31,M
100001568,3,222,1737097862,2025-01-17,34,F
100001569,5,5,1737113728,2025-01-17,44,M
100001570,5,111,1737143681,2025-01-17,28,M
100001571,5,333,1737119596,2025-01-17,27,F
100001572,666,333,1737104033,2025-01-17,45,F
100001573,777,2,1737102010,2025-01-17,29,M
100001574,222,555,1737214751,2025-01-18,26,F
100001575,444,2 ,1737168264,2025-01-18,41,M
100001576,4,555,1737172160,2025-01-18,28,M
100001577,4,3,1737193077,2025-01-18,32,M
100001578,111,2,1737217739,2025-01-18,31,M
100001579,4,2,1737204758,2025-01-18,48,M
100001580,555,2,1737182519,2025-01-18,40,F
100001581,8,3 ,1737254478,2025-01-19,44,F
100001582,4,1,1737280891,2025-01-19,31,M
100001583,888,2 ,1737299567,2025-01-19,39,M
100001584,222,444,1737309621,2025-01-19,28,F
100001585,4,555,1737315730,2025-01-19,41,M
100001586,1,222,1737292743,2025-01-19,38,M
100001587,4,3,1737324725,2025-01-19,35,F
100001588,999,2,1737343184,2025-01-20,36,M
100001589,4,2,1737400513,2025-01-20,35,M
100001590,888,111 ,1737370638,2025-01-20,39,M
100001591,222,1,1737392890,2025-01-20,31,F
100001592,4,3,1737352405,2025-01-20,32,M
100001593,555,1,1737371345,2025-01-20,31,F
100001594,9,1,1737417664,2025-01-21,35,M
100001595,2,3,1737437854,2025-01-21,40,M
100001596,4,111,1737436288,2025-01-21,32,F
100001597,666,555,1737489223,2025-01-21,42,F
100001598,5,2,1737546163,2025-01-22,35,M
100001599,7,333,1737580084,2025-01-22,27,M
100001600,3,3,1737506043,2025-01-22,30,M
100001601,9,5,1737539201,2025-01-22,46,M
100001602,6,5,1737557075,2025-01-22,45,M
100001603,6,5,1737542745,2025-01-22,28,F
100001604,5,444 ,1737630543,2025-01-23,34,M
100001605,5,5,1737603492,2025-01-23,37,F
100001606,444,222,1737672433,2025-01-23,33,M
100001607,111,333,1737609063,2025-01-23,35,F
100001608,1,5,1737614593,2025-01-23,34,F
100001609,8,111,1737608765,2025-01-23,30,M
100001610,222,1,1737658814,2025-01-23,36,F
100001611,555,111 ,1737724028,2025-01-24,36,M
100001612,6,1 ,1737688898,2025-01-24,38,F
100001613,444,333,1737699166,2025-01-24,34,M
100001614,5,4,1737748511,2025-01-24,39,M
100001615,6,333,1737751766,2025-01-24,35,F
100001616,555,3,1737740530,2025-01-24,34,M
100001617,5,2,1737694251,2025-01-24,32,M
100001618,5,555,1737804011,2025-01-25,41,F
100001619,5,4,1737821167,2025-01-25,30,M
100001620,444,3,1737819126,2025-01-25,36,M
100001621,222 ,555,1737767712,2025-01-25,29,F
100001622,5,333 ,1737809110,2025-01-25,25,F
100001623,6 ,2,1737809750,2025-01-25,34,M
100001624,444,444,1737888724,2025-01-26,30,F
100001625,9,3,1737854589,2025-01-26,28,M
100001626,9,5,1737906405,2025-01-26,45,M
100001627,888,5,1737849611,2025-01-26,32,M
100001628,7,2,1737953568,2025-01-27,28,M
100001629,555,444,1737975730,2025-01-27,28,M
100001630,222,2,1737990242,2025-01-27,30,F
100001631,666,444,1737938651,2025-01-27,40,M
100001632,2,2,1737941803,2025-01-27,35,F
100001633,2 ,3,1738078451,2025-01-28,39,F
100001634,2,3 ,1738107788,2025-01-28,30,M
100001635,666,1,1738028664,2025-01-28,39,M
100001636,2,2 ,1738160334,2025-01-29,28,M
100001637,555,333,1738115223,2025-01-29,35,M
100001638,4,3,1738170189,2025-01-29,35,M
100001639,222,5,1738119702,2025-01-29,25,F
100001640,2,333,1738150640,2025-01-29,43,F
100001641,2,3,1738120718,2025-01-29,32,M
100001642,1,1,1738223969,2025-01-30,23,M
100001643,2,3,1738220667,2025-01-30,35,M
100001644,9,5,1738204046,2025-01-30,38,M
100001645,7,444,1738263922,2025-01-30,36,F
100001646,9,111,1738355342,2025-01-31,35,F
100001647,3,111,1738294857,2025-01-31,30,F
100001648,6,333,1738314663,2025-01-31,41,M
100001649,444 ,555,1738348945,2025-01-31,36,F
100001650,5,3,1738304149,2025-01-31,29,F
100001651,8,1,1738333132,2025-01-31,34,M
100001652,666,444,1738300479,2025-01-31,39,M
100001653,222 ,5,1738415768,2025-02-01,28,M
100001654,5,1,1738395700,2025-02-01,36,F
100001655,1,3,1738370316,2025-02-01,37,F
100001656,4,4,1738429799,2025-02-01,33,M
100001657,666 ,2,1738403669,2025-02-01,33,M
100001658,2,333,1738432900,2025-02-01,35,M
100001659,444,111,1738414785,2025-02-01,31,F
100001660,111,444,1738532461,2025-02-02,42,F
100001661,111,3,1738492545,2025-02-02,29,M
100001662,5,2,1738518710,2025-02-02,33,M
100001663,2,3,1738517458,2025-02-02,30,F
100001664,4,3,1738579281,2025-02-03,38,F
100001665,333,4 ,1738584656,2025-02-03,28,F
100001666,2,1,1738559136,2025-02-03,39,M
100001667,4,5,1738598717,2025-02-03,38,M
100001668,5,3,1738624779,2025-02-03,40,M
100001669,3,555,1738711437,2025-02-04,32,M
100001670,4,5,1738682091,2025-02-04,32,M
100001671,444,3,1738675398,2025-02-04,32,F
100001672,666,3,1738694154,2025-02-04,29,F
100001673,5,4,1738709429,2025-02-04,22,M
100001674,999,2,1738754581,2025-02-05,32,F
100001675,7,333,1738713824,2025-02-05,35,F
100001676,222,5,1738754328,2025-02-05,40,M
100001677,555,2,1738767012,2025-02-05,37,M
100001678,999,555,1738850235,2025-02-06,37,F
100001679,555,5,1738829433,2025-02-06,31,M
100001680,8,555 ,1738885471,2025-02-06,24,F
100001681,3 ,3,1738831591,2025-02-06,27,M
100001682,222,5,1738878219,2025-02-06,34,M
100001683,5,444 ,1738963930,2025-02-07,35,M
100001684,1,5,1738963490,2025-02-07,36,M
100001685,111,5,1738917961,2025-02-07,36,M
100001686,7,5,1738978396,2025-02-08,26,M
100001687,2 ,2,1739052866,2025-02-08,42,F
100001688,222,3,1739019814,2025-02-08,31,M
100001689,444,1,1739010305,2025-02-08,31,F
100001690,4,111,1739037290,2025-02-08,44,M
100001691,666,444,1739112964,2025-02-09,30,M
100001692,333,444,1739095715,2025-02-09,35,M
100001693,2,5,1739114004,2025-02-09,40,F
100001694,222,555,1739096167,2025-02-09,41,F
100001695,3 ,1 ,1739137489,2025-02-09,31,F
100001696,3,333,1739128152,2025-02-09,41,M
100001697,9,5,1739220004,2025-02-10,36,F
100001698,2 ,5,1739164823,2025-02-10,29,F
100001699,5,5,1739194369,2025-02-10,43,M
100001700,222,333,1739263849,2025-02-11,24,F
100001701,666,333 ,1739255167,2025-02-11,39,M
100001702,2,1,1739290880,2025-02-11,28,F
100001703,666,3 ,1739268561,2025-02-11,34,F
100001704,5,5,1739272570,2025-02-11,33,F
100001705,6,333,1739234669,2025-02-11,31,M
100001706,666,3,1739270408,2025-02-11,26,M
100001707,5,2,1739336232,2025-02-12,37,M
100001708,3,555,1739381245,2025-02-12,29,M
100001709,222,333,1739343064,2025-02-12,42,M
100001710,1,1,1739373634,2025-02-12,35,F
100001711,999,3,1739328148,2025-02-12,40,F
100001712,3,111,1739370128,2025-02-12,34,F
100001713,5,1,1739421004,2025-02-13,34,M
100001714,1,5,1739426800,2025-02-13,32,M
100001715,9,444,1739416844,2025-02-13,27,F
100001716,999,1,1739463498,2025-02-13,40,M
100001717,9,3,1739490786,2025-02-13,43,M
100001718,666,333,1739514571,2025-02-14,32,M
100001719,9,1,1739540933,2025-02-14,42,M
100001720,6,1,1739494480,2025-02-14,34,F
100001721,4,1,1739537280,2025-02-14,36,M
100001722,6 ,444,1739619773,2025-02-15,37,M
100001723,555,444,1739600026,2025-02-15,39,F
100001724,666,1 ,1739656152,2025-02-15,36,M
100001725,3,5,1739661082,2025-02-15,42,M
100001726,5,4,1739623979,2025-02-15,29,F
100001727,6,4,1739590347,2025-02-15,31,F
100001728,1,4,1739652700,2025-02-15,31,M
100001729,7,555,1739704970,2025-02-16,45,M
100001730,666,1,1739740722,2025-02-16,40,M
100001731,111,3,1739721771,2025-02-16,36,M
100001732,444,4,1739672264,2025-02-16,26,F
100001733,999,5 ,1739775526,2025-02-17,30,M
100001734,555,5,1739804808,2025-02-17,32,F
100001735,1,4 ,1739799226,2025-02-17,33,M
100001736,4,333,1739816545,2025-02-17,38,M
100001737,9,111,1739778713,2025-02-17,30,M
100001738,555,111,1739857056,2025-02-18,35,M
100001739,1,5,1739862175,2025-02-18,40,M
100001740,5,2,1739909965,2025-02-18,29,M
100001741,444 ,4,1739864922,2025-02-18,33,M
100001742,333,5,1739855609,2025-02-18,27,F
100001743,666 ,222,1739966517,2025-02-19,26,M
100001744,666 ,3,1739950160,2025-02-19,34,M
100001745,2,3,1739987865,2025-02-19,32,F
100001746,5,5,1740003037,2025-02-19,36,F
100001747,3,222,1739949480,2025-02-19,27,F
100001748,9,3,1739940113,2025-02-19,23,M
100001749,666,3,1740038270,2025-02-20,39,F
100001750,444,4,1740076713,2025-02-20,32,M
100001751,1,3,1740037810,2025-02-20,29,M
100001752,4,1,1740018377,2025-02-20,21,F
100001753,3,4 ,1740065872,2025-02-20,27,M
100001754,111,555,1740101498,2025-02-21,35,F
100001755,4,1 ,1740113442,2025-02-21,26,M
100001756,7,444,1740111087,2025-02-21,31,F
100001757,3,111,1740251213,2025-02-22,38,M
100001758,2,4,1740207057,2025-02-22,30,F
100001759,6,1,1740201546,2025-02-22,34,M
100001760,7,444,1740256604,2025-02-22,36,M
100001761,9,1,1740252868,2025-02-22,40,F
100001762,4,4,1740237535,2025-02-22,36,M
100001763,6,3,1740310720,2025-02-23,30,M
100001764,6,5,1740285605,2025-02-23,31,M
100001765,1,4,1740314772,2025-02-23,38,M
100001766,555,222,1740332875,2025-02-23,36,F
100001767,6,1,1740290407,2025-02-23,41,M
100001768,8,4,1740292754,2025-02-23,41,M
100001769,5,2,1740309243,2025-02-23,42,M
100001770,666,5,1740371404,2025-02-24,39,F
100001771,8,3,1740432549,2025-02-24,36,M
100001772,5,3,1740398759,2025-02-24,40,F
100001773,1,1,1740444725,2025-02-25,41,M
100001774,2,4,1740462010,2025-02-25,34,F
100001775,9,333,1740527443,2025-02-25,25,M
100001776,6,555,1740553863,2025-02-26,34,F
100001777,5,1,1740582240,2025-02-26,43,F
100001778,666,111,1740586015,2025-02-26,35,M
100001779,444,5,1740565029,2025-02-26,41,F
100001780,3,111,1740539900,2025-02-26,35,F
100001781,3,333,1740564960,2025-02-26,29,M
100001782,7,2,1740649089,2025-02-27,44,M
100001783,6,111,1740694593,2025-02-27,36,F
100001784,222,111,1740697681,2025-02-27,41,F
100001785,777,2 ,1740636012,2025-02-27,37,M
100001786,4,222,1740672019,2025-02-27,33,F
100001787,3,222,1740744305,2025-02-28,43,M
100001788,3,4,1740774066,2025-02-28,33,M
100001789,2,3,1740728731,2025-02-28,29,M
100001790,1,1,1740860592,2025-03-01,29,M
100001791,5 ,222,1740813452,2025-03-01,47,M
100001792,7,4 ,1740814763,2025-03-01,29,M
100001793,444,2,1740929751,2025-03-02,47,F
100001794,555,555,1740910651,2025-03-02,34,M
100001795,777,1,1740949468,2025-03-02,34,M
100001796,111 ,1,1740909858,2025-03-02,30,M
100001797,8,5 ,1740908624,2025-03-02,33,F
100001798,8,1,1740882228,2025-03-02,46,M
100001799,444 ,5,1741025926,2025-03-03,36,M
100001800,1,4,1740964860,2025-03-03,30,M
100001801,555,555,1741014584,2025-03-03,24,M
100001802,7,1,1740998392,2025-03-03,40,F
100001803,555,4,1740982775,2025-03-03,47,M
100001804,777,3,1741038546,2025-03-03,31,M
100001805,888,111,1740997411,2025-03-03,32,F
100001806,4,5,1741086144,2025-03-04,39,M
100001807,5,4,1741061790,2025-03-04,29,F
100001808,888,1,1741057592,2025-03-04,29,M
100001809,3 ,3,1741091655,2025-03-04,30,M
100001810,444,444,1741080089,2025-03-04,31,M
100001811,1,333,1741096376,2025-03-04,37,M
100001812,3,1 ,1741118361,2025-03-04,32,F
100001813,1,2,1741180038,2025-03-05,35,F
100001814,3,4,1741146983,2025-03-05,38,M
100001815,2 ,5,1741187821,2025-03-05,35,F
100001816,333,555,1741204980,2025-03-05,36,F
100001817,3,444,1741286113,2025-03-06,27,M
100001818,555,3,1741266446,2025-03-06,37,M
100001819,666,444,1741223894,2025-03-06,39,F
100001820,111,4,1741321771,2025-03-07,22,F
100001821,3,555,1741337133,2025-03-07,39,F
100001822,444,4,1741327338,2025-03-07,35,F
100001823,333,5,1741387644,2025-03-07,28,M
100001824,666,3,1741363554,2025-03-07,48,M
100001825,222,3 ,1741357857,2025-03-07,31,F
100001826,2,2,1741469649,2025-03-08,35,M
100001827,999,111,1741441113,2025-03-08,51,M
100001828,5,5,1741441233,2025-03-08,39,M
100001829,6,1,1741443695,2025-03-08,33,F
100001830,555 ,222,1741476779,2025-03-08,31,M
100001831,999,333,1741474370,2025-03-08,35,M
100001832,3,444,1741419285,2025-03-08,29,M
100001833,111,222,1741549848,2025-03-09,41,M
100001834,6,1,1741513452,2025-03-09,34,M
100001835,6,5,1741511018,2025-03-09,39,M
100001836,3 ,333,1741510402,2025-03-09,26,F
100001837,9,5,1741513062,2025-03-09,44,M
100001838,5 ,333,1741495762,2025-03-09,26,M
100001839,666,111,1741541824,2025-03-09,38,M
100001840,333,555,1741616266,2025-03-10,31,M
100001841,111,1,1741646347,2025-03-10,39,M
100001842,7,333,1741594469,2025-03-10,34,F
100001843,3,5,1741593328,2025-03-10,36,M
100001844,2,111,1741618049,2025-03-10,28,M
100001845,4,111,1741613892,2025-03-10,37,M
100001846,7,1,1741636601,2025-03-10,35,M
100001847,222,444,1741721745,2025-03-11,33,M
100001848,2,555,1741726866,2025-03-11,53,F
100001849,333,5,1741724741,2025-03-11,27,M
100001850,4,3,1741694033,2025-03-11,39,F
100001851,5,444,1741722883,2025-03-11,29,M
100001852,666,222,1741653049,2025-03-11,37,M
100001853,111,111 ,1741751717,2025-03-12,40,M
100001854,888,555,1741796778,2025-03-12,38,F
100001855,1,2 ,1741782993,2025-03-12,27,F
100001856,5 ,111,1741860151,2025-03-13,42,M
100001857,3,222,1741856025,2025-03-13,30,M
100001858,3,3,1741835644,2025-03-13,37,M
100001859,3,4,1741879374,2025-03-13,36,M
100001860,333,3,1741843150,2025-03-13,48,M
100001861,8,333,1741936286,2025-03-14,41,M
100001862,5,5,1741919374,2025-03-14,35,M
100001863,7,111,1741957741,2025-03-14,36,M
100001864,5,2,1741923211,2025-03-14,36,M
100001865,1,111,1742012054,2025-03-15,42,M
100001866,1,555,1742009122,2025-03-15,20,F
100001867,7,3,1742058290,2025-03-15,35,M
100001868,9,3 ,1742042647,2025-03-15,32,M
100001869,5,4,1742020892,2025-03-15,31,F
100001870,5,1,1742138463,2025-03-16,39,M
100001871,2,5,1742142028,2025-03-16,29,M
100001872,333,555,1742133736,2025-03-16,27,M
100001873,6,222,1742175007,2025-03-17,35,F
100001874,4,444,1742191555,2025-03-17,29,F
100001875,3,3,1742181072,2025-03-17,39,M
100001876,555 ,2,1742204010,2025-03-17,38,F
100001877,555,5,1742263999,2025-03-18,41,M
100001878,444,3,1742321723,2025-03-18,35,F
100001879,1,1,1742289372,2025-03-18,29,M
100001880,6,2,1742266448,2025-03-18,41,M
100001881,111,5,1742323286,2025-03-18,40,M
100001882,3,2,1742408551,2025-03-19,38,M
100001883,5,222,1742394046,2025-03-19,35,M
100001884,5,5,1742411331,2025-03-19,47,M
100001885,2 ,4,1742403844,2025-03-19,26,M
100001886,333,555,1742415917,2025-03-19,35,M
100001887,1,5,1742397077,2025-03-19,26,M
100001888,666,1,1742480935,2025-03-20,24,M
100001889,1,5,1742496287,2025-03-20,38,M
100001890,999,111,1742507598,2025-03-20,35,M
100001891,666,3,1742514685,2025-03-20,29,M
100001892,333,4,1742458548,2025-03-20,28,M
100001893,8,333,1742469277,2025-03-20,44,F
100001894,5 ,444,1742578930,2025-03-21,33,F
100001895,7,555,1742544780,2025-03-21,38,F
100001896,2,4 ,1742583220,2025-03-21,31,F
100001897,2,333 ,1742568473,2025-03-21,29,M
100001898,1,1 ,1742661640,2025-03-22,34,M
100001899,6,5,1742609292,2025-03-22,38,F
100001900,4,222,1742644270,2025-03-22,44,M
100001901,1,222,1742767220,2025-03-23,28,M
100001902,1,333,1742745701,2025-03-23,38,M
100001903,1,3,1742752964,2025-03-23,50,M
100001904,777,1,1742716254,2025-03-23,34,M
100001905,666,3,1742766964,2025-03-23,38,M
100001906,4,5 ,1742691113,2025-03-23,37,M
100001907,444,1,1742742423,2025-03-23,32,M
100001908,888,222,1742842804,2025-03-24,38,F
100001909,6,111,1742802334,2025-03-24,35,M
100001910,666,3,1742833581,2025-03-24,46,F
100001911,666 ,555,1742793653,2025-03-24,38,M
100001912,444 ,444,1742845633,2025-03-24,36,M
100001913,888,3,1742792345,2025-03-24,40,M
100001914,4,5,1742789730,2025-03-24,25,F
100001909,6,111,1742802334,2025-03-24,35,M
100001915,1,5,1742912663,2025-03-25,31,F
100001916,1,111,1742896682,2025-03-25,38,M
100001917,222,4,1742875048,2025-03-25,44,F
100001918,333,5,1742890161,2025-03-25,22,M
100001919,444 ,3 ,1742870640,2025-03-25,32,M
100001920,5,5,1742938693,2025-03-25,33,M
100001921,6,1,1742975347,2025-03-26,31,M
100001922,222,333,1743019292,2025-03-26,39,M
100001923,6,111,1743032672,2025-03-26,21,F
100001924,7,222 ,1743000243,2025-03-26,35,M
100001925,5,1,1743098389,2025-03-27,24,M
100001926,111,2,1743062612,2025-03-27,41,F
100001927,666,444,1743056880,2025-03-27,35,M
100001928,2,2,1743034580,2025-03-27,40,M
100001929,444,5,1743050912,2025-03-27,41,M
100001930,4,5,1743073125,2025-03-27,35,M
100001931,6,222,1743162829,2025-03-28,37,M
100001932,8,3,1743145440,2025-03-28,31,M
100001933,222,555,1743182518,2025-03-28,26,M
100001934,111,2,1743139191,2025-03-28,28,M
100001935,6,444,1743132463,2025-03-28,23,M
100001936,444,4,1743125777,2025-03-28,26,F
100001937,444,555,1743220225,2025-03-29,31,M
100001938,4,1,1743273337,2025-03-29,34,F
100001939,4,333,1743282304,2025-03-29,37,M
100001940,3 ,555,1743289652,2025-03-29,43,M
100001941,4,444,1743221951,2025-03-29,39,M
100001942,555,111,1743276290,2025-03-29,44,M
100001943,444,1,1743328753,2025-03-30,27,M
100001944,6,222,1743319589,2025-03-30,27,F
100001945,888,5 ,1743300666,2025-03-30,18,M
100001946,222 ,333,1743304808,2025-03-30,39,M
100001947,9,3,1743415797,2025-03-31,45,F
100001948,666,4,1743388777,2025-03-31,35,F
100001949,3,3,1743408813,2025-03-31,38,M
100001950,444 ,4,1743425343,2025-03-31,35,M
100001951,555 ,111,1743447990,2025-03-31,36,F
100001952,2,3,1743470604,2025-04-01,25,M
100001953,6,444,1743493928,2025-04-01,29,M
100001954,6,1,1743504602,2025-04-01,32,M
100001955,9 ,5,1743507208,2025-04-01,35,F
100001956,111,3,1743622681,2025-04-02,35,M
100001957,888,444,1743600093,2025-04-02,41,M
100001958,222,5,1743637129,2025-04-02,26,F
100001959,4,444,1743634961,2025-04-02,30,M
100001960,4,1,1743590185,2025-04-02,36,F
100001961,999,3,1743591548,2025-04-02,30,M
100001962,5,4,1743711819,2025-04-03,50,M
100001963,222,444 ,1743660290,2025-04-03,23,M
100001964,777,5,1743654689,2025-04-03,30,M
100001965,4,1 ,1743690559,2025-04-03,33,M
100001966,666,1,1743730022,2025-04-04,33,F
100001967,1,3,1743729401,2025-04-04,41,F
100001968,444,4,1743752688,2025-04-04,34,M
100001969,2 ,3,1743777265,2025-04-04,37,F
100001970,2,3,1743754867,2025-04-04,42,M
100001971,4,4,1743839364,2025-04-05,30,F
100001972,1,5,1743833773,2025-04-05,38,M
100001973,8,2,1743880241,2025-04-05,36,M
100001974,9,333,1743854176,2025-04-05,37,M
100001975,7 ,4,1743842315,2025-04-05,36,M
100001976,666,444,1743826677,2025-04-05,30,M
100001977,5,555,1743909799,2025-04-06,40,M
100001978,222,4,1743942900,2025-04-06,41,M
100001979,666,4,1743963421,2025-04-06,27,M
100001980,3 ,5,1743976456,2025-04-06,34,F
100001981,222 ,111,1743925152,2025-04-06,37,F
100001982,3,5,1743936541,2025-04-06,46,M
100001983,3 ,5,1743925938,2025-04-06,43,M
100001984,2,333,1744031132,2025-04-07,40,F
100001985,2,4,1744030964,2025-04-07,35,F
100001986,555,5,1744029633,2025-04-07,30,M
100001987,777,333,1744039558,2025-04-07,37,F
100001988,555,222,1744017558,2025-04-07,30,M
100001989,3,5,1743999984,2025-04-07,33,M
100001990,555,333,1744120477,2025-04-08,23,F
100001991,1,555,1744130773,2025-04-08,45,M
100001992,6,4,1744083108,2025-04-08,31,M
100001993,4,333,1744092523,2025-04-08,19,M
100001994,8,3,1744071494,2025-04-08,38,F
100001995,3,2,1744134339,2025-04-08,42,M
100001996,5,1,1744073271,2025-04-08,28,F
100001997,5,5,1744194535,2025-04-09,40,M
100001998,9,111,1744199265,2025-04-09,41,F
100001999,666,1,1744172483,2025-04-09,38,M
100002000,4 ,555,1744314984,2025-04-10,35,F
100002001,5,111 ,1744303664,2025-04-10,48,M
100002002,2,5,1744328085,2025-04-10,38,M
100002003,7,3,1744245092,2025-04-10,18,M
100002004,4 ,4 ,1744295154,2025-04-10,27,F
100002005,2,333,1744377203,2025-04-11,40,M
100002006,1,222,1744382175,2025-04-11,33,M
100002007,888,111,1744357008,2025-04-11,34,F
100002008,5,5,1744339657,2025-04-11,24,F
100002009,555,3 ,1744363810,2025-04-11,29,M
100002010,1,444,1744466398,2025-04-12,43,M
100002011,666,4 ,1744473675,2025-04-12,41,F
100002012,7,3,1744497192,2025-04-12,34,M
100002013,3,5,1744429474,2025-04-12,36,F
100002014,3,555,1744433184,2025-04-12,31,F
100002015,999,444,1744473590,2025-04-12,38,M
100002016,999,2,1744480304,2025-04-12,41,M
100002017,6,444,1744523138,2025-04-13,37,M
100002018,6 ,3,1744530144,2025-04-13,37,F
100002019,555,2,1744571008,2025-04-13,39,M
100002020,1,555,1744585871,2025-04-13,27,M
100002021,555,5,1744555531,2025-04-13,30,M
100002022,2,333,1744538514,2025-04-13,30,F
100002023,3 ,3 ,1744642534,2025-04-14,32,F
100002024,6,1,1744602930,2025-04-14,28,M
100002025,111,2,1744635414,2025-04-14,40,F
100002026,5,555,1744672193,2025-04-14,42,M
100002027,9,1,1744671347,2025-04-14,33,M
100002028,4,1,1744687421,2025-04-15,37,F
100002029,555,333,1744759093,2025-04-15,29,M
100002030,5,555,1744751592,2025-04-15,32,F
100002031,6,1,1744737323,2025-04-15,41,F
100002032,1,222,1744772479,2025-04-16,34,M
100002033,222,4,1744769253,2025-04-16,40,M
100002034,555,111,1744835986,2025-04-16,34,M
100002035,444,3,1744806531,2025-04-16,36,F
100002036,111,555,1744788029,2025-04-16,36,M
100002037,2 ,3,1744834826,2025-04-16,35,F
100002038,9,555,1744866103,2025-04-17,48,F
100002039,222,333 ,1744859358,2025-04-17,43,M
100002040,2 ,3,1744915704,2025-04-17,28,F
100002041,6,3,1744905235,2025-04-17,27,F
100002042,666,333,1744897358,2025-04-17,30,M
100002043,5,222,1744925640,2025-04-17,32,F
100002044,3,444,1744978697,2025-04-18,36,M
100002045,4 ,4,1745008386,2025-04-18,42,M
100002046,444,444,1744979865,2025-04-18,32,M
100002047,666,3,1745079360,2025-04-19,32,F
100002048,9,444,1745096450,2025-04-19,40,M
100002049,555,1,1745027518,2025-04-19,37,M
100002050,2,333,1745021606,2025-04-19,30,M
100002051,6,2,1745074200,2025-04-19,28,F
100002052,6,2,1745148996,2025-04-20,37,F
100002053,666,3 ,1745153307,2025-04-20,24,M
100002054,4 ,111,1745144325,2025-04-20,50,F
100002055,222,333,1745114875,2025-04-20,41,M
100002056,666,222,1745135627,2025-04-20,37,F
100002057,1,4,1745250103,2025-04-21,36,F
100002058,3,3,1745253872,2025-04-21,35,F
100002059,4,3,1745230153,2025-04-21,29,F
100002060,444,222,1745239605,2025-04-21,41,M
100002061,666,222 ,1745253344,2025-04-21,36,M
100002062,6,555,1745352478,2025-04-22,28,M
100002063,2,444,1745350327,2025-04-22,43,M
100002064,333,555,1745326559,2025-04-22,44,F
100002065,4,222,1745291621,2025-04-22,27,F
100002066,444,111,1745347075,2025-04-22,33,F
100002067,6,2,1745380933,2025-04-23,37,M
100002068,8,222,1745400559,2025-04-23,31,M
100002069,6,3,1745405962,2025-04-23,31,M
100002070,5,3,1745411359,2025-04-23,32,M
100002071,7,2,1745370353,2025-04-23,24,F
100002072,7,222,1745445197,2025-04-23,42,M
100002073,5,555 ,1745518653,2025-04-24,27,M
100002074,333,222,1745491619,2025-04-24,33,M
100002075,9,3,1745515618,2025-04-24,40,M
100002076,111,5,1745522801,2025-04-24,38,M
100002077,666,5,1745515063,2025-04-24,39,F
100002078,777,5,1745492287,2025-04-24,31,M
100002079,333,111,1745548269,2025-04-25,39,F
100002080,7,111,1745610127,2025-04-25,42,M
100002081,1,555,1745604867,2025-04-25,52,M
100002082,333,444,1745574322,2025-04-25,47,M
100002083,333,555,1745551063,2025-04-25,33,M
100002084,999,555,1745586833,2025-04-25,33,M
100002085,555,2,1745700074,2025-04-26,38,M
100002086,4,555,1745648385,2025-04-26,27,M
100002087,4,1,1745664413,2025-04-26,36,M
100002088,222,333,1745657277,2025-04-26,29,M
100002089,333,2,1745707102,2025-04-26,34,M
100002090,4,3,1745637676,2025-04-26,39,M
100002091,555,5,1745750973,2025-04-27,31,M
100002092,666,222,1745714192,2025-04-27,41,M
100002093,2,5,1745759402,2025-04-27,32,F
100002094,111,1,1745786280,2025-04-27,32,M
100002095,222,222 ,1745787382,2025-04-27,29,M
100002096,666,333,1745719219,2025-04-27,37,M
100002097,3,3 ,1745873428,2025-04-28,42,M
100002098,6,4 ,1745820460,2025-04-28,28,M
100002099,4 ,111,1745868996,2025-04-28,25,M
100002100,8,111,1745842359,2025-04-28,36,M
100002101,3,333,1745854460,2025-04-28,41,F
100002102,9,444,1745828240,2025-04-28,24,F
100002101,3,333,1745854460,2025-04-28,41,F
100002103,555,2 ,1745887641,2025-04-29,45,F
100002104,6 ,2,1745894004,2025-04-29,33,F
100002105,333,555,1745937499,2025-04-29,30,M
100002106,444,1,1745917112,2025-04-29,36,M
100002107,333,4,1745935288,2025-04-29,31,F
100002108,444,5 ,1745954621,2025-04-29,33,M
100002109,666,111,1745929287,2025-04-29,30,M
100002110,4,333,1746015737,2025-04-30,35,M
100002111,444,333,1746038848,2025-04-30,33,F
100002112,6,4,1745991327,2025-04-30,40,M
100002113,4,3,1746012402,2025-04-30,33,F
100002114,666,4,1746015005,2025-04-30,34,F
100002115,5,4,1746020752,2025-04-30,41,F
100002116,111,3 ,1746029543,2025-04-30,37,M
100002117,3,111,1746101222,2025-05-01,37,M
100002118,444 ,333,1746080451,2025-05-01,27,M
100002119,5,1,1746084823,2025-05-01,38,M
100002120,333,3 ,1746142883,2025-05-01,37,M
100002121,4 ,5 ,1746096152,2025-05-01,25,F
100002122,666,555,1746058129,2025-05-01,34,M
100002123,1,4,1746132369,2025-05-01,41,F
100002124,6,333,1746221403,2025-05-02,36,M
100002125,999,333,1746226618,2025-05-02,35,F
100002126,3,555,1746199924,2025-05-02,23,M
100002127,555 ,111,1746202489,2025-05-02,37,M
100002128,7,4,1746185657,2025-05-02,27,M
100002129,222,222,1746313328,2025-05-03,30,M
100002130,444,1,1746297156,2025-05-03,40,M
100002131,8,2,1746308732,2025-05-03,26,M
100002132,1 ,3,1746276894,2025-05-03,38,M
100002133,444,1,1746239659,2025-05-03,29,M
100002134,3 ,3,1746377107,2025-05-04,35,M
100002135,444,4 ,1746319054,2025-05-04,41,M
100002136,5,2,1746399123,2025-05-04,39,F
100002137,2,111,1746330912,2025-05-04,32,F
100002138,777,1 ,1746410383,2025-05-05,33,M
100002139,5 ,2,1746447935,2025-05-05,36,F
100002140,555,444,1746476126,2025-05-05,41,M
100002141,6,555,1746455249,2025-05-05,39,M
100002142,4,4,1746439238,2025-05-05,43,F
100002143,555,111,1746511499,2025-05-06,34,M
100002144,222,3,1746533637,2025-05-06,28,M
100002145,5,1,1746501960,2025-05-06,30,M
100002146,4,4,1746567000,2025-05-06,29,F
100002147,555,2,1746560271,2025-05-06,29,F
100002148,5 ,4,1746520077,2025-05-06,37,M
100002149,555,3,1746549644,2025-05-06,43,F
100002150,777,1,1746593133,2025-05-07,28,M
100002151,555,2,1746614502,2025-05-07,34,M
100002152,9,2,1746639618,2025-05-07,43,F
100002153,444,1 ,1746610387,2025-05-07,38,M
100002154,2,4,1746633484,2025-05-07,43,F
100002155,3,555,1746649402,2025-05-07,41,M
100002156,3,3,1746708556,2025-05-08,33,M
100002157,222,111,1746715719,2025-05-08,34,F
100002158,333,111 ,1746704363,2025-05-08,27,M
100002159,1,222,1746733554,2025-05-08,34,M
100002160,5,555,1746814881,2025-05-09,36,M
100002161,5,5 ,1746782614,2025-05-09,37,M
100002162,222,5,1746760956,2025-05-09,39,M
100002163,3,2,1746797741,2025-05-09,40,M
100002164,7,4,1746905724,2025-05-10,37,F
100002165,1,2,1746887678,2025-05-10,34,M
100002166,111,3,1746909160,2025-05-10,41,M
100002167,333,3,1746844640,2025-05-10,26,F
100002168,666,3 ,1746849666,2025-05-10,25,M
100002169,7,3,1746908140,2025-05-10,28,M
100002170,3,1,1746969184,2025-05-11,31,F
100002171,222,4,1746945591,2025-05-11,29,M
100002172,6,5,1747005758,2025-05-11,28,M
100002173,6,2,1746931038,2025-05-11,34,M
100002174,3,444,1746973574,2025-05-11,29,M
100002175,6,5,1746924379,2025-05-11,41,M
100002176,4,5 ,1746923026,2025-05-11,34,F
100002177,111,2 ,1747053522,2025-05-12,29,M
100002178,3,4,1747044926,2025-05-12,35,M
100002179,6 ,4,1747077251,2025-05-12,40,M
100002180,6,3,1747048469,2025-05-12,31,M
100002181,4,1,1747063998,2025-05-12,35,M
100002182,333,222,1747009720,2025-05-12,26,M
100002183,1,555,1747021509,2025-05-12,26,F
100002184,444,3,1747150087,2025-05-13,39,F
100002185,666,333,1747154105,2025-05-13,37,M
100002186,888,111,1747150473,2025-05-13,31,M
100002187,5,111,1747096135,2025-05-13,39,M
100002188,666,555,1747111533,2025-05-13,29,M
100002189,7,3,1747168820,2025-05-13,36,F
100002190,2,111,1747126515,2025-05-13,37,M
100002191,5,3,1747196696,2025-05-14,26,M
100002192,3,1 ,1747251520,2025-05-14,38,M
100002193,8,2,1747224705,2025-05-14,44,M
100002194,3 ,1 ,1747235944,2025-05-14,27,M
100002195,777 ,3,1747227407,2025-05-14,41,M
100002196,4,2,1747212632,2025-05-14,27,M
100002197,444,111,1747333200,2025-05-15,25,M
100002198,555,555 ,1747306543,2025-05-15,32,M
100002199,3,1,1747268837,2025-05-15,34,M
100002200,555,4,1747285817,2025-05-15,44,M
100002201,2,5,1747346647,2025-05-15,33,F
100002202,888,4,1747353080,2025-05-15,39,M
100002203,666,2,1747285548,2025-05-15,34,F
100002204,7 ,4,1747390465,2025-05-16,32,M
100002205,222,222,1747385303,2025-05-16,37,M
100002206,666,5,1747378301,2025-05-16,40,M
100002207,333,111,1747398169,2025-05-16,32,M
100002208,4,1,1747402646,2025-05-16,27,F
100002209,777,444,1747419353,2025-05-16,37,M
100002210,444,111 ,1747478559,2025-05-17,37,M
100002211,8,3,1747509154,2025-05-17,39,M
100002212,777,3,1747446455,2025-05-17,39,F
100002213,555,4,1747495703,2025-05-17,42,M
100002214,111,3,1747463039,2025-05-17,26,M
100002215,444,5 ,1747464785,2025-05-17,44,M
100002216,4,1,1747566233,2025-05-18,37,M
100002217,6 ,4,1747608083,2025-05-18,28,M
100002218,666,2,1747604821,2025-05-18,38,F
100002219,7,1,1747583709,2025-05-18,34,M
100002220,4,111,1747603082,2025-05-18,30,M
100002221,5,3,1747527266,2025-05-18,37,F
100002222,6,444,1747682821,2025-05-19,42,M
100002223,5,222,1747689593,2025-05-19,34,M
100002224,777,5,1747621445,2025-05-19,33,F
100002225,555,2,1747768683,2025-05-20,30,F
100002226,9,111,1747704607,2025-05-20,38,M
100002227,555,333,1747707343,2025-05-20,29,M
100002228,1,2,1747784955,2025-05-20,40,M
100002229,3,1,1747734385,2025-05-20,28,F
100002230,666,555,1747821815,2025-05-21,46,M
100002231,3,1,1747791999,2025-05-21,37,F
100002232,333,3,1747785613,2025-05-21,29,M
100002233,1,3,1747811067,2025-05-21,35,M
100002234,6,5,1747867967,2025-05-21,33,M
100002235,3,333,1747799323,2025-05-21,36,M
100002236,6,5,1747789447,2025-05-21,33,M
100002237,3,5,1747950885,2025-05-22,23,M
100002238,777,1,1747912342,2025-05-22,31,M
100002239,6,5,1747918419,2025-05-22,36,F
100002240,666,111,1747915870,2025-05-22,40,F
100002241,5,222,1748034806,2025-05-23,29,F
100002242,666,3,1748008304,2025-05-23,43,F
100002243,7,111,1748035144,2025-05-23,31,M
100002244,1,2,1747984916,2025-05-23,23,M
100002245,444,4,1747993744,2025-05-23,38,F
100002246,5,1,1747972797,2025-05-23,41,M
100002247,5,3,1748108767,2025-05-24,45,F
100002248,2,3,1748121475,2025-05-24,33,M
100002249,1,3,1748083022,2025-05-24,39,F
100002250,2,3 ,1748045910,2025-05-24,26,F
100002251,4,2,1748179796,2025-05-25,34,M
100002252,6,2,1748140509,2025-05-25,35,M
100002253,666,4,1748168740,2025-05-25,35,F
100002254,9,2,1748169442,2025-05-25,46,M
100002255,777,2,1748168781,2025-05-25,31,M
100002256,9,1,1748135283,2025-05-25,37,M
100002257,6,555,1748189924,2025-05-25,44,M
100002253,666,4,1748168740,2025-05-25,35,F
100002258,2,444,1748289476,2025-05-26,34,F
100002259,222,333 ,1748274088,2025-05-26,31,M
100002260,555,2 ,1748230190,2025-05-26,26,F
100002261,3,111 ,1748228762,2025-05-26,39,F
100002262,666,555,1748253963,2025-05-26,31,F
100002263,4,3,1748377744,2025-05-27,35,M
100002264,4,111,1748375015,2025-05-27,38,M
100002265,555,3,1748357998,2025-05-27,27,M
100002266,333,5,1748329405,2025-05-27,34,M
100002267,4,3,1748310029,2025-05-27,29,F
100002268,777,3,1748380331,2025-05-27,34,F
100002269,9,3,1748345732,2025-05-27,31,F
100002270,1,111,1748421664,2025-05-28,26,M
100002271,6,3,1748416212,2025-05-28,39,F
100002272,888,222,1748428057,2025-05-28,27,M
100002273,5,5 ,1748413783,2025-05-28,26,F
100002274,4,444,1748447815,2025-05-28,35,M
100002275,777,222,1748441179,2025-05-28,34,M
100002276,111,2,1748439027,2025-05-28,41,F
100002276,111,2,1748439027,2025-05-28,41,F
100002277,5,444,1748526778,2025-05-29,28,M
100002278,6,3,1748554833,2025-05-29,33,F
100002279,333,333,1748556098,2025-05-29,31,M
100002280,666,3,1748538637,2025-05-29,37,M
100002281,4 ,333,1748514907,2025-05-29,34,M
100002282,5,111 ,1748580646,2025-05-30,26,M
100002283,444,111,1748614295,2025-05-30,37,M
100002284,2,555,1748567854,2025-05-30,32,F
100002285,666,5 ,1748598465,2025-05-30,32,M
100002286,999,4,1748576308,2025-05-30,36,M
100002287,444,555,1748567998,2025-05-30,37,F
100002288,777,3,1748648206,2025-05-30,36,F
100002289,1 ,444,1748704939,2025-05-31,43,M
100002290,444,444,1748721250,2025-05-31,30,F
100002291,999,555,1748732721,2025-05-31,36,F
100002292,1,1,1748701765,2025-05-31,33,M
100002293,666,1,1748654838,2025-05-31,33,M
100002294,6,3 ,1748687428,2025-05-31,39,F
100002295,555,555,1748656215,2025-05-31,42,M
100002296,444,222,1748736657,2025-06-01,35,M
100002297,4,2,1748744094,2025-06-01,42,M
100002298,3,111,1748767887,2025-06-01,27,M
100002299,999,1,1748756507,2025-06-01,42,M
100002300,1,555,1748768031,2025-06-01,31,F
100002301,7,444,1748843805,2025-06-02,28,F
100002302,444,3,1748881281,2025-06-02,40,F
100002303,444,5,1748905316,2025-06-02,37,M
100002304,4,111,1748862429,2025-06-02,36,M
100002305,4,2 ,1748864578,2025-06-02,46,M
100002306,555,1,1748904670,2025-06-02,35,M
100002307,666,333,1748865373,2025-06-02,27,F
100002308,333 ,2,1748963700,2025-06-03,36,F
100002309,888,5,1748966377,2025-06-03,32,F
100002310,7,555,1748911980,2025-06-03,33,F
100002311,666,1,1748927341,2025-06-03,27,M
100002312,3,3,1748920345,2025-06-03,34,F
100002313,2 ,2,1749038620,2025-06-04,43,F
100002314,222,444,1749022102,2025-06-04,41,F
100002315,3,111,1749066779,2025-06-04,36,M
100002316,6,1,1749073373,2025-06-04,34,F
100002317,3,444 ,1748996430,2025-06-04,46,M
100002318,3,555 ,1749079567,2025-06-04,33,F
100002319,7,1,1749056144,2025-06-04,35,M
100002320,666,555,1749138179,2025-06-05,34,M
100002321,1,5,1749112477,2025-06-05,31,M
100002322,666,5,1749155047,2025-06-05,31,F
100002323,2,3 ,1749107285,2025-06-05,29,M
100002324,555,3,1749190467,2025-06-06,33,F
100002325,555,222,1749170761,2025-06-06,40,F
100002326,999,1,1749248920,2025-06-06,37,M
100002327,333,1,1749215890,2025-06-06,34,M
100002328,5,2,1749176850,2025-06-06,32,M
100002329,3,2,1749225228,2025-06-06,36,F
100002330,4,3,1749176200,2025-06-06,30,M
100002328,5,2,1749176850,2025-06-06,32,M
100002329,3,2,1749225228,2025-06-06,36,F
100002331,5,444,1749291502,2025-06-07,28,M
100002332,333,3,1749311753,2025-06-07,41,M
100002333,222,3,1749273027,2025-06-07,27,F
100002334,6,3,1749282475,2025-06-07,37,M
100002335,555,4,1749277457,2025-06-07,47,M
100002336,1,1,1749295538,2025-06-07,32,F
100002337,9,111,1749296129,2025-06-07,22,M
100002338,2,555,1749376469,2025-06-08,27,F
100002339,5,2,1749347912,2025-06-08,30,F
100002340,1,5,1749415509,2025-06-08,34,F
100002341,111,111,1749484924,2025-06-09,31,M
100002342,111,555,1749464072,2025-06-09,25,M
100002343,4,4,1749440076,2025-06-09,38,M
100002344,222,4,1749595224,2025-06-10,37,F
100002345,111,444,1749559648,2025-06-10,41,M
100002346,999,111,1749548320,2025-06-10,38,M
100002347,5,222,1749579593,2025-06-10,37,M
100002348,2,1,1749554504,2025-06-10,44,M
100002349,4,5,1749575101,2025-06-10,36,F
100002350,6,444 ,1749530095,2025-06-10,38,M
100002351,888,4,1749674296,2025-06-11,35,M
100002352,2 ,555,1749639794,2025-06-11,45,F
100002353,222,555,1749644074,2025-06-11,32,M
100002354,3,5,1749667316,2025-06-11,44,M
100002355,5,555,1749646697,2025-06-11,35,F
100002356,555,333 ,1749717401,2025-06-12,29,M
100002357,2,5,1749752466,2025-06-12,37,M
100002358,7,1,1749693839,2025-06-12,51,M
100002359,1,1,1749697164,2025-06-12,38,M
100002360,2,5,1749715160,2025-06-12,29,M
100002361,111,444,1749711955,2025-06-12,43,M
100002362,2,111,1749800776,2025-06-13,24,M
100002363,222,333 ,1749775783,2025-06-13,39,F
100002364,444,3,1749849017,2025-06-13,36,F
100002365,888,333,1749848395,2025-06-13,36,F
100002366,4,4,1749790746,2025-06-13,42,F
100002367,6,444,1749777186,2025-06-13,39,F
100002368,9 ,4,1749808877,2025-06-13,31,F
100002369,666 ,4,1749861623,2025-06-14,40,M
100002370,555,5,1749899398,2025-06-14,46,F
100002371,6,5,1749872590,2025-06-14,36,F
100002372,9,222,1750000405,2025-06-15,39,M
100002373,5,555,1750007932,2025-06-15,40,M
100002374,1,3,1749991752,2025-06-15,24,M
100002375,6,333,1749960418,2025-06-15,34,F
100002376,1,3,1750014755,2025-06-15,35,M
100002377,333,3,1749965340,2025-06-15,41,F
100002378,1 ,3,1750020618,2025-06-15,36,M
100002379,7,1,1750036625,2025-06-16,32,M
100002380,444,4,1750113922,2025-06-16,29,M
100002381,3,3,1750059438,2025-06-16,38,M
100002382,2,3,1750107214,2025-06-16,49,F
100002383,2,3 ,1750089847,2025-06-16,38,F
100002384,5,1,1750091426,2025-06-16,34,F
100002385,555,333,1750202490,2025-06-17,34,F
100002386,333,1,1750166289,2025-06-17,29,M
100002387,6,4,1750191713,2025-06-17,35,F
100002388,4,3,1750161613,2025-06-17,34,M
100002389,111,111,1750187433,2025-06-17,29,M
100002390,6 ,111,1750200346,2025-06-17,27,M
100002391,4,222,1750158069,2025-06-17,32,F
100002392,4 ,3 ,1750285848,2025-06-18,38,M
100002393,444,1,1750231804,2025-06-18,39,M
100002394,2,4,1750243319,2025-06-18,33,M
100002395,1,444,1750207165,2025-06-18,42,M
100002396,4,111,1750266421,2025-06-18,43,F
100002397,666,111,1750304602,2025-06-19,34,M
100002398,4,4,1750339749,2025-06-19,25,F
100002399,6 ,4,1750309925,2025-06-19,44,F
100002400,444,4 ,1750325287,2025-06-19,29,M
100002401,666,111,1750291521,2025-06-19,39,F
100002402,111,1,1750362512,2025-06-19,39,F
100002403,4,4,1750353318,2025-06-19,34,F
100002404,1,2,1750449210,2025-06-20,36,F
100002405,4,555 ,1750447804,2025-06-20,40,F
100002406,2,4,1750403123,2025-06-20,39,M
100002407,666,5,1750446395,2025-06-20,48,M
100002408,222,444,1750377794,2025-06-20,33,F
100002409,111,555,1750385613,2025-06-20,48,F
100002410,5,4,1750505573,2025-06-21,38,M
100002411,111,1,1750524994,2025-06-21,35,F
100002412,8,111,1750465326,2025-06-21,39,M
100002413,5,111,1750489231,2025-06-21,34,M
100002414,5,555,1750595807,2025-06-22,30,F
100002415,4,4,1750590390,2025-06-22,39,F
100002416,6,555,1750569838,2025-06-22,26,M
100002417,222,5,1750612947,2025-06-22,34,F
100002418,888,333,1750618378,2025-06-22,27,M
100002419,3,444,1750719245,2025-06-23,45,F
100002420,666,5,1750670607,2025-06-23,34,M
100002421,555,555,1750695415,2025-06-23,37,M
100002422,4,222,1750659148,2025-06-23,37,M
100002423,555,222,1750721416,2025-06-23,33,M
100002424,222,222,1750681011,2025-06-23,33,F
100002425,8,222,1750801233,2025-06-24,42,F
100002426,111,3,1750759363,2025-06-24,30,M
100002427,5,3,1750787053,2025-06-24,33,M
100002428,777,3,1750754316,2025-06-24,19,F
100002429,555,3,1750763064,2025-06-24,43,M
100002430,555,1,1750782453,2025-06-24,28,M
100002431,666,4,1750779341,2025-06-24,31,M
100002432,6 ,5 ,1750814005,2025-06-25,34,M
100002433,4,444,1750859648,2025-06-25,31,M
100002434,222,2,1750887700,2025-06-25,38,F
100002435,111,1 ,1750890808,2025-06-25,26,M
100002436,444,5,1750869082,2025-06-25,32,M
100002437,5,4 ,1750810146,2025-06-25,30,M
100002438,3,4,1750838065,2025-06-25,32,F
100002439,666,1,1750901822,2025-06-26,24,M
100002440,666,1,1750950946,2025-06-26,31,M
100002441,2,5,1750907937,2025-06-26,40,M
100002442,5,5,1750943383,2025-06-26,27,M
100002443,444,444,1750981863,2025-06-26,30,F
100002444,6,5,1750969769,2025-06-26,29,F
100002445,4,5,1750999595,2025-06-27,37,M
100002446,2,111,1751033374,2025-06-27,26,M
100002447,1,3,1751056732,2025-06-27,33,F
100002448,6,1,1750990596,2025-06-27,30,M
100002449,5,5,1751003596,2025-06-27,43,M
100002450,1,4,1751050424,2025-06-27,27,M
100002451,2,333,1751040115,2025-06-27,31,M
100002452,3,333,1751098249,2025-06-28,31,M
100002453,3,3,1751109306,2025-06-28,36,M
100002454,6 ,4,1751123032,2025-06-28,35,M
100002455,222,4,1751077370,2025-06-28,45,F
100002456,333,333,1751091523,2025-06-28,43,F
100002457,222,4,1751178611,2025-06-29,33,M
100002458,4,5,1751219091,2025-06-29,36,M
100002459,555,333,1751158531,2025-06-29,29,M
100002460,444,444,1751168636,2025-06-29,33,F
100002461,6,555,1751161250,2025-06-29,37,F
100002462,666,3,1751195878,2025-06-29,33,F
100002463,1,4,1751174061,2025-06-29,50,M
100002464,3,4,1751323003,2025-06-30,26,M
100002465,3,4,1751325272,2025-06-30,34,F
100002466,111 ,5,1751248673,2025-06-30,32,M
100002467,333,3,1751284493,2025-06-30,42,F
100002468,9,444,1751314859,2025-06-30,36,M
100002469,777 ,5,1751252474,2025-06-30,37,M
100002470,555,4,1751257891,2025-06-30,34,M
100002471,9,5,1751345517,2025-07-01,27,M
100002472,111,222,1751396499,2025-07-01,28,M
100002473,6,1,1751365468,2025-07-01,41,F
100002474,111,555,1751354345,2025-07-01,36,F
100002475,4,1,1751359452,2025-07-01,31,F
100002476,4,5,1751369481,2025-07-01,27,M
100002477,9,444,1751437476,2025-07-02,41,M
100002478,444,333,1751451776,2025-07-02,30,M
100002479,5,5,1751474778,2025-07-02,34,M
100002480,444,555,1751447595,2025-07-02,37,M
100002481,111,2,1751523425,2025-07-03,35,F
100002482,2,111,1751567056,2025-07-03,36,F
100002483,3,333,1751514537,2025-07-03,36,M
100002484,555 ,5,1751552626,2025-07-03,40,F
100002485,1,3,1751567881,2025-07-03,41,M
100002486,3 ,222,1751607540,2025-07-04,42,F
100002487,222,3,1751666168,2025-07-04,41,F
100002488,222,5,1751619560,2025-07-04,40,M
100002489,7,1,1751602109,2025-07-04,44,M
100002490,6 ,111,1751605548,2025-07-04,34,M
100002487,222,3,1751666168,2025-07-04,41,F
100002491,5,1,1751704663,2025-07-05,30,M
100002492,777,3,1751722364,2025-07-05,37,M
100002493,333,5,1751750179,2025-07-05,29,M
100002494,111,222,1751736096,2025-07-05,33,M
100002495,3,555,1751742353,2025-07-05,36,M
100002496,777,111,1751728940,2025-07-05,48,F
100002497,6,2,1751698475,2025-07-05,36,M
100002496,777,111,1751728940,2025-07-05,48,F
100002492,777,3,1751722364,2025-07-05,37,M
100002498,555,333,1751797646,2025-07-06,43,F
100002499,8,3,1751772456,2025-07-06,22,M
100002500,6 ,5,1751822001,2025-07-06,30,M
100002501,6,5,1751798997,2025-07-06,32,M
100002502,4,5,1751774600,2025-07-06,37,F
100002503,3,333 ,1751805860,2025-07-06,32,M
100002504,6,111,1751766673,2025-07-06,42,F
100002505,6,1 ,1751931455,2025-07-07,50,M
100002506,4,4,1751919287,2025-07-07,34,M
100002507,2,222,1751898796,2025-07-07,43,M
100002508,3,444,1751870399,2025-07-07,40,M
100002509,2,3,1751922501,2025-07-07,34,F
100002510,4,555,1751850048,2025-07-07,37,M
100002511,222,4,1751961225,2025-07-08,36,M
100002512,3,5,1751937960,2025-07-08,29,M
100002513,111,444 ,1751969042,2025-07-08,43,M
100002514,777 ,3,1751952759,2025-07-08,30,M
100002515,3,1 ,1751946441,2025-07-08,34,M
100002516,6,333,1751962597,2025-07-08,32,F
100002517,3,2,1752013638,2025-07-08,26,F
100002518,555,4 ,1752050453,2025-07-09,39,F
100002519,8,3,1752095005,2025-07-09,23,F
100002520,555,3 ,1752021339,2025-07-09,38,M
100002521,555,5,1752080165,2025-07-09,39,M
100002522,5,5,1752034725,2025-07-09,30,M
100002523,2,333,1752046002,2025-07-09,32,F
100002524,2,3,1752088337,2025-07-09,29,M
100002525,3,5,1752186748,2025-07-10,44,F
100002526,666,3,1752109454,2025-07-10,37,M
100002527,9,333,1752132225,2025-07-10,30,M
100002528,6,222,1752140504,2025-07-10,40,F
100002529,222,444,1752183124,2025-07-10,38,M
100002530,999,111,1752188860,2025-07-10,27,M
100002531,222 ,5,1752268475,2025-07-11,26,M
100002532,666,555,1752273322,2025-07-11,43,M
100002533,888 ,3 ,1752212506,2025-07-11,40,M
100002534,4,1,1752257134,2025-07-11,42,F
100002535,4 ,1,1752250026,2025-07-11,32,M
100002536,4,555,1752315829,2025-07-12,33,F
100002537,9,555,1752328220,2025-07-12,40,F
100002538,3,5 ,1752326522,2025-07-12,37,M
100002539,555,555,1752299840,2025-07-12,34,F
100002540,555,333,1752313287,2025-07-12,38,F
100002541,4,2,1752306553,2025-07-12,31,F
100002542,6,1,1752311887,2025-07-12,43,M
100002543,444,3 ,1752393124,2025-07-13,30,M
100002544,555,1,1752421237,2025-07-13,29,F
100002545,4,333,1752367028,2025-07-13,49,M
100002546,5,1,1752370940,2025-07-13,28,F
100002547,444,111,1752427729,2025-07-13,33,F
100002548,4,444,1752487591,2025-07-14,37,M
100002549,444,333,1752513408,2025-07-14,40,F
100002550,333,1,1752506171,2025-07-14,34,M
100002551,222 ,4,1752528923,2025-07-14,30,M
100002552,111,555 ,1752496267,2025-07-14,45,M
100002553,444,5,1752560023,2025-07-15,38,M
100002554,2,3 ,1752601292,2025-07-15,31,M
100002555,2,1 ,1752591247,2025-07-15,31,M
100002556,2,444,1752612471,2025-07-15,37,M
100002557,444,4,1752548053,2025-07-15,41,M
100002558,333,5,1752644363,2025-07-16,31,F
100002559,1,1,1752684850,2025-07-16,34,F
100002560,666,444,1752687491,2025-07-16,39,M
100002561,222,2,1752633756,2025-07-16,30,M
100002562,111,444 ,1752674833,2025-07-16,31,F
100002563,111,555,1752701478,2025-07-16,41,M
100002564,4,5,1752679417,2025-07-16,43,M
100002565,444,555,1752753690,2025-07-17,28,F
100002566,444,333 ,1752731162,2025-07-17,34,M
100002567,555,2,1752762368,2025-07-17,35,F
100002568,6,555,1752733611,2025-07-17,35,M
100002569,4,111,1752789370,2025-07-17,33,M
100002570,6,5,1752821256,2025-07-18,26,M
100002571,7,222,1752851193,2025-07-18,38,M
100002572,3,5,1752837226,2025-07-18,38,M
100002573,3,444,1752820820,2025-07-18,39,M
100002574,666,555,1752826496,2025-07-18,27,F
100002575,333,1,1752846720,2025-07-18,44,M
100002576,2,222,1752857767,2025-07-18,42,M
100002577,2,333,1752932976,2025-07-19,29,M
100002578,3,1,1752892242,2025-07-19,31,F
100002579,4,3,1752936129,2025-07-19,39,M
100002580,5,3,1752938515,2025-07-19,40,F
100002581,4,4,1752960045,2025-07-19,32,M
100002582,6,3,1752955153,2025-07-19,31,M
100002583,3,4,1752905357,2025-07-19,38,M
100002584,4,4,1753017569,2025-07-20,46,M
100002585,2,3,1753002342,2025-07-20,37,M
100002586,1,5,1753006408,2025-07-20,42,M
100002587,111,333,1752994391,2025-07-20,40,M
100002588,3,444,1752998924,2025-07-20,31,F
100002589,222,444 ,1753095681,2025-07-21,37,M
100002590,333,222,1753069266,2025-07-21,22,M
100002591,666,444,1753095147,2025-07-21,45,M
100002592,3,3,1753104727,2025-07-21,27,F
100002593,8,111,1753100515,2025-07-21,33,M
100002594,3 ,1,1753119545,2025-07-21,30,F
100002595,111,5,1753226376,2025-07-22,41,F
100002596,222,444,1753182215,2025-07-22,33,F
100002597,1,1 ,1753164667,2025-07-22,41,F
100002598,9,222,1753223315,2025-07-22,32,M
100002599,6,1,1753183778,2025-07-22,39,M
100002600,6,5,1753270292,2025-07-23,28,M
100002601,5,3,1753244421,2025-07-23,33,M
100002602,1,5,1753231666,2025-07-23,37,F
100002603,3,555 ,1753287936,2025-07-23,36,F
100002604,111,444,1753274411,2025-07-23,36,M
100002605,111,5,1753255326,2025-07-23,30,M
100002606,4,2,1753326883,2025-07-24,35,M
100002607,5,2,1753400324,2025-07-24,31,M
100002608,888,5,1753371624,2025-07-24,40,F
100002609,2,2,1753348256,2025-07-24,31,F
100002610,333,5,1753367991,2025-07-24,44,F
100002611,4,4,1753333533,2025-07-24,39,M
100002612,555,1,1753333615,2025-07-24,49,F
100002613,1,5,1753445947,2025-07-25,38,M
100002614,5,444,1753470412,2025-07-25,28,F
100002615,5 ,5,1753470058,2025-07-25,35,M
100002616,111,1,1753412909,2025-07-25,51,M
100002617,1,333,1753428420,2025-07-25,40,M
100002618,7,333,1753403364,2025-07-25,30,M
100002619,555,444,1753402028,2025-07-25,33,M
100002620,666,333,1753523701,2025-07-26,22,F
100002621,4,5,1753550933,2025-07-26,39,M
100002622,2,222 ,1753506400,2025-07-26,37,M
100002623,3,5,1753516193,2025-07-26,38,M
100002624,3,1,1753558429,2025-07-26,36,M
100002625,1,3,1753619852,2025-07-27,31,M
100002626,2,111,1753607091,2025-07-27,28,F
100002627,1 ,111,1753622422,2025-07-27,35,M
100002628,7,333,1753599723,2025-07-27,46,M
100002629,3,5,1753594570,2025-07-27,42,M
100002630,6 ,333,1753595303,2025-07-27,27,M
100002631,888,555,1753592196,2025-07-27,33,M
100002632,666,444,1753678443,2025-07-28,44,M
100002633,4,4,1753696283,2025-07-28,34,F
100002634,2,111,1753710945,2025-07-28,44,F
100002635,3,3 ,1753729016,2025-07-28,43,M
100002636,8,1,1753709025,2025-07-28,37,M
100002637,1,444,1753720733,2025-07-28,39,M
100002638,2,1,1753813041,2025-07-29,37,M
100002639,1,111,1753802847,2025-07-29,40,M
100002640,555,444,1753827225,2025-07-29,33,M
100002641,444,4,1753791581,2025-07-29,42,M
100002642,1,4,1753766040,2025-07-29,25,M
100002643,333,5,1753749442,2025-07-29,39,M
100002644,444,5,1753858256,2025-07-30,33,M
100002645,4,333,1753846897,2025-07-30,22,M
100002646,777,444,1753843011,2025-07-30,28,M
100002647,9,555,1753879699,2025-07-30,34,M
100002648,666,4,1753871690,2025-07-30,43,M
100002649,444,3,1753884040,2025-07-30,35,F
100002650,5,1,1753984760,2025-07-31,18,M
100002651,6,1,1753969872,2025-07-31,34,F
100002652,222,5,1753931098,2025-07-31,30,M
100002653,1,2,1753924682,2025-07-31,30,M
100002654,5,111,1753930388,2025-07-31,43,M
100002655,666,2,1753924987,2025-07-31,33,M
100002656,555,555,1753983286,2025-07-31,36,M
100002657,444,444 ,1754074989,2025-08-01,28,M
100002658,888,2 ,1754022026,2025-08-01,32,F
100002659,4,3 ,1754025292,2025-08-01,25,M
100002660,888,3,1754078216,2025-08-01,32,M
100002661,444,3,1754037273,2025-08-01,29,M
100002662,3,222,1754057077,2025-08-01,34,M
100002663,7,4,1754060368,2025-08-01,30,F
100002664,111,5,1754106283,2025-08-02,30,M
100002665,4 ,4,1754131482,2025-08-02,46,M
100002666,2,444 ,1754170154,2025-08-02,33,M
100002667,888,3,1754177764,2025-08-02,40,F
100002668,555,3,1754169902,2025-08-02,40,M
100002669,2,2,1754128241,2025-08-02,25,F
100002670,666,4 ,1754255585,2025-08-03,36,M
100002671,444,4,1754228461,2025-08-03,43,M
100002672,5,111,1754219048,2025-08-03,41,F
100002673,999,3,1754241002,2025-08-03,43,M
100002674,4,111,1754278810,2025-08-04,26,M
100002675,6,555,1754331998,2025-08-04,27,M
100002676,4,1,1754277609,2025-08-04,34,M
100002677,222,3,1754301274,2025-08-04,34,M
100002678,4,1,1754311029,2025-08-04,37,M
100002679,666,1,1754327167,2025-08-04,26,F
100002680,111,4,1754275240,2025-08-04,40,M
100002681,2,1,1754420615,2025-08-05,35,M
100002682,9,444,1754361874,2025-08-05,38,M
100002683,4,333,1754365806,2025-08-05,49,M
100002684,3 ,2,1754383972,2025-08-05,29,M
100002685,4 ,333,1754356696,2025-08-05,22,M
100002686,444,555,1754513802,2025-08-06,32,M
100002687,444 ,444,1754467333,2025-08-06,35,F
100002688,333,3,1754500623,2025-08-06,39,M
100002689,555,5,1754480016,2025-08-06,29,M
100002690,777,5,1754472851,2025-08-06,43,M
100002691,1,1,1754454877,2025-08-06,42,M
100002692,3,111,1754595136,2025-08-07,36,M
100002693,222,333,1754569452,2025-08-07,37,M
100002694,1,111,1754547907,2025-08-07,40,F
100002695,5,2,1754560082,2025-08-07,37,M
100002696,6,555,1754578398,2025-08-07,34,M
100002697,222,4,1754594635,2025-08-07,37,M
100002698,4,333,1754596660,2025-08-07,30,F
100002699,6 ,5,1754623974,2025-08-08,36,M
100002700,5,5,1754632713,2025-08-08,28,M
100002701,555,2,1754671506,2025-08-08,38,F
100002702,333 ,1,1754691233,2025-08-08,35,M
100002703,3,333,1754678543,2025-08-08,38,F
100002704,555,3,1754654688,2025-08-08,32,F
100002705,3,5,1754712833,2025-08-09,32,F
100002706,4,5,1754706237,2025-08-09,35,F
100002707,2,111,1754773745,2025-08-09,35,M
100002708,6 ,333,1754732843,2025-08-09,37,M
100002709,5,111,1754703704,2025-08-09,39,M
100002710,5,1,1754717094,2025-08-09,30,M
100002711,5,555,1754766446,2025-08-09,44,F
100002712,444,555,1754814407,2025-08-10,21,F
100002713,2,111,1754818603,2025-08-10,34,F
100002714,7,333,1754784972,2025-08-10,30,M
100002715,333,5,1754830468,2025-08-10,40,M
100002716,5,1,1754814864,2025-08-10,41,F
100002717,5 ,333,1754925651,2025-08-11,39,M
100002718,3,333,1754880292,2025-08-11,44,M
100002719,555,222,1754920205,2025-08-11,33,M
100002720,6,111,1754947934,2025-08-11,47,M
100002721,4,4,1754945844,2025-08-11,27,F
100002722,3,3,1754968045,2025-08-12,35,M
100002723,222,333,1754983797,2025-08-12,42,F
100002724,6,333 ,1755002261,2025-08-12,40,M
100002722,3,3,1754968045,2025-08-12,35,M
100002725,8,3,1755106300,2025-08-13,39,F
100002726,6,4,1755077629,2025-08-13,36,M
100002727,4,2,1755052082,2025-08-13,35,M
100002728,1,555,1755082545,2025-08-13,36,M
100002729,222 ,555,1755060964,2025-08-13,33,M
100002730,111,4,1755102152,2025-08-13,32,M
100002731,5,111,1755126968,2025-08-13,32,M
100002732,555 ,3,1755211263,2025-08-14,36,M
100002733,333,222,1755137820,2025-08-14,41,F
100002734,666,1 ,1755192336,2025-08-14,36,F
100002735,5,444,1755174345,2025-08-14,29,M
100002736,444,111,1755149124,2025-08-14,35,M
100002737,5,111,1755149952,2025-08-14,44,F
100002738,333,5,1755198219,2025-08-14,31,M
100002739,888,555,1755229070,2025-08-15,43,M
100002740,444,111,1755220042,2025-08-15,38,M
100002741,1,555,1755229312,2025-08-15,38,F
100002742,1,111,1755238879,2025-08-15,45,M
100002743,5,1,1755232823,2025-08-15,22,M
100002744,3,5,1755239006,2025-08-15,37,M
100002745,555,1,1755357011,2025-08-16,44,M
100002746,444 ,2,1755318265,2025-08-16,23,F
100002747,9,111,1755358787,2025-08-16,35,F
100002748,5,4,1755337482,2025-08-16,33,M
100002749,555,5,1755335110,2025-08-16,43,F
100002750,3 ,111,1755440662,2025-08-17,38,F
100002751,2,5,1755414291,2025-08-17,40,M
100002752,2,555,1755420286,2025-08-17,37,M
100002753,4,4 ,1755464905,2025-08-17,35,F
100002754,4,444 ,1755403366,2025-08-17,33,F
100002755,3,3,1755549594,2025-08-18,35,F
100002756,6,444,1755546777,2025-08-18,33,M
100002757,4,5,1755544920,2025-08-18,34,M
100002758,2,111,1755514232,2025-08-18,40,M
100002759,9,111,1755518623,2025-08-18,36,M
100002760,555,3 ,1755496159,2025-08-18,44,M
100002761,555,3,1755534270,2025-08-18,35,F
100002762,6,2,1755601635,2025-08-19,34,M
100002763,1,2,1755576412,2025-08-19,42,M
100002764,4,3,1755609147,2025-08-19,33,M
100002765,666,1,1755585978,2025-08-19,41,M
100002766,1,1,1755630538,2025-08-19,36,M
100002767,2,5,1755645331,2025-08-19,26,M
100002768,111,3,1755642775,2025-08-19,39,F
100002769,555,222,1755662293,2025-08-20,34,M
100002770,5,333,1755651085,2025-08-20,36,F
100002771,6,444,1755726854,2025-08-20,29,M
100002772,6,444,1755655321,2025-08-20,34,F
100002773,444,444,1755651509,2025-08-20,38,M
100002774,999,222,1755726254,2025-08-20,42,M
100002775,4,1,1755692709,2025-08-20,38,F
100002776,6,4,1755783913,2025-08-21,28,F
100002777,2,333,1755740414,2025-08-21,30,F
100002778,9,1,1755754074,2025-08-21,31,M
100002779,9,555,1755748123,2025-08-21,42,F
100002780,5 ,3,1755792136,2025-08-21,42,F
100002781,333,1,1755753399,2025-08-21,33,F
100002782,9,2,1755897522,2025-08-22,29,M
100002783,666,5,1755887285,2025-08-22,42,M
100002784,2,2,1755877961,2025-08-22,43,M
100002785,999 ,4,1755852086,2025-08-22,33,M
100002786,2,5,1755839172,2025-08-22,30,F
100002787,8,111,1755888199,2025-08-22,28,F
100002788,8,555,1755979806,2025-08-23,37,M
100002789,222,333,1755939520,2025-08-23,32,F
100002790,666 ,5,1755910956,2025-08-23,33,F
100002791,3,2,1755953585,2025-08-23,35,M
100002792,444,1,1755952581,2025-08-23,36,M
100002793,9,555,1755977246,2025-08-23,31,F
100002794,666,111,1756073858,2025-08-24,36,F
100002795,5 ,222,1756041508,2025-08-24,31,M
100002796,999,1,1756014027,2025-08-24,34,M
100002797,2,333,1756076725,2025-08-24,44,F
100002798,666,333,1756046953,2025-08-24,38,F
100002799,5,444,1756058894,2025-08-24,27,F
100002800,1,1,1756001198,2025-08-24,35,M
100002801,2,3 ,1756110205,2025-08-25,33,M
100002802,1,1,1756137351,2025-08-25,38,M
100002803,8,5 ,1756091687,2025-08-25,30,M
100002804,444,4,1756139659,2025-08-25,26,M
100002805,1,222,1756092239,2025-08-25,42,M
100002806,999,222,1756230012,2025-08-26,32,M
100002807,6,2,1756211321,2025-08-26,54,F
100002808,4,222,1756212425,2025-08-26,40,M
100002809,6,555,1756180407,2025-08-26,39,F
100002810,1,333,1756203290,2025-08-26,40,F
100002811,888,555,1756197594,2025-08-26,30,M
100002812,7,4,1756210652,2025-08-26,35,M
100002813,555,1,1756305119,2025-08-27,35,M
100002814,4,3,1756284620,2025-08-27,26,M
100002815,999,4,1756316701,2025-08-27,38,M
100002816,3,4,1756305654,2025-08-27,25,M
100002817,5,2,1756271396,2025-08-27,35,M
100002818,1,1,1756323869,2025-08-27,33,F
100002819,4,3,1756287970,2025-08-27,39,F
100002820,6,4,1756368136,2025-08-28,34,F
100002821,1 ,1 ,1756400133,2025-08-28,33,M
100002822,999,4,1756418246,2025-08-28,39,F
100002823,1,3,1756374122,2025-08-28,40,F
100002824,1,4 ,1756377821,2025-08-28,37,M
