date,id_vendor,type_wood,price_wood_PerBF
2024-01-01,1,mahogany,11.39
2024-01-01,1,rosewood,66.75
2024-01-01,2,rosewood,55.17
2024-01-01,3,mahogany,11.9
2024-01-01,1,maple,6.41
2024-01-01,2,mahogany,11.52
2024-01-01,222,maple,5.4
2024-01-01,3,maple,6.72
2024-01-01,3,rosewood,68.72
2024-01-02,1,maple,6.62
2024-01-02,1,rosewood,70.96
2024-01-02,3,rosewood,63.29
2024-01-02,111,mahogany,12.89
2024-01-02,2,mahogany,13.95
2024-01-02,2,maple,5.75
2024-01-02,222,rosewood,76.14
2024-01-02,3,mahogany,13.39
2024-01-02,3,maple,5.7
2024-01-03,1,maple,6.42
2024-01-03,2,mahogany,14.45
2024-01-03,3,maple,6.1
2024-01-03,1,mahogany,13.99
2024-01-03,111,rosewood,62.05
2024-01-03,222,maple,6.72
2024-01-03,222 ,rosewood,82.21
2024-01-03,3,mahogany,13.77
2024-01-03,3,rosewood,72.51
2024-01-04,1,maple,6.28
2024-01-04,2,rosewood,64.89
2024-01-04,3,maple,6.57
2024-01-04,1,mahogany,12.32
2024-01-04,1 ,rosewood,83.79
2024-01-04,2,mahogany,13.94
2024-01-04,2,maple,5.18
2024-01-04,3 ,mahogany,13.42
2024-01-04,333,rosewood,63.11
2024-01-05,1,maple,6.52
2024-01-05,2,maple,6.47
2024-01-05,3,mahogany,13.55
2024-01-05,3,maple,6.91
2024-01-05,1,rosewood,71.46
2024-01-05,111,mahogany,12.13
2024-01-05,2 ,mahogany,13.97
2024-01-05,2 ,rosewood,78.99
2024-01-05,3,rosewood,74.26
2024-01-06,1,mahogany,13.75
2024-01-06,2,mahogany,12.58
2024-01-06,3,maple,6.57
2024-01-06,1,maple,6.2
2024-01-06,1 ,rosewood,71.91
2024-01-06,222,rosewood,75.08
2024-01-06,222 ,maple,6.13
2024-01-06,3,mahogany,12.43
2024-01-06,3,rosewood,79.8
2024-01-07,2,mahogany,14.35
2024-01-07,3,mahogany,13.05
2024-01-07,1,mahogany,13.56
2024-01-07,111,maple,6.77
2024-01-07,111,rosewood,77.45
2024-01-07,2,rosewood,73.89
2024-01-07,2 ,maple,4.59
2024-01-07,3,maple,5.61
2024-01-07,333,rosewood,70.0
2024-01-08,2,mahogany,14.88
2024-01-08,2,maple,5.6
2024-01-08,3,mahogany,13.27
2024-01-08,1,rosewood,66.34
2024-01-08,111,mahogany,12.92
2024-01-08,111,maple,6.0
2024-01-08,2,rosewood,74.82
2024-01-08,3,maple,7.07
2024-01-08,333 ,rosewood,61.89
2024-01-09,1,rosewood,71.57
2024-01-09,2,mahogany,11.33
2024-01-09,333,maple,5.64
2024-01-09,1,mahogany,12.55
2024-01-09,1,maple,6.04
2024-01-09,2,maple,5.68
2024-01-09,2 ,rosewood,66.45
2024-01-09,3,mahogany,10.71
2024-01-09,3,rosewood,69.96
2024-01-10,2,maple,5.98
2024-01-10,111,rosewood,64.37
2024-01-10,1,mahogany,
2024-01-10,1,maple,6.7
2024-01-10,2,mahogany,10.22
2024-01-10,2 ,rosewood,78.65
2024-01-10,3,maple,6.35
2024-01-10,3,rosewood,65.85
2024-01-10,333 ,mahogany,12.07
2024-01-11,1,rosewood,74.32
2024-01-11,1,mahogany,12.26
2024-01-11,111,maple,6.87
2024-01-11,2,mahogany,
2024-01-11,2,maple,6.71
2024-01-11,2,rosewood,70.8
2024-01-11,3 ,mahogany,12.39
2024-01-11,3 ,maple,6.74
2024-01-11,3 ,rosewood,59.15
2024-01-12,2,rosewood,66.97
2024-01-12,111,rosewood,68.42
2024-01-12,222,mahogany,12.3
2024-01-12,222,maple,6.22
2024-01-12,111,mahogany,12.83
2024-01-12,111,maple,6.2
2024-01-12,3,mahogany,10.9
2024-01-12,3,maple,5.84
2024-01-12,3,rosewood,68.15
2024-01-13,2,maple,6.58
2024-01-13,3,mahogany,12.9
2024-01-13,3,rosewood,72.56
2024-01-13,1,maple,
2024-01-13,1,rosewood,77.66
2024-01-13,1 ,mahogany,13.11
2024-01-13,2,mahogany,14.34
2024-01-13,2,rosewood,70.21
2024-01-13,333,maple,5.7
2024-01-13,333,maple,5.7
2024-01-14,3,mahogany,11.85
2024-01-14,1,maple,5.63
2024-01-14,1 ,mahogany,11.91
2024-01-14,111,rosewood,69.37
2024-01-14,2,mahogany,12.09
2024-01-14,2,rosewood,73.57
2024-01-14,2 ,maple,6.82
2024-01-14,3,maple,5.71
2024-01-14,333 ,rosewood,70.25
2024-01-15,1,maple,5.53
2024-01-15,1,rosewood,73.15
2024-01-15,2,rosewood,72.82
2024-01-15,3,rosewood,73.0
2024-01-15,1,mahogany,11.6
2024-01-15,2,mahogany,10.95
2024-01-15,2,maple,5.77
2024-01-15,3,maple,5.92
2024-01-15,333,mahogany,12.77
2024-01-16,1,maple,6.36
2024-01-16,2,maple,6.44
2024-01-16,3,mahogany,11.91
2024-01-16,222,mahogany,13.93
2024-01-16,1 ,mahogany,11.31
2024-01-16,111,rosewood,66.63
2024-01-16,2,rosewood,71.29
2024-01-16,3,maple,6.54
2024-01-16,3,rosewood,68.28
2024-01-17,3,rosewood,77.37
2024-01-17,1,mahogany,13.4
2024-01-17,1 ,maple,6.64
2024-01-17,1 ,rosewood,57.62
2024-01-17,2,mahogany,14.31
2024-01-17,2,maple,6.36
2024-01-17,2,rosewood,66.72
2024-01-17,3,maple,6.68
2024-01-17,333,mahogany,13.33
2024-01-18,2,rosewood,75.89
2024-01-18,222,mahogany,13.61
2024-01-18,1,mahogany,11.56
2024-01-18,1,maple,5.06
2024-01-18,111,rosewood,79.98
2024-01-18,2,maple,8.67
2024-01-18,3,mahogany,13.35
2024-01-18,3,maple,5.09
2024-01-18,333,rosewood,69.73
2024-01-19,2,mahogany,12.78
2024-01-19,3,rosewood,73.79
2024-01-19,1,mahogany,
2024-01-19,1,maple,5.56
2024-01-19,1,rosewood,66.21
2024-01-19,2,maple,5.62
2024-01-19,2 ,rosewood,71.53
2024-01-19,3 ,mahogany,11.09
2024-01-19,3 ,maple,5.86
2024-01-20,1,mahogany,11.31
2024-01-20,1,maple,6.05
2024-01-20,2,rosewood,48.58
2024-01-20,111,rosewood,68.72
2024-01-20,2,maple,7.94
2024-01-20,222,mahogany,9.37
2024-01-20,3,mahogany,14.2
2024-01-20,3,maple,6.31
2024-01-20,3 ,rosewood,70.58
2024-01-21,1,mahogany,11.15
2024-01-21,2,mahogany,
2024-01-21,3,mahogany,13.02
2024-01-21,3,maple,5.89
2024-01-21,1,maple,
2024-01-21,1,rosewood,70.56
2024-01-21,2,rosewood,80.78
2024-01-21,2 ,maple,6.53
2024-01-21,3,rosewood,64.55
2024-01-22,1,rosewood,70.68
2024-01-22,3,rosewood,69.38
2024-01-22,222,rosewood,56.63
2024-01-22,1,maple,5.93
2024-01-22,111 ,mahogany,11.08
2024-01-22,2,mahogany,16.2
2024-01-22,2,maple,6.25
2024-01-22,3,mahogany,12.27
2024-01-22,333,maple,5.49
2024-01-23,3,maple,6.98
2024-01-23,222,maple,6.37
2024-01-23,1,rosewood,64.16
2024-01-23,111,mahogany,12.88
2024-01-23,111,maple,6.11
2024-01-23,2,mahogany,14.9
2024-01-23,2,rosewood,81.7
2024-01-23,3,rosewood,58.87
2024-01-23,333 ,mahogany,12.05
2024-01-24,111,mahogany,11.22
2024-01-24,333,maple,5.94
2024-01-24,1,maple,5.65
2024-01-24,1,rosewood,72.14
2024-01-24,2,mahogany,13.54
2024-01-24,2,rosewood,61.79
2024-01-24,222,maple,5.71
2024-01-24,3 ,mahogany,12.97
2024-01-24,3 ,rosewood,67.51
2024-01-25,1,maple,5.74
2024-01-25,2,rosewood,75.88
2024-01-25,3,rosewood,69.8
2024-01-25,1,mahogany,13.31
2024-01-25,111,rosewood,50.51
2024-01-25,2,maple,7.07
2024-01-25,222,mahogany,10.87
2024-01-25,3,maple,6.32
2024-01-25,333,mahogany,12.33
2024-01-26,1,rosewood,71.56
2024-01-26,3,maple,5.74
2024-01-26,222,maple,5.65
2024-01-26,1,mahogany,12.51
2024-01-26,111,maple,6.16
2024-01-26,2,rosewood,87.02
2024-01-26,2 ,mahogany,12.75
2024-01-26,3,rosewood,73.62
2024-01-26,3 ,mahogany,12.43
2024-01-27,2,maple,5.42
2024-01-27,3,mahogany,11.82
2024-01-27,3,maple,7.15
2024-01-27,222,mahogany,15.21
2024-01-27,1,mahogany,12.3
2024-01-27,1,rosewood,62.99
2024-01-27,111,maple,6.53
2024-01-27,222 ,rosewood,74.0
2024-01-27,3 ,rosewood,74.35
2024-01-28,1,maple,6.39
2024-01-28,1,rosewood,72.68
2024-01-28,2,rosewood,68.75
2024-01-28,3,maple,6.95
2024-01-28,3,rosewood,74.8
2024-01-28,1,mahogany,11.76
2024-01-28,2,maple,5.22
2024-01-28,222 ,mahogany,12.49
2024-01-28,333 ,mahogany,11.77
2024-01-29,2,rosewood,64.62
2024-01-29,3,mahogany,12.54
2024-01-29,3,maple,6.31
2024-01-29,333,rosewood,68.17
2024-01-29,1,mahogany,12.81
2024-01-29,1,maple,6.55
2024-01-29,1 ,rosewood,72.25
2024-01-29,2,mahogany,16.59
2024-01-29,2,maple,6.8
2024-01-30,1,rosewood,67.43
2024-01-30,2,maple,5.13
2024-01-30,2,rosewood,70.4
2024-01-30,111,maple,7.05
2024-01-30,111,mahogany,10.74
2024-01-30,222,mahogany,13.5
2024-01-30,3,mahogany,13.67
2024-01-30,3,maple,6.07
2024-01-30,3,rosewood,63.33
2024-01-31,2,mahogany,14.79
2024-01-31,111,rosewood,74.74
2024-01-31,1,mahogany,10.31
2024-01-31,1 ,maple,6.33
2024-01-31,2,rosewood,70.3
2024-01-31,222 ,maple,6.24
2024-01-31,3,mahogany,12.64
2024-01-31,3 ,maple,6.48
2024-01-31,333,rosewood,64.33
2024-02-01,1,mahogany,13.05
2024-02-01,3,rosewood,64.02
2024-02-01,222,rosewood,53.03
2024-02-01,1,rosewood,81.22
2024-02-01,111 ,maple,6.19
2024-02-01,222,mahogany,11.05
2024-02-01,222,maple,6.59
2024-02-01,3,maple,
2024-02-01,333,mahogany,11.57
2024-02-02,1,mahogany,10.25
2024-02-02,3,mahogany,12.31
2024-02-02,3,maple,6.53
2024-02-02,222,mahogany,14.42
2024-02-02,1,maple,6.75
2024-02-02,1,rosewood,78.59
2024-02-02,2 ,maple,8.6
2024-02-02,222,rosewood,
2024-02-02,3,rosewood,74.99
2024-02-03,2,maple,6.45
2024-02-03,3,mahogany,12.2
2024-02-03,3,maple,7.16
2024-02-03,222,mahogany,13.38
2024-02-03,1,maple,6.25
2024-02-03,1,rosewood,62.53
2024-02-03,1 ,mahogany,11.78
2024-02-03,2,rosewood,82.83
2024-02-03,3 ,rosewood,64.9
2024-02-04,1,mahogany,12.21
2024-02-04,1,maple,6.13
2024-02-04,1,rosewood,69.51
2024-02-04,2,mahogany,17.34
2024-02-04,2,rosewood,65.18
2024-02-04,2 ,maple,6.6
2024-02-04,3,mahogany,11.91
2024-02-04,3,rosewood,76.4
2024-02-04,333,maple,6.15
2024-02-05,1,mahogany,11.18
2024-02-05,333,rosewood,60.55
2024-02-05,1,maple,5.7
2024-02-05,1,rosewood,73.52
2024-02-05,2,maple,6.03
2024-02-05,2,rosewood,76.1
2024-02-05,222,mahogany,10.45
2024-02-05,3,mahogany,13.08
2024-02-05,3,maple,5.83
2024-02-06,2,rosewood,57.06
2024-02-06,3,rosewood,78.07
2024-02-06,111,mahogany,12.47
2024-02-06,1 ,maple,6.14
2024-02-06,111,rosewood,73.0
2024-02-06,2,mahogany,10.82
2024-02-06,2,maple,6.33
2024-02-06,3,mahogany,12.56
2024-02-06,3,maple,6.51
2024-02-07,1,maple,5.91
2024-02-07,1,rosewood,67.7
2024-02-07,333,rosewood,71.68
2024-02-07,1,mahogany,13.6
2024-02-07,2,mahogany,12.8
2024-02-07,2,rosewood,56.5
2024-02-07,2 ,maple,6.33
2024-02-07,3,mahogany,12.28
2024-02-07,3 ,maple,5.98
2024-02-08,3,maple,7.11
2024-02-08,3,rosewood,64.98
2024-02-08,111,rosewood,78.24
2024-02-08,1,mahogany,10.42
2024-02-08,111,maple,7.22
2024-02-08,2,mahogany,12.11
2024-02-08,2,maple,6.25
2024-02-08,2,rosewood,80.55
2024-02-08,3 ,mahogany,12.59
2024-02-09,1,maple,6.78
2024-02-09,1,rosewood,74.03
2024-02-09,1 ,mahogany,13.68
2024-02-09,2,maple,7.56
2024-02-09,2 ,mahogany,13.64
2024-02-09,222 ,rosewood,86.19
2024-02-09,3,mahogany,14.3
2024-02-09,3,rosewood,63.28
2024-02-09,3 ,maple,7.28
2024-02-10,3,mahogany,13.79
2024-02-10,3,rosewood,71.0
2024-02-10,111,mahogany,13.21
2024-02-10,1,maple,5.78
2024-02-10,111,rosewood,69.47
2024-02-10,2,mahogany,12.34
2024-02-10,2,maple,8.03
2024-02-10,2,rosewood,77.47
2024-02-10,3 ,maple,6.04
2024-02-11,2,mahogany,15.65
2024-02-11,111,maple,5.74
2024-02-11,111,rosewood,67.55
2024-02-11,1,mahogany,13.83
2024-02-11,2,rosewood,65.02
2024-02-11,222,maple,5.63
2024-02-11,3 ,rosewood,65.79
2024-02-11,333,mahogany,12.68
2024-02-11,333,maple,6.81
2024-02-12,3,rosewood,68.86
2024-02-12,1,mahogany,12.56
2024-02-12,1 ,rosewood,67.26
2024-02-12,111,maple,6.47
2024-02-12,2,mahogany,10.4
2024-02-12,2,maple,7.31
2024-02-12,2 ,rosewood,68.92
2024-02-12,3,maple,6.17
2024-02-12,333,mahogany,9.63
2024-02-13,1,mahogany,12.16
2024-02-13,1,rosewood,78.78
2024-02-13,2,rosewood,79.33
2024-02-13,3,maple,6.04
2024-02-13,1,maple,6.03
2024-02-13,222,mahogany,7.95
2024-02-13,222,maple,7.17
2024-02-13,3 ,rosewood,66.37
2024-02-13,333,mahogany,11.25
2024-02-14,1,maple,6.0
2024-02-14,2,maple,5.74
2024-02-14,333,rosewood,75.2
2024-02-14,1,mahogany,12.54
2024-02-14,1,rosewood,72.44
2024-02-14,2,rosewood,62.63
2024-02-14,222 ,mahogany,14.19
2024-02-14,3,maple,5.47
2024-02-14,333 ,mahogany,12.21
2024-02-15,1,mahogany,12.87
2024-02-15,1,rosewood,76.05
2024-02-15,2,maple,5.94
2024-02-15,2,rosewood,74.17
2024-02-15,2,rosewood,74.17
2024-02-15,1,maple,7.12
2024-02-15,2,mahogany,14.06
2024-02-15,3,mahogany,13.26
2024-02-15,3 ,rosewood,69.41
2024-02-15,333,maple,6.51
2024-02-16,1,mahogany,12.84
2024-02-16,2,rosewood,92.22
2024-02-16,222,mahogany,12.71
2024-02-16,222,maple,5.27
2024-02-16,1 ,rosewood,70.75
2024-02-16,111,maple,6.06
2024-02-16,3,mahogany,12.01
2024-02-16,3,rosewood,67.48
2024-02-16,333 ,maple,6.4
2024-02-17,2,mahogany,12.32
2024-02-17,2,maple,7.67
2024-02-17,3,maple,5.86
2024-02-17,3,rosewood,81.06
2024-02-17,1,mahogany,12.79
2024-02-17,1,rosewood,74.18
2024-02-17,1 ,maple,6.32
2024-02-17,222,rosewood,75.16
2024-02-17,3,mahogany,11.8
2024-02-18,2,maple,5.2
2024-02-18,1,mahogany,10.65
2024-02-18,1,maple,6.44
2024-02-18,1,rosewood,63.29
2024-02-18,2,mahogany,10.11
2024-02-18,2 ,rosewood,79.36
2024-02-18,3,rosewood,73.41
2024-02-18,3 ,mahogany,11.38
2024-02-18,333,maple,6.2
2024-02-19,1,mahogany,11.67
2024-02-19,2,maple,8.57
2024-02-19,3,mahogany,12.18
2024-02-19,1,maple,6.23
2024-02-19,1,rosewood,67.37
2024-02-19,2,mahogany,14.31
2024-02-19,2,rosewood,55.9
2024-02-19,3,maple,6.77
2024-02-19,333,rosewood,69.8
2024-02-20,2,rosewood,59.97
2024-02-20,1,mahogany,11.16
2024-02-20,1 ,rosewood,74.58
2024-02-20,111,maple,6.59
2024-02-20,2,mahogany,10.24
2024-02-20,222,maple,8.02
2024-02-20,3,mahogany,12.95
2024-02-20,3,maple,5.71
2024-02-20,333,rosewood,68.26
2024-02-21,1,maple,6.3
2024-02-21,2,maple,6.03
2024-02-21,1,rosewood,75.89
2024-02-21,111 ,mahogany,11.57
2024-02-21,2 ,mahogany,12.35
2024-02-21,2 ,rosewood,69.56
2024-02-21,3,rosewood,69.91
2024-02-21,3 ,mahogany,12.93
2024-02-21,3 ,maple,6.86
2024-02-22,1,maple,6.09
2024-02-22,2,maple,8.83
2024-02-22,3,maple,5.59
2024-02-22,1,mahogany,12.22
2024-02-22,1,rosewood,70.26
2024-02-22,2,mahogany,12.4
2024-02-22,2,rosewood,52.24
2024-02-22,3,mahogany,12.53
2024-02-22,333,rosewood,66.36
2024-02-23,3,rosewood,64.82
2024-02-23,1,mahogany,12.9
2024-02-23,1,rosewood,78.75
2024-02-23,1 ,maple,7.0
2024-02-23,2,mahogany,10.79
2024-02-23,2,maple,6.39
2024-02-23,222,rosewood,68.9
2024-02-23,3 ,maple,5.74
2024-02-23,333,mahogany,13.17
2024-02-24,2,maple,7.8
2024-02-24,2,rosewood,63.94
2024-02-24,3,rosewood,68.49
2024-02-24,222,mahogany,11.83
2024-02-24,1,mahogany,12.41
2024-02-24,1,maple,6.71
2024-02-24,1 ,rosewood,69.31
2024-02-24,3 ,mahogany,14.61
2024-02-24,3 ,maple,6.64
2024-02-25,1,mahogany,10.71
2024-02-25,1,maple,5.37
2024-02-25,1,rosewood,65.76
2024-02-25,2,mahogany,9.73
2024-02-25,3,mahogany,12.31
2024-02-25,3,maple,6.51
2024-02-25,2,rosewood,84.93
2024-02-25,222,maple,6.61
2024-02-25,3 ,rosewood,59.5
2024-02-26,222,rosewood,58.81
2024-02-26,1,maple,6.63
2024-02-26,1,rosewood,58.39
2024-02-26,1 ,mahogany,11.36
2024-02-26,2 ,maple,4.6
2024-02-26,222,mahogany,11.7
2024-02-26,3,mahogany,12.09
2024-02-26,3 ,rosewood,55.64
2024-02-26,333,maple,5.95
2024-02-27,1,mahogany,12.29
2024-02-27,3,mahogany,12.8
2024-02-27,111,rosewood,62.57
2024-02-27,222,rosewood,67.75
2024-02-27,333,maple,5.93
2024-02-27,111,maple,6.27
2024-02-27,2 ,maple,6.5
2024-02-27,222,mahogany,
2024-02-27,3,rosewood,64.4
2024-02-28,1,rosewood,70.76
2024-02-28,1 ,maple,5.78
2024-02-28,111,mahogany,13.52
2024-02-28,2,mahogany,15.82
2024-02-28,2 ,rosewood,74.62
2024-02-28,222,maple,8.09
2024-02-28,3,maple,6.67
2024-02-28,333,mahogany,12.65
2024-02-28,333,rosewood,80.29
2024-02-29,1,maple,6.42
2024-02-29,1,mahogany,13.44
2024-02-29,1 ,rosewood,72.52
2024-02-29,2,mahogany,12.87
2024-02-29,2 ,maple,6.99
2024-02-29,222,rosewood,73.3
2024-02-29,3,mahogany,10.12
2024-02-29,3,rosewood,64.58
2024-02-29,333,maple,6.55
2024-03-01,2,mahogany,11.36
2024-03-01,3,mahogany,11.04
2024-03-01,111,maple,6.44
2024-03-01,333,rosewood,61.1
2024-03-01,111,mahogany,13.63
2024-03-01,111,rosewood,72.34
2024-03-01,2,maple,7.09
2024-03-01,2 ,rosewood,108.1
2024-03-01,3,maple,6.64
2024-03-02,1,mahogany,12.8
2024-03-02,1,maple,6.48
2024-03-02,2,mahogany,9.76
2024-03-02,2,mahogany,9.76
2024-03-02,2,rosewood,65.8
2024-03-02,3,maple,6.09
2024-03-02,1,rosewood,67.96
2024-03-02,1,rosewood,67.96
2024-03-02,222,maple,7.71
2024-03-02,3,mahogany,12.59
2024-03-02,3,rosewood,65.5
2024-03-03,1,mahogany,13.52
2024-03-03,1,maple,5.72
2024-03-03,2,maple,5.58
2024-03-03,3,maple,6.32
2024-03-03,111 ,rosewood,
2024-03-03,2,mahogany,13.71
2024-03-03,2,rosewood,61.74
2024-03-03,3,mahogany,11.33
2024-03-03,3,rosewood,73.48
2024-03-04,1,maple,6.13
2024-03-04,1,rosewood,72.51
2024-03-04,2,mahogany,12.12
2024-03-04,2,maple,6.32
2024-03-04,111,mahogany,10.91
2024-03-04,2,rosewood,79.2
2024-03-04,3,mahogany,13.64
2024-03-04,3,maple,
2024-03-04,3,rosewood,69.43
2024-03-05,2,mahogany,12.55
2024-03-05,2,maple,6.48
2024-03-05,1,mahogany,15.23
2024-03-05,1,maple,6.24
2024-03-05,1,rosewood,71.29
2024-03-05,2,rosewood,
2024-03-05,3,mahogany,13.51
2024-03-05,3 ,maple,6.16
2024-03-05,333,rosewood,70.03
2024-03-06,2,maple,5.73
2024-03-06,3,rosewood,78.97
2024-03-06,1,mahogany,12.26
2024-03-06,1,maple,6.14
2024-03-06,1,rosewood,68.5
2024-03-06,2 ,rosewood,70.28
2024-03-06,222,mahogany,12.83
2024-03-06,3 ,maple,6.68
2024-03-06,333,mahogany,11.78
2024-03-07,1,mahogany,10.85
2024-03-07,3,mahogany,12.43
2024-03-07,1,rosewood,74.24
2024-03-07,111,maple,6.86
2024-03-07,2,rosewood,85.67
2024-03-07,222,mahogany,15.24
2024-03-07,222,maple,6.44
2024-03-07,3,maple,6.13
2024-03-07,3,rosewood,78.02
2024-03-08,1,mahogany,13.93
2024-03-08,1,maple,6.31
2024-03-08,1,rosewood,56.06
2024-03-08,2,maple,5.84
2024-03-08,3,rosewood,71.46
2024-03-08,222,mahogany,13.62
2024-03-08,222,rosewood,82.04
2024-03-08,3,mahogany,12.26
2024-03-08,3,maple,5.6
2024-03-09,1,rosewood,77.61
2024-03-09,2,maple,6.49
2024-03-09,3,rosewood,55.82
2024-03-09,111,maple,6.07
2024-03-09,333,maple,5.7
2024-03-09,1,mahogany,12.26
2024-03-09,2,mahogany,12.05
2024-03-09,2,rosewood,72.89
2024-03-09,3,mahogany,11.76
2024-03-10,2,mahogany,10.68
2024-03-10,2,maple,6.59
2024-03-10,111,rosewood,72.3
2024-03-10,111,mahogany,11.23
2024-03-10,111,maple,6.45
2024-03-10,2,rosewood,62.5
2024-03-10,3,rosewood,63.1
2024-03-10,3 ,maple,5.94
2024-03-10,333,mahogany,11.27
2024-03-11,1,rosewood,75.25
2024-03-11,2,maple,6.14
2024-03-11,3,maple,6.24
2024-03-11,1,mahogany,11.27
2024-03-11,1,maple,6.16
2024-03-11,2,mahogany,12.08
2024-03-11,2,rosewood,75.16
2024-03-11,3 ,mahogany,12.17
2024-03-11,333,rosewood,61.53
2024-03-12,2,maple,6.68
2024-03-12,3,mahogany,10.29
2024-03-12,3,rosewood,77.45
2024-03-12,1,mahogany,12.19
2024-03-12,1,maple,5.76
2024-03-12,1,rosewood,69.48
2024-03-12,2,rosewood,86.72
2024-03-12,2 ,mahogany,13.09
2024-03-12,3,maple,5.85
2024-03-13,2,maple,7.64
2024-03-13,333,mahogany,13.11
2024-03-13,1 ,maple,6.34
2024-03-13,1 ,rosewood,75.28
2024-03-13,111,mahogany,12.81
2024-03-13,2,mahogany,14.11
2024-03-13,2,rosewood,79.3
2024-03-13,3,maple,6.51
2024-03-13,333,rosewood,65.86
2024-03-14,1,mahogany,10.71
2024-03-14,2,mahogany,13.63
2024-03-14,2,rosewood,69.69
2024-03-14,3,mahogany,12.46
2024-03-14,111,rosewood,79.14
2024-03-14,1,maple,5.92
2024-03-14,2,maple,7.38
2024-03-14,3,rosewood,59.18
2024-03-14,333 ,maple,
2024-03-15,1,mahogany,10.74
2024-03-15,1,maple,6.66
2024-03-15,1,rosewood,71.11
2024-03-15,2,rosewood,88.6
2024-03-15,2 ,maple,7.07
2024-03-15,222,mahogany,12.51
2024-03-15,3,mahogany,12.85
2024-03-15,3,maple,6.16
2024-03-15,333,rosewood,61.87
2024-03-16,2,mahogany,12.5
2024-03-16,3,maple,6.58
2024-03-16,222,maple,7.22
2024-03-16,1,maple,6.26
2024-03-16,1,rosewood,72.47
2024-03-16,111,mahogany,11.85
2024-03-16,111,mahogany,11.85
2024-03-16,2,rosewood,88.62
2024-03-16,333 ,mahogany,12.18
2024-03-16,333 ,rosewood,68.33
2024-03-17,1,mahogany,11.49
2024-03-17,1,rosewood,64.81
2024-03-17,1 ,maple,5.93
2024-03-17,2,mahogany,10.31
2024-03-17,2,maple,6.42
2024-03-17,2,rosewood,59.31
2024-03-17,3,mahogany,10.18
2024-03-17,333,maple,5.66
2024-03-17,333,rosewood,66.15
2024-03-18,1,rosewood,78.27
2024-03-18,2,mahogany,10.31
2024-03-18,2,maple,6.82
2024-03-18,3,mahogany,11.97
2024-03-18,3,rosewood,71.22
2024-03-18,1,mahogany,12.02
2024-03-18,1,maple,5.98
2024-03-18,2 ,rosewood,67.26
2024-03-18,333,maple,6.85
2024-03-19,1,rosewood,64.76
2024-03-19,3,mahogany,13.01
2024-03-19,3,rosewood,68.66
2024-03-19,1 ,maple,5.98
2024-03-19,111,mahogany,
2024-03-19,2,rosewood,86.38
2024-03-19,2 ,maple,5.92
2024-03-19,2 ,maple,5.92
2024-03-19,222,mahogany,11.25
2024-03-19,3,maple,8.21
2024-03-20,1,mahogany,11.83
2024-03-20,2,mahogany,11.35
2024-03-20,2,maple,4.87
2024-03-20,111,maple,5.55
2024-03-20,1,rosewood,73.39
2024-03-20,2,rosewood,84.52
2024-03-20,3,mahogany,14.2
2024-03-20,3,maple,5.97
2024-03-20,3 ,rosewood,57.58
2024-03-21,1,maple,6.14
2024-03-21,2,maple,5.23
2024-03-21,2,rosewood,83.47
2024-03-21,333,maple,5.94
2024-03-21,1 ,mahogany,12.58
2024-03-21,111 ,rosewood,65.07
2024-03-21,2,mahogany,
2024-03-21,3,mahogany,12.39
2024-03-21,333,rosewood,67.09
2024-03-22,1,maple,6.81
2024-03-22,2,maple,4.5
2024-03-22,1,mahogany,13.02
2024-03-22,1,rosewood,
2024-03-22,2,mahogany,15.11
2024-03-22,2,rosewood,64.19
2024-03-22,3,mahogany,12.25
2024-03-22,3,maple,6.4
2024-03-22,3,rosewood,70.99
2024-03-23,2,mahogany,12.87
2024-03-23,2,maple,7.12
2024-03-23,2,rosewood,79.23
2024-03-23,1,rosewood,63.37
2024-03-23,1 ,mahogany,10.74
2024-03-23,111,maple,6.19
2024-03-23,3,maple,5.87
2024-03-23,333,mahogany,12.36
2024-03-23,333,rosewood,64.83
2024-03-24,1,rosewood,68.0
2024-03-24,2,maple,5.0
2024-03-24,3,mahogany,11.84
2024-03-24,3,rosewood,57.0
2024-03-24,1,maple,6.92
2024-03-24,111,mahogany,11.48
2024-03-24,2,mahogany,12.69
2024-03-24,2 ,rosewood,48.23
2024-03-24,3 ,maple,5.67
2024-03-25,1,mahogany,9.4
2024-03-25,1,maple,6.13
2024-03-25,2,mahogany,12.03
2024-03-25,111,rosewood,71.89
2024-03-25,222,rosewood,75.11
2024-03-25,333,rosewood,69.88
2024-03-25,2,maple,6.68
2024-03-25,3,maple,5.57
2024-03-25,3 ,mahogany,10.16
2024-03-26,1,rosewood,69.65
2024-03-26,3,mahogany,
2024-03-26,3,rosewood,67.79
2024-03-26,222,maple,
2024-03-26,1 ,mahogany,11.18
2024-03-26,111,maple,6.1
2024-03-26,2,mahogany,
2024-03-26,2,rosewood,60.43
2024-03-26,333,maple,5.84
2024-03-27,1,mahogany,11.4
2024-03-27,1,maple,6.19
2024-03-27,2,rosewood,61.6
2024-03-27,3,maple,5.62
2024-03-27,333,rosewood,62.68
2024-03-27,1,rosewood,67.18
2024-03-27,2,mahogany,16.13
2024-03-27,2,maple,6.28
2024-03-27,3,mahogany,12.26
2024-03-28,1,mahogany,12.7
2024-03-28,3,rosewood,63.16
2024-03-28,333,mahogany,11.09
2024-03-28,1,maple,7.16
2024-03-28,1,rosewood,76.95
2024-03-28,2,mahogany,11.18
2024-03-28,2,rosewood,72.4
2024-03-28,2 ,maple,6.32
2024-03-28,3,maple,6.23
2024-03-29,1,maple,5.53
2024-03-29,1,rosewood,73.41
2024-03-29,2,mahogany,9.51
2024-03-29,3,rosewood,56.98
2024-03-29,222,maple,8.02
2024-03-29,1,mahogany,11.88
2024-03-29,2,rosewood,79.28
2024-03-29,3,maple,6.61
2024-03-29,333 ,mahogany,13.61
2024-03-30,2,mahogany,11.8
2024-03-30,3,rosewood,64.31
2024-03-30,1,mahogany,13.11
2024-03-30,1,maple,6.46
2024-03-30,1,rosewood,65.51
2024-03-30,2,rosewood,38.59
2024-03-30,222,maple,6.36
2024-03-30,3,mahogany,13.83
2024-03-30,3 ,maple,6.36
2024-03-31,1,rosewood,75.92
2024-03-31,3,mahogany,11.78
2024-03-31,3,rosewood,71.36
2024-03-31,1,mahogany,12.04
2024-03-31,1,maple,6.25
2024-03-31,2,mahogany,11.89
2024-03-31,2,maple,7.68
2024-03-31,2,rosewood,64.32
2024-03-31,3 ,maple,6.76
2024-04-01,3,mahogany,11.69
2024-04-01,1,maple,5.35
2024-04-01,1 ,mahogany,11.54
2024-04-01,111,rosewood,75.66
2024-04-01,2,mahogany,13.9
2024-04-01,2,maple,6.63
2024-04-01,2,rosewood,77.32
2024-04-01,3,rosewood,67.97
2024-04-01,3 ,maple,6.22
2024-04-02,1,maple,5.96
2024-04-02,333,rosewood,81.95
2024-04-02,1,mahogany,13.28
2024-04-02,1,rosewood,68.0
2024-04-02,2,mahogany,12.12
2024-04-02,2 ,maple,6.51
2024-04-02,2 ,rosewood,74.99
2024-04-02,3,mahogany,10.64
2024-04-02,3,maple,6.49
2024-04-03,2,mahogany,
2024-04-03,3,mahogany,12.24
2024-04-03,222,rosewood,69.84
2024-04-03,1,maple,5.6
2024-04-03,1,rosewood,72.23
2024-04-03,111,mahogany,12.81
2024-04-03,2 ,maple,5.98
2024-04-03,3,maple,5.93
2024-04-03,3 ,rosewood,64.13
2024-04-04,1,mahogany,11.91
2024-04-04,1,maple,5.52
2024-04-04,1,rosewood,72.79
2024-04-04,333,maple,7.63
2024-04-04,2,maple,5.64
2024-04-04,2 ,mahogany,13.56
2024-04-04,2 ,rosewood,80.72
2024-04-04,3,mahogany,13.56
2024-04-04,3,rosewood,53.86
2024-04-05,1,maple,6.66
2024-04-05,1,rosewood,75.16
2024-04-05,2,rosewood,58.7
2024-04-05,3,mahogany,12.46
2024-04-05,111,mahogany,13.56
2024-04-05,2,mahogany,14.65
2024-04-05,2,maple,5.76
2024-04-05,3,maple,6.09
2024-04-05,3,rosewood,64.46
2024-04-06,1,rosewood,65.74
2024-04-06,3,rosewood,77.95
2024-04-06,222,maple,5.82
2024-04-06,1,maple,6.01
2024-04-06,1 ,mahogany,14.51
2024-04-06,2,mahogany,12.57
2024-04-06,2,rosewood,
2024-04-06,3,mahogany,12.6
2024-04-06,3,maple,6.62
2024-04-07,1,mahogany,12.02
2024-04-07,2,maple,5.82
2024-04-07,3,mahogany,12.46
2024-04-07,111,rosewood,69.04
2024-04-07,111 ,maple,5.26
2024-04-07,2,rosewood,73.43
2024-04-07,222 ,mahogany,10.51
2024-04-07,3,maple,5.36
2024-04-07,3 ,rosewood,62.88
2024-04-08,1,rosewood,72.24
2024-04-08,2,rosewood,63.51
2024-04-08,3,rosewood,72.55
2024-04-08,111,maple,5.9
2024-04-08,1,mahogany,11.33
2024-04-08,2,mahogany,14.37
2024-04-08,222,maple,6.16
2024-04-08,3,maple,
2024-04-08,3 ,mahogany,13.17
2024-04-09,1,rosewood,62.19
2024-04-09,3,maple,6.78
2024-04-09,222,rosewood,
2024-04-09,1,mahogany,11.95
2024-04-09,1 ,maple,5.33
2024-04-09,2,maple,5.47
2024-04-09,2 ,mahogany,16.11
2024-04-09,3,mahogany,11.87
2024-04-09,3,rosewood,67.13
2024-04-10,1,maple,5.88
2024-04-10,1,rosewood,74.95
2024-04-10,2,mahogany,12.47
2024-04-10,2,maple,6.33
2024-04-10,3,mahogany,13.19
2024-04-10,3,rosewood,76.07
2024-04-10,111,mahogany,12.65
2024-04-10,222,rosewood,68.19
2024-04-10,333,maple,6.99
2024-04-11,3,mahogany,12.69
2024-04-11,111,maple,6.81
2024-04-11,1,mahogany,13.28
2024-04-11,111,rosewood,65.71
2024-04-11,2,maple,6.1
2024-04-11,2,rosewood,77.82
2024-04-11,2 ,mahogany,8.0
2024-04-11,3,rosewood,67.75
2024-04-11,3 ,maple,5.41
2024-04-12,1,maple,5.67
2024-04-12,2,maple,4.64
2024-04-12,3,mahogany,13.4
2024-04-12,3,maple,6.68
2024-04-12,111,mahogany,11.54
2024-04-12,1,rosewood,72.26
2024-04-12,222,mahogany,14.59
2024-04-12,222,rosewood,81.07
2024-04-12,3,rosewood,74.19
2024-04-13,1,rosewood,73.62
2024-04-13,2,maple,6.75
2024-04-13,3,mahogany,12.38
2024-04-13,3,maple,6.1
2024-04-13,1 ,maple,6.2
2024-04-13,111,mahogany,11.48
2024-04-13,2,rosewood,
2024-04-13,222,mahogany,9.01
2024-04-13,3,rosewood,61.36
2024-04-14,1,rosewood,64.62
2024-04-14,111,mahogany,13.4
2024-04-14,111,maple,6.16
2024-04-14,333,mahogany,12.55
2024-04-14,2,maple,5.87
2024-04-14,2 ,mahogany,10.26
2024-04-14,2 ,rosewood,76.81
2024-04-14,3,maple,6.37
2024-04-14,3,rosewood,75.58
2024-04-15,222,maple,4.24
2024-04-15,1,rosewood,65.38
2024-04-15,1 ,mahogany,11.97
2024-04-15,111,maple,5.75
2024-04-15,2,mahogany,8.12
2024-04-15,2,rosewood,92.27
2024-04-15,3,mahogany,13.18
2024-04-15,3,maple,6.64
2024-04-15,3,rosewood,79.3
2024-04-16,1,mahogany,9.59
2024-04-16,1,maple,6.34
2024-04-16,3,maple,6.78
2024-04-16,3,rosewood,77.89
2024-04-16,1,rosewood,72.52
2024-04-16,2,mahogany,13.83
2024-04-16,2,maple,7.14
2024-04-16,2,rosewood,66.29
2024-04-16,3,mahogany,11.57
2024-04-17,1,mahogany,13.93
2024-04-17,1,rosewood,65.11
2024-04-17,2,rosewood,68.6
2024-04-17,3,maple,5.68
2024-04-17,222,mahogany,11.37
2024-04-17,1,maple,6.07
2024-04-17,222,maple,4.83
2024-04-17,3,mahogany,12.46
2024-04-17,3,rosewood,72.19
2024-04-18,1,rosewood,66.48
2024-04-18,3,maple,6.79
2024-04-18,1,mahogany,13.76
2024-04-18,1,maple,5.35
2024-04-18,2,mahogany,12.31
2024-04-18,2 ,rosewood,80.09
2024-04-18,222,maple,6.46
2024-04-18,3,mahogany,12.86
2024-04-18,3,rosewood,67.19
2024-04-19,1,mahogany,11.49
2024-04-19,3,mahogany,12.8
2024-04-19,3,maple,6.03
2024-04-19,3,rosewood,68.42
2024-04-19,111,maple,6.16
2024-04-19,1,rosewood,59.73
2024-04-19,2,mahogany,12.63
2024-04-19,2 ,maple,5.64
2024-04-19,2 ,rosewood,78.47
2024-04-20,2,mahogany,11.0
2024-04-20,2,rosewood,74.32
2024-04-20,3,maple,6.18
2024-04-20,111,rosewood,61.52
2024-04-20,1,mahogany,11.57
2024-04-20,111 ,maple,6.46
2024-04-20,2,maple,5.92
2024-04-20,3,mahogany,14.0
2024-04-20,333,rosewood,69.39
2024-04-21,2,mahogany,13.83
2024-04-21,2,rosewood,64.72
2024-04-21,3,mahogany,11.97
2024-04-21,3,maple,5.63
2024-04-21,3,rosewood,69.44
2024-04-21,1,maple,6.58
2024-04-21,1,rosewood,71.81
2024-04-21,111 ,mahogany,12.11
2024-04-21,2,maple,9.06
2024-04-22,1,maple,6.19
2024-04-22,1,rosewood,67.68
2024-04-22,2,mahogany,14.27
2024-04-22,2,maple,7.06
2024-04-22,3,mahogany,13.41
2024-04-22,3,maple,5.52
2024-04-22,1,mahogany,12.51
2024-04-22,2,rosewood,63.55
2024-04-22,333,rosewood,59.37
2024-04-23,1,rosewood,70.79
2024-04-23,2,mahogany,16.13
2024-04-23,2,rosewood,57.58
2024-04-23,333,maple,6.58
2024-04-23,1 ,maple,4.8
2024-04-23,111 ,mahogany,11.82
2024-04-23,222,maple,5.48
2024-04-23,3,mahogany,11.94
2024-04-23,3,rosewood,61.04
2024-04-24,1,rosewood,80.06
2024-04-24,2,mahogany,13.99
2024-04-24,3,rosewood,63.09
2024-04-24,1,mahogany,11.34
2024-04-24,1,maple,5.57
2024-04-24,2,maple,5.05
2024-04-24,2,rosewood,78.28
2024-04-24,333,mahogany,10.33
2024-04-24,333,maple,5.99
2024-04-25,1,mahogany,11.96
2024-04-25,2,mahogany,
2024-04-25,2,maple,4.63
2024-04-25,2,rosewood,67.39
2024-04-25,3,mahogany,12.7
2024-04-25,3,rosewood,
2024-04-25,111,rosewood,60.82
2024-04-25,111,maple,5.64
2024-04-25,333 ,maple,7.18
2024-04-26,3,mahogany,13.69
2024-04-26,222,maple,7.89
2024-04-26,1,mahogany,10.34
2024-04-26,1,rosewood,69.63
2024-04-26,111,maple,5.89
2024-04-26,222,mahogany,
2024-04-26,222 ,rosewood,68.5
2024-04-26,3,maple,7.16
2024-04-26,333,rosewood,67.06
2024-04-27,1,maple,6.24
2024-04-27,1,rosewood,67.1
2024-04-27,2,maple,6.21
2024-04-27,1,mahogany,14.07
2024-04-27,2,mahogany,
2024-04-27,222,rosewood,72.05
2024-04-27,3,maple,6.28
2024-04-27,3,rosewood,60.85
2024-04-27,3 ,mahogany,12.32
2024-04-28,1,mahogany,11.16
2024-04-28,2,mahogany,12.77
2024-04-28,1,maple,5.92
2024-04-28,1,rosewood,80.97
2024-04-28,2,maple,6.16
2024-04-28,222,rosewood,70.16
2024-04-28,3,rosewood,77.36
2024-04-28,3 ,maple,7.01
2024-04-28,333 ,mahogany,12.62
2024-04-29,1,mahogany,11.23
2024-04-29,1,maple,5.31
2024-04-29,1,rosewood,69.5
2024-04-29,2,mahogany,14.0
2024-04-29,2,maple,7.37
2024-04-29,3,mahogany,13.52
2024-04-29,3,maple,6.36
2024-04-29,3,rosewood,66.28
2024-04-29,2,rosewood,70.4
2024-04-30,2,mahogany,
2024-04-30,3,maple,6.05
2024-04-30,111,maple,5.8
2024-04-30,1,rosewood,76.39
2024-04-30,1 ,mahogany,11.51
2024-04-30,2,maple,8.84
2024-04-30,2,rosewood,68.17
2024-04-30,3,mahogany,12.45
2024-04-30,3,rosewood,58.07
2024-05-01,2,rosewood,70.89
2024-05-01,1,mahogany,12.12
2024-05-01,1,maple,5.78
2024-05-01,111 ,rosewood,64.16
2024-05-01,2,mahogany,10.81
2024-05-01,2,maple,5.52
2024-05-01,3,mahogany,13.67
2024-05-01,333,maple,6.04
2024-05-01,333,rosewood,70.94
2024-05-02,1,mahogany,13.44
2024-05-02,2,mahogany,
2024-05-02,3,rosewood,
2024-05-02,222,maple,6.75
2024-05-02,1,maple,6.44
2024-05-02,1,rosewood,72.01
2024-05-02,222,rosewood,75.38
2024-05-02,3,mahogany,13.54
2024-05-02,3 ,maple,6.52
2024-05-03,1,maple,6.24
2024-05-03,1,rosewood,63.29
2024-05-03,111,mahogany,12.11
2024-05-03,2,mahogany,10.98
2024-05-03,2,maple,7.28
2024-05-03,2,rosewood,82.54
2024-05-03,3,maple,6.42
2024-05-03,333,mahogany,10.72
2024-05-03,333 ,rosewood,73.8
2024-05-04,1,rosewood,66.9
2024-05-04,2,maple,7.12
2024-05-04,2,rosewood,80.12
2024-05-04,3,mahogany,13.16
2024-05-04,1,mahogany,11.02
2024-05-04,1,maple,6.16
2024-05-04,2,mahogany,
2024-05-04,3,maple,5.87
2024-05-04,3,rosewood,58.95
2024-05-05,1,mahogany,11.82
2024-05-05,2,maple,4.42
2024-05-05,2,maple,4.42
2024-05-05,2,rosewood,59.53
2024-05-05,3,mahogany,11.87
2024-05-05,3,rosewood,61.33
2024-05-05,3,rosewood,61.33
2024-05-05,1,rosewood,73.27
2024-05-05,1 ,maple,5.56
2024-05-05,222 ,mahogany,9.91
2024-05-05,3,maple,6.12
2024-05-06,2,maple,6.35
2024-05-06,1,mahogany,12.39
2024-05-06,1,maple,6.21
2024-05-06,1 ,rosewood,67.32
2024-05-06,2 ,rosewood,74.9
2024-05-06,222,mahogany,16.8
2024-05-06,3,rosewood,59.95
2024-05-06,3 ,mahogany,12.35
2024-05-06,333 ,maple,5.88
2024-05-07,1,rosewood,74.91
2024-05-07,2,maple,5.84
2024-05-07,3,mahogany,13.41
2024-05-07,3,maple,6.44
2024-05-07,3,rosewood,62.42
2024-05-07,222,rosewood,68.81
2024-05-07,1,mahogany,12.22
2024-05-07,1,maple,6.68
2024-05-07,2,mahogany,14.94
2024-05-08,3,maple,6.32
2024-05-08,1,maple,5.49
2024-05-08,1,rosewood,64.55
2024-05-08,111,mahogany,12.52
2024-05-08,2,mahogany,16.23
2024-05-08,2,maple,6.05
2024-05-08,2,rosewood,61.78
2024-05-08,3,rosewood,77.07
2024-05-08,333,mahogany,12.21
2024-05-09,1,maple,6.0
2024-05-09,2,maple,6.24
2024-05-09,3,mahogany,12.97
2024-05-09,3,maple,6.24
2024-05-09,3,rosewood,67.83
2024-05-09,222,mahogany,
2024-05-09,1,mahogany,12.78
2024-05-09,1,rosewood,75.23
2024-05-09,2,rosewood,63.15
2024-05-10,1,maple,5.95
2024-05-10,1,rosewood,73.62
2024-05-10,2,maple,7.52
2024-05-10,2,rosewood,75.64
2024-05-10,3,rosewood,64.95
2024-05-10,111 ,mahogany,11.75
2024-05-10,2,mahogany,11.99
2024-05-10,3,mahogany,13.31
2024-05-10,3,maple,6.37
2024-05-11,2,mahogany,14.48
2024-05-11,3,mahogany,10.93
2024-05-11,111,rosewood,60.59
2024-05-11,111,rosewood,60.59
2024-05-11,1,maple,5.4
2024-05-11,111,mahogany,12.37
2024-05-11,2,maple,5.91
2024-05-11,2,rosewood,61.87
2024-05-11,3,rosewood,79.71
2024-05-11,333,maple,6.54
2024-05-12,1,rosewood,73.75
2024-05-12,2,mahogany,14.43
2024-05-12,3,rosewood,70.51
2024-05-12,1,mahogany,12.34
2024-05-12,111,maple,5.41
2024-05-12,2,rosewood,84.38
2024-05-12,222,maple,7.27
2024-05-12,3,mahogany,12.17
2024-05-12,3,maple,5.5
2024-05-13,1,rosewood,62.19
2024-05-13,2,mahogany,11.17
2024-05-13,3,maple,6.68
2024-05-13,1,mahogany,11.94
2024-05-13,1,maple,5.41
2024-05-13,2,maple,6.47
2024-05-13,2,rosewood,69.55
2024-05-13,3,mahogany,12.16
2024-05-13,3,rosewood,71.96
2024-05-14,1,mahogany,11.89
2024-05-14,2,mahogany,
2024-05-14,3,maple,6.32
2024-05-14,3,rosewood,73.02
2024-05-14,1 ,maple,6.34
2024-05-14,111 ,rosewood,73.47
2024-05-14,2,maple,6.7
2024-05-14,222,rosewood,79.29
2024-05-14,3 ,mahogany,13.03
2024-05-15,2,mahogany,10.17
2024-05-15,2,rosewood,65.97
2024-05-15,3,maple,5.82
2024-05-15,3,rosewood,70.79
2024-05-15,1,mahogany,13.03
2024-05-15,1,rosewood,68.28
2024-05-15,1 ,maple,4.75
2024-05-15,2 ,maple,6.75
2024-05-15,3,mahogany,13.47
2024-05-16,2,maple,6.07
2024-05-16,2,rosewood,61.04
2024-05-16,111,rosewood,68.58
2024-05-16,1,mahogany,12.83
2024-05-16,1 ,maple,5.95
2024-05-16,2,mahogany,10.69
2024-05-16,3,maple,6.91
2024-05-16,333 ,mahogany,11.98
2024-05-16,333 ,rosewood,68.66
2024-05-17,1,mahogany,11.18
2024-05-17,1,maple,5.79
2024-05-17,333,rosewood,67.71
2024-05-17,1,rosewood,64.36
2024-05-17,2,mahogany,12.51
2024-05-17,222,maple,7.69
2024-05-17,222,rosewood,59.95
2024-05-17,3,maple,6.49
2024-05-17,333,mahogany,13.29
2024-05-18,3,mahogany,13.21
2024-05-18,3,maple,7.81
2024-05-18,3,rosewood,58.03
2024-05-18,1,mahogany,11.13
2024-05-18,1,maple,6.6
2024-05-18,1,rosewood,77.72
2024-05-18,2,rosewood,98.31
2024-05-18,2 ,maple,6.72
2024-05-18,222,mahogany,12.72
2024-05-19,2,mahogany,12.79
2024-05-19,2,maple,6.91
2024-05-19,3,rosewood,71.09
2024-05-19,111,rosewood,71.6
2024-05-19,1,maple,6.06
2024-05-19,1 ,mahogany,11.74
2024-05-19,2,rosewood,97.13
2024-05-19,3,mahogany,11.27
2024-05-19,333,maple,6.62
2024-05-20,1,mahogany,13.69
2024-05-20,1,maple,6.22
2024-05-20,3,maple,6.15
2024-05-20,1,rosewood,74.64
2024-05-20,2,mahogany,14.51
2024-05-20,2,maple,6.23
2024-05-20,222 ,rosewood,81.02
2024-05-20,3,mahogany,13.24
2024-05-20,333,rosewood,61.45
2024-05-21,1,maple,5.53
2024-05-21,1,rosewood,70.76
2024-05-21,2,maple,6.53
2024-05-21,1,mahogany,11.84
2024-05-21,2,mahogany,
2024-05-21,222,rosewood,78.57
2024-05-21,3,mahogany,12.95
2024-05-21,333,maple,5.65
2024-05-21,333,rosewood,63.75
2024-05-22,2,mahogany,11.12
2024-05-22,2,maple,4.99
2024-05-22,2,rosewood,66.46
2024-05-22,3,mahogany,13.11
2024-05-22,1 ,maple,6.15
2024-05-22,111,rosewood,64.43
2024-05-22,111 ,mahogany,12.13
2024-05-22,333,rosewood,71.76
2024-05-22,333 ,maple,6.54
2024-05-23,1,maple,5.7
2024-05-23,2,mahogany,
2024-05-23,2,rosewood,72.9
2024-05-23,3,maple,7.53
2024-05-23,111,rosewood,75.79
2024-05-23,1 ,mahogany,11.36
2024-05-23,222,maple,6.16
2024-05-23,3,mahogany,10.75
2024-05-23,3 ,rosewood,71.66
2024-05-24,1,mahogany,11.29
2024-05-24,1,maple,5.46
2024-05-24,2,mahogany,
2024-05-24,2,maple,8.24
2024-05-24,3,maple,5.93
2024-05-24,1,rosewood,73.08
2024-05-24,2,rosewood,71.23
2024-05-24,3,mahogany,12.87
2024-05-24,3,rosewood,67.77
2024-05-25,1,mahogany,11.46
2024-05-25,1,rosewood,70.59
2024-05-25,2,maple,6.82
2024-05-25,3,mahogany,13.82
2024-05-25,1,maple,5.85
2024-05-25,2,mahogany,15.1
2024-05-25,222,rosewood,68.03
2024-05-25,3,maple,6.33
2024-05-25,3,rosewood,70.22
2024-05-26,1,mahogany,11.18
2024-05-26,3,rosewood,69.99
2024-05-26,1,rosewood,73.66
2024-05-26,111,maple,6.4
2024-05-26,2,maple,5.12
2024-05-26,2,rosewood,68.09
2024-05-26,2 ,mahogany,
2024-05-26,3 ,mahogany,11.73
2024-05-26,3 ,maple,6.83
2024-05-27,3,mahogany,12.19
2024-05-27,222,rosewood,71.21
2024-05-27,1,mahogany,13.01
2024-05-27,1,maple,5.29
2024-05-27,111,rosewood,62.93
2024-05-27,222,mahogany,11.37
2024-05-27,222,maple,7.41
2024-05-27,3,maple,5.87
2024-05-27,3,rosewood,62.48
2024-05-28,1,mahogany,11.86
2024-05-28,2,maple,6.05
2024-05-28,3,mahogany,11.73
2024-05-28,3,rosewood,66.0
2024-05-28,333,maple,6.0
2024-05-28,1,maple,6.71
2024-05-28,1,rosewood,70.98
2024-05-28,2,mahogany,10.69
2024-05-28,2,rosewood,70.75
2024-05-29,1,mahogany,12.81
2024-05-29,2,rosewood,74.1
2024-05-29,3,mahogany,11.57
2024-05-29,1,rosewood,64.97
2024-05-29,111,maple,6.52
2024-05-29,2,maple,6.89
2024-05-29,222,mahogany,13.26
2024-05-29,3,maple,6.93
2024-05-29,3 ,rosewood,66.23
2024-05-30,1,rosewood,67.06
2024-05-30,2,maple,7.83
2024-05-30,111,mahogany,11.67
2024-05-30,111,maple,5.77
2024-05-30,2,mahogany,13.51
2024-05-30,2 ,rosewood,57.59
2024-05-30,3,mahogany,11.17
2024-05-30,3,rosewood,70.47
2024-05-30,333,maple,5.16
2024-05-31,2,mahogany,14.15
2024-05-31,3,maple,5.52
2024-05-31,222,maple,5.84
2024-05-31,1,mahogany,11.78
2024-05-31,1,maple,6.28
2024-05-31,1 ,rosewood,70.51
2024-05-31,2,rosewood,63.21
2024-05-31,3,mahogany,12.1
2024-05-31,3 ,rosewood,65.54
2024-06-01,1,maple,6.61
2024-06-01,2,mahogany,13.94
2024-06-01,2,rosewood,84.1
2024-06-01,3,rosewood,64.91
2024-06-01,111,mahogany,11.97
2024-06-01,111,rosewood,71.21
2024-06-01,2 ,maple,7.82
2024-06-01,3,mahogany,10.52
2024-06-01,3 ,maple,6.12
2024-06-02,2,mahogany,12.57
2024-06-02,3,mahogany,13.01
2024-06-02,333,maple,6.56
2024-06-02,1,mahogany,12.41
2024-06-02,1,maple,
2024-06-02,1,rosewood,70.46
2024-06-02,2,maple,7.89
2024-06-02,2,rosewood,60.85
2024-06-02,3 ,rosewood,64.35
2024-06-03,1,mahogany,10.26
2024-06-03,1,rosewood,74.08
2024-06-03,2,maple,5.16
2024-06-03,3,rosewood,75.15
2024-06-03,111,maple,6.08
2024-06-03,2,mahogany,10.18
2024-06-03,222 ,rosewood,64.57
2024-06-03,3,mahogany,11.89
2024-06-03,3,maple,6.48
2024-06-04,3,mahogany,11.28
2024-06-04,222,maple,5.98
2024-06-04,1,rosewood,69.03
2024-06-04,111,mahogany,13.71
2024-06-04,111,maple,6.84
2024-06-04,222,mahogany,13.7
2024-06-04,222,rosewood,81.43
2024-06-04,3,rosewood,69.51
2024-06-04,3 ,maple,6.25
2024-06-05,2,mahogany,
2024-06-05,2,maple,6.93
2024-06-05,2,rosewood,74.8
2024-06-05,3,mahogany,12.96
2024-06-05,1,mahogany,10.74
2024-06-05,1,maple,
2024-06-05,1,rosewood,65.78
2024-06-05,333,rosewood,73.27
2024-06-05,333 ,maple,6.14
2024-06-06,1,maple,5.48
2024-06-06,222,maple,5.88
2024-06-06,1,mahogany,12.11
2024-06-06,1 ,rosewood,69.52
2024-06-06,2,mahogany,12.83
2024-06-06,2,rosewood,82.71
2024-06-06,3,mahogany,13.29
2024-06-06,3,maple,5.97
2024-06-06,3,rosewood,66.83
2024-06-07,3,mahogany,12.0
2024-06-07,3,rosewood,63.67
2024-06-07,111,rosewood,69.93
2024-06-07,1,mahogany,12.09
2024-06-07,1,maple,6.13
2024-06-07,2,mahogany,9.26
2024-06-07,2,maple,7.83
2024-06-07,222 ,rosewood,77.43
2024-06-07,3,maple,5.96
2024-06-08,1,rosewood,69.41
2024-06-08,3,rosewood,58.7
2024-06-08,111,mahogany,12.34
2024-06-08,222,maple,6.93
2024-06-08,333,mahogany,12.37
2024-06-08,1 ,maple,5.48
2024-06-08,2,mahogany,13.65
2024-06-08,2 ,rosewood,82.62
2024-06-08,3,maple,6.32
2024-06-09,3,maple,5.63
2024-06-09,1,maple,5.82
2024-06-09,1 ,mahogany,
2024-06-09,111 ,rosewood,69.19
2024-06-09,2,maple,6.6
2024-06-09,2 ,mahogany,12.58
2024-06-09,2 ,rosewood,58.31
2024-06-09,3,rosewood,64.87
2024-06-09,3 ,mahogany,12.45
2024-06-10,2,mahogany,13.08
2024-06-10,3,rosewood,68.55
2024-06-10,1,mahogany,12.85
2024-06-10,1,maple,5.64
2024-06-10,1 ,rosewood,81.06
2024-06-10,2,maple,5.36
2024-06-10,2,rosewood,78.53
2024-06-10,3,mahogany,14.6
2024-06-10,3,maple,6.4
2024-06-11,2,rosewood,70.96
2024-06-11,3,maple,5.41
2024-06-11,3,rosewood,61.57
2024-06-11,1,mahogany,12.38
2024-06-11,1,maple,6.35
2024-06-11,1,rosewood,71.64
2024-06-11,2,mahogany,13.76
2024-06-11,2,maple,5.41
2024-06-11,3,mahogany,11.9
2024-06-12,3,mahogany,12.34
2024-06-12,3,maple,6.36
2024-06-12,1,mahogany,12.82
2024-06-12,1,maple,5.27
2024-06-12,1 ,rosewood,80.45
2024-06-12,2,mahogany,
2024-06-12,2,maple,5.74
2024-06-12,2,rosewood,47.92
2024-06-12,3,rosewood,60.12
2024-06-13,1,maple,5.26
2024-06-13,2,maple,6.23
2024-06-13,1,mahogany,13.22
2024-06-13,1,rosewood,79.36
2024-06-13,2,mahogany,14.56
2024-06-13,2 ,rosewood,47.57
2024-06-13,3,maple,4.97
2024-06-13,3,rosewood,67.18
2024-06-13,3 ,mahogany,12.81
2024-06-14,2,rosewood,57.22
2024-06-14,3,rosewood,68.47
2024-06-14,333,mahogany,12.5
2024-06-14,1,maple,5.44
2024-06-14,1,maple,5.44
2024-06-14,1,rosewood,71.42
2024-06-14,111 ,mahogany,12.63
2024-06-14,111 ,mahogany,12.63
2024-06-14,2,mahogany,10.82
2024-06-14,2,maple,7.74
2024-06-14,3 ,maple,5.48
2024-06-15,1,rosewood,71.38
2024-06-15,111,mahogany,12.01
2024-06-15,111,maple,5.22
2024-06-15,2,mahogany,11.51
2024-06-15,2,maple,7.32
2024-06-15,222,rosewood,73.62
2024-06-15,3,mahogany,13.26
2024-06-15,333,maple,6.44
2024-06-15,333,rosewood,74.24
2024-06-16,2,rosewood,87.35
2024-06-16,3,maple,5.96
2024-06-16,111,mahogany,12.49
2024-06-16,111,maple,5.71
2024-06-16,333,mahogany,12.53
2024-06-16,1 ,rosewood,73.59
2024-06-16,2 ,maple,5.79
2024-06-16,222,mahogany,11.87
2024-06-16,3,rosewood,72.97
2024-06-17,1,rosewood,75.31
2024-06-17,3,maple,6.25
2024-06-17,1,mahogany,12.12
2024-06-17,111 ,maple,6.07
2024-06-17,2,maple,7.38
2024-06-17,2,rosewood,73.98
2024-06-17,2 ,mahogany,11.58
2024-06-17,3,mahogany,12.83
2024-06-17,333,rosewood,77.27
2024-06-18,2,mahogany,
2024-06-18,2,rosewood,78.54
2024-06-18,3,mahogany,11.7
2024-06-18,3,maple,6.62
2024-06-18,111,mahogany,10.96
2024-06-18,1,rosewood,75.49
2024-06-18,1 ,maple,6.1
2024-06-18,2,maple,7.2
2024-06-18,3,rosewood,68.31
2024-06-19,1,rosewood,64.73
2024-06-19,3,rosewood,70.09
2024-06-19,333,mahogany,12.96
2024-06-19,1,mahogany,10.4
2024-06-19,1,maple,5.42
2024-06-19,2,mahogany,
2024-06-19,2,maple,4.64
2024-06-19,2 ,rosewood,75.02
2024-06-19,3,maple,6.51
2024-06-20,1,maple,6.66
2024-06-20,2,maple,5.68
2024-06-20,3,mahogany,13.72
2024-06-20,1,mahogany,12.67
2024-06-20,111,rosewood,64.37
2024-06-20,2,mahogany,10.55
2024-06-20,2,rosewood,79.93
2024-06-20,3,maple,6.26
2024-06-20,3,rosewood,77.67
2024-06-21,1,rosewood,62.72
2024-06-21,3,rosewood,75.67
2024-06-21,1,mahogany,13.22
2024-06-21,1 ,maple,5.85
2024-06-21,2,mahogany,12.3
2024-06-21,2 ,rosewood,60.56
2024-06-21,222,maple,7.77
2024-06-21,3,mahogany,13.25
2024-06-21,3,maple,5.31
2024-06-22,3,mahogany,12.41
2024-06-22,3,maple,6.14
2024-06-22,222,rosewood,73.57
2024-06-22,1,maple,6.57
2024-06-22,111,mahogany,11.16
2024-06-22,111,rosewood,85.67
2024-06-22,2,maple,7.51
2024-06-22,2 ,mahogany,13.53
2024-06-22,3,rosewood,74.33
2024-06-23,1,rosewood,63.66
2024-06-23,2,rosewood,61.14
2024-06-23,3,rosewood,63.25
2024-06-23,222,mahogany,10.66
2024-06-23,222,mahogany,10.66
2024-06-23,333,mahogany,13.8
2024-06-23,333,mahogany,13.8
2024-06-23,1,maple,5.41
2024-06-23,1 ,mahogany,12.84
2024-06-23,2,maple,6.48
2024-06-23,3,maple,6.65
2024-06-24,1,maple,6.01
2024-06-24,2,maple,5.93
2024-06-24,111,mahogany,10.75
2024-06-24,111,rosewood,64.17
2024-06-24,2,mahogany,13.81
2024-06-24,222,rosewood,70.38
2024-06-24,3,mahogany,10.55
2024-06-24,3,maple,6.74
2024-06-24,3,rosewood,73.74
2024-06-25,1,rosewood,73.47
2024-06-25,2,maple,6.2
2024-06-25,3,mahogany,12.39
2024-06-25,222,mahogany,13.8
2024-06-25,111,mahogany,12.67
2024-06-25,111,maple,5.72
2024-06-25,2,rosewood,64.35
2024-06-25,3,maple,6.27
2024-06-25,3,rosewood,67.98
2024-06-26,2,mahogany,15.85
2024-06-26,3,maple,5.58
2024-06-26,333,mahogany,12.24
2024-06-26,333,rosewood,60.45
2024-06-26,1,mahogany,11.94
2024-06-26,1,rosewood,77.79
2024-06-26,111,maple,5.8
2024-06-26,2,maple,6.99
2024-06-26,2,rosewood,75.58
2024-06-27,1,maple,5.52
2024-06-27,1,rosewood,74.53
2024-06-27,2,mahogany,10.08
2024-06-27,1,mahogany,12.39
2024-06-27,2,rosewood,73.26
2024-06-27,222,maple,7.48
2024-06-27,3,maple,5.61
2024-06-27,3,rosewood,75.79
2024-06-27,3 ,mahogany,12.81
2024-06-28,1,maple,5.54
2024-06-28,2,rosewood,
2024-06-28,1,mahogany,12.52
2024-06-28,1,rosewood,56.97
2024-06-28,2 ,maple,5.71
2024-06-28,222,mahogany,11.83
2024-06-28,3,rosewood,71.63
2024-06-28,3 ,mahogany,11.72
2024-06-28,333,maple,6.27
2024-06-29,1,maple,5.9
2024-06-29,2,maple,6.39
2024-06-29,3,mahogany,13.2
2024-06-29,1,mahogany,12.6
2024-06-29,1,rosewood,68.17
2024-06-29,2,mahogany,11.86
2024-06-29,2,rosewood,77.26
2024-06-29,3,rosewood,72.87
2024-06-29,3 ,maple,7.5
2024-06-30,3,mahogany,10.64
2024-06-30,3,rosewood,65.59
2024-06-30,111,maple,6.37
2024-06-30,1,mahogany,12.6
2024-06-30,1,rosewood,
2024-06-30,2,rosewood,57.6
2024-06-30,2 ,maple,7.85
2024-06-30,222 ,mahogany,12.83
2024-06-30,333,maple,5.54
2024-07-01,1,rosewood,76.04
2024-07-01,2,maple,5.67
2024-07-01,3,mahogany,11.68
2024-07-01,3,maple,6.11
2024-07-01,3,rosewood,59.62
2024-07-01,222,rosewood,57.63
2024-07-01,1,maple,6.15
2024-07-01,1 ,mahogany,11.89
2024-07-01,2,mahogany,11.53
2024-07-02,1,rosewood,71.22
2024-07-02,2,maple,6.78
2024-07-02,2,rosewood,86.37
2024-07-02,3,mahogany,12.21
2024-07-02,1,maple,5.85
2024-07-02,111,mahogany,13.6
2024-07-02,222,mahogany,14.92
2024-07-02,3,rosewood,56.07
2024-07-02,333,maple,6.37
2024-07-03,1,maple,6.42
2024-07-03,3,rosewood,75.93
2024-07-03,1,mahogany,10.69
2024-07-03,1,rosewood,72.36
2024-07-03,2,mahogany,
2024-07-03,2,maple,7.27
2024-07-03,222,rosewood,84.36
2024-07-03,3,mahogany,12.56
2024-07-03,3 ,maple,5.44
2024-07-04,1,mahogany,12.34
2024-07-04,1,maple,
2024-07-04,1,rosewood,65.74
2024-07-04,2,maple,5.6
2024-07-04,3,mahogany,13.61
2024-07-04,2 ,rosewood,93.15
2024-07-04,222,mahogany,11.76
2024-07-04,3,maple,6.35
2024-07-04,3,rosewood,60.32
2024-07-05,1,rosewood,64.83
2024-07-05,222,mahogany,12.77
2024-07-05,1,maple,5.6
2024-07-05,111,mahogany,13.46
2024-07-05,2,rosewood,73.3
2024-07-05,2 ,maple,6.55
2024-07-05,3,mahogany,11.39
2024-07-05,3,maple,5.69
2024-07-05,333 ,rosewood,
2024-07-06,1,mahogany,10.95
2024-07-06,1,maple,5.92
2024-07-06,1 ,rosewood,74.48
2024-07-06,2,mahogany,14.51
2024-07-06,2,rosewood,85.34
2024-07-06,2 ,maple,7.98
2024-07-06,3,mahogany,12.42
2024-07-06,3,maple,5.85
2024-07-06,3 ,rosewood,66.15
2024-07-07,111,maple,6.15
2024-07-07,1,mahogany,11.54
2024-07-07,1,rosewood,66.0
2024-07-07,2,mahogany,9.68
2024-07-07,2,maple,7.48
2024-07-07,222,rosewood,66.3
2024-07-07,3,maple,6.24
2024-07-07,3,rosewood,67.21
2024-07-07,333,mahogany,12.5
2024-07-08,2,maple,7.31
2024-07-08,3,rosewood,76.74
2024-07-08,1,mahogany,11.95
2024-07-08,1,rosewood,67.94
2024-07-08,111 ,maple,5.83
2024-07-08,2,mahogany,9.64
2024-07-08,222,rosewood,57.35
2024-07-08,3,mahogany,11.8
2024-07-08,3,maple,5.07
2024-07-09,2,mahogany,12.29
2024-07-09,1,mahogany,10.09
2024-07-09,1,maple,6.55
2024-07-09,111,rosewood,86.68
2024-07-09,2,rosewood,
2024-07-09,2 ,maple,5.83
2024-07-09,3 ,mahogany,12.08
2024-07-09,3 ,maple,6.1
2024-07-09,333,rosewood,60.07
2024-07-10,1,mahogany,11.39
2024-07-10,2,rosewood,60.54
2024-07-10,3,maple,6.67
2024-07-10,1,rosewood,66.54
2024-07-10,111 ,maple,6.43
2024-07-10,222,mahogany,14.18
2024-07-10,222,maple,6.15
2024-07-10,3,mahogany,11.64
2024-07-10,3 ,rosewood,76.82
2024-07-11,1,mahogany,13.45
2024-07-11,1,maple,5.33
2024-07-11,2,mahogany,14.28
2024-07-11,3,rosewood,60.13
2024-07-11,111,rosewood,72.52
2024-07-11,2,maple,6.7
2024-07-11,2,rosewood,65.42
2024-07-11,3,mahogany,11.61
2024-07-11,3,maple,6.78
2024-07-12,2,rosewood,85.84
2024-07-12,1,mahogany,11.41
2024-07-12,111,maple,6.81
2024-07-12,111 ,rosewood,74.92
2024-07-12,2,mahogany,13.4
2024-07-12,2 ,maple,4.97
2024-07-12,3,mahogany,12.13
2024-07-12,3,maple,6.6
2024-07-12,3,rosewood,82.25
2024-07-13,1,maple,5.57
2024-07-13,2,maple,7.74
2024-07-13,3,rosewood,63.54
2024-07-13,222,mahogany,16.09
2024-07-13,1,mahogany,12.0
2024-07-13,1,rosewood,80.89
2024-07-13,2,rosewood,90.87
2024-07-13,3,mahogany,10.55
2024-07-13,3,maple,6.11
2024-07-14,1,rosewood,74.4
2024-07-14,3,rosewood,66.98
2024-07-14,222,mahogany,9.17
2024-07-14,1 ,mahogany,13.01
2024-07-14,111 ,maple,6.42
2024-07-14,2,maple,8.02
2024-07-14,222 ,rosewood,88.59
2024-07-14,3,mahogany,13.79
2024-07-14,333,maple,6.28
2024-07-15,3,maple,5.47
2024-07-15,111,rosewood,64.78
2024-07-15,1,maple,5.16
2024-07-15,1 ,mahogany,12.15
2024-07-15,2,mahogany,9.44
2024-07-15,2,maple,7.18
2024-07-15,2 ,rosewood,69.82
2024-07-15,3,mahogany,13.17
2024-07-15,3,rosewood,71.01
2024-07-16,3,mahogany,11.8
2024-07-16,3,maple,6.14
2024-07-16,111,maple,6.57
2024-07-16,1,rosewood,65.64
2024-07-16,1 ,mahogany,12.62
2024-07-16,2,mahogany,11.28
2024-07-16,2,maple,8.32
2024-07-16,2,rosewood,76.65
2024-07-16,3,rosewood,60.22
2024-07-17,2,mahogany,11.94
2024-07-17,3,mahogany,12.32
2024-07-17,3,rosewood,74.83
2024-07-17,222,rosewood,73.8
2024-07-17,1,mahogany,12.77
2024-07-17,111,maple,6.6
2024-07-17,111 ,rosewood,64.69
2024-07-17,222,maple,5.11
2024-07-17,3,maple,5.99
2024-07-18,3,mahogany,11.8
2024-07-18,1,mahogany,11.41
2024-07-18,1,rosewood,76.54
2024-07-18,111,maple,6.71
2024-07-18,2,rosewood,94.52
2024-07-18,2 ,mahogany,11.05
2024-07-18,2 ,maple,6.78
2024-07-18,3,maple,6.46
2024-07-18,3,rosewood,81.28
2024-07-19,111,mahogany,13.62
2024-07-19,1,rosewood,71.67
2024-07-19,111,maple,6.31
2024-07-19,2,mahogany,13.03
2024-07-19,2,maple,8.06
2024-07-19,2,rosewood,68.42
2024-07-19,3,maple,6.22
2024-07-19,3,rosewood,66.94
2024-07-19,3 ,mahogany,14.06
2024-07-20,1,mahogany,12.2
2024-07-20,1,maple,6.08
2024-07-20,1,rosewood,68.95
2024-07-20,222,maple,6.98
2024-07-20,222,rosewood,
2024-07-20,333,mahogany,
2024-07-20,2,mahogany,11.84
2024-07-20,333,maple,5.88
2024-07-20,333,rosewood,79.0
2024-07-21,1,rosewood,69.63
2024-07-21,2,rosewood,82.1
2024-07-21,111,mahogany,10.66
2024-07-21,1,maple,5.77
2024-07-21,2,mahogany,
2024-07-21,2,maple,6.52
2024-07-21,3,maple,6.08
2024-07-21,3,rosewood,66.81
2024-07-21,3 ,mahogany,14.19
2024-07-22,1,mahogany,13.76
2024-07-22,2,mahogany,14.66
2024-07-22,2,maple,7.13
2024-07-22,1,maple,5.52
2024-07-22,1,rosewood,64.07
2024-07-22,2,rosewood,64.12
2024-07-22,3,mahogany,11.38
2024-07-22,333,maple,6.17
2024-07-22,333,rosewood,62.85
2024-07-23,2,maple,7.48
2024-07-23,3,maple,6.7
2024-07-23,111,mahogany,14.24
2024-07-23,1,maple,6.63
2024-07-23,1,rosewood,70.1
2024-07-23,2,mahogany,14.77
2024-07-23,2,rosewood,53.06
2024-07-23,3,mahogany,12.77
2024-07-23,3,rosewood,70.5
2024-07-24,3,maple,6.32
2024-07-24,1,maple,6.53
2024-07-24,1,rosewood,70.82
2024-07-24,111,mahogany,12.81
2024-07-24,2,maple,6.38
2024-07-24,2,rosewood,78.04
2024-07-24,222 ,mahogany,
2024-07-24,3,mahogany,13.89
2024-07-24,3,rosewood,66.54
2024-07-25,2,mahogany,10.79
2024-07-25,3,mahogany,13.66
2024-07-25,3,maple,6.64
2024-07-25,1,mahogany,
2024-07-25,1 ,rosewood,74.38
2024-07-25,111,maple,5.84
2024-07-25,2,maple,7.16
2024-07-25,2,rosewood,56.22
2024-07-25,333,rosewood,68.27
2024-07-26,1,maple,6.13
2024-07-26,1,rosewood,72.28
2024-07-26,1,rosewood,72.28
2024-07-26,2,mahogany,10.79
2024-07-26,2,maple,7.39
2024-07-26,1,mahogany,10.14
2024-07-26,2,rosewood,68.31
2024-07-26,3,mahogany,11.15
2024-07-26,3,maple,6.09
2024-07-26,3,rosewood,65.07
2024-07-27,2,mahogany,10.65
2024-07-27,3,mahogany,13.03
2024-07-27,3,rosewood,68.39
2024-07-27,1,maple,5.67
2024-07-27,1 ,rosewood,78.27
2024-07-27,111 ,mahogany,12.65
2024-07-27,111 ,mahogany,12.65
2024-07-27,2,maple,
2024-07-27,2,rosewood,66.07
2024-07-27,333,maple,5.85
2024-07-28,2,maple,4.76
2024-07-28,2,rosewood,70.82
2024-07-28,1,rosewood,75.69
2024-07-28,111,mahogany,10.68
2024-07-28,111 ,maple,6.16
2024-07-28,2,mahogany,11.74
2024-07-28,3,mahogany,13.89
2024-07-28,333,maple,6.91
2024-07-28,333,rosewood,58.55
2024-07-29,1,mahogany,10.7
2024-07-29,3,mahogany,11.76
2024-07-29,3,rosewood,70.23
2024-07-29,1 ,rosewood,63.68
2024-07-29,111,maple,5.16
2024-07-29,2,maple,5.54
2024-07-29,2,rosewood,62.12
2024-07-29,222 ,mahogany,11.83
2024-07-29,3,maple,6.57
2024-07-30,3,mahogany,11.7
2024-07-30,3,mahogany,11.7
2024-07-30,1,mahogany,12.24
2024-07-30,1,rosewood,63.92
2024-07-30,111,maple,6.01
2024-07-30,2,mahogany,11.82
2024-07-30,2,maple,6.91
2024-07-30,2,rosewood,36.15
2024-07-30,3,maple,6.0
2024-07-30,3,maple,6.0
2024-07-30,3,rosewood,73.24
2024-07-31,1,maple,5.05
2024-07-31,2,maple,7.2
2024-07-31,2,rosewood,86.41
2024-07-31,1,mahogany,12.33
2024-07-31,1,rosewood,60.11
2024-07-31,2 ,mahogany,12.42
2024-07-31,3,mahogany,11.76
2024-07-31,3 ,rosewood,59.06
2024-07-31,333,maple,6.27
2024-08-01,1,mahogany,10.73
2024-08-01,1,rosewood,66.02
2024-08-01,111,maple,5.8
2024-08-01,2,mahogany,
2024-08-01,2,maple,6.22
2024-08-01,2,rosewood,60.36
2024-08-01,3,mahogany,14.12
2024-08-01,3,maple,6.55
2024-08-01,333 ,rosewood,68.14
2024-08-02,2,maple,6.11
2024-08-02,3,mahogany,12.97
2024-08-02,333,maple,6.98
2024-08-02,1,mahogany,12.72
2024-08-02,1,maple,6.55
2024-08-02,1,rosewood,65.46
2024-08-02,2,mahogany,11.4
2024-08-02,2 ,rosewood,73.96
2024-08-02,333,rosewood,64.88
2024-08-03,1,mahogany,11.3
2024-08-03,1,maple,5.82
2024-08-03,2,rosewood,
2024-08-03,3,mahogany,13.26
2024-08-03,222,mahogany,13.79
2024-08-03,111,rosewood,70.37
2024-08-03,2,maple,7.09
2024-08-03,3,rosewood,64.6
2024-08-03,3 ,maple,6.34
2024-08-04,2,maple,7.94
2024-08-04,2,rosewood,62.22
2024-08-04,3,rosewood,74.13
2024-08-04,111,maple,6.77
2024-08-04,333,mahogany,12.8
2024-08-04,1,rosewood,71.12
2024-08-04,1 ,mahogany,13.19
2024-08-04,2,mahogany,14.07
2024-08-04,3,maple,6.37
2024-08-05,2,maple,6.53
2024-08-05,111,mahogany,11.19
2024-08-05,1,maple,5.61
2024-08-05,1,rosewood,66.96
2024-08-05,2,mahogany,15.38
2024-08-05,2,rosewood,92.11
2024-08-05,3,mahogany,12.11
2024-08-05,3,maple,6.27
2024-08-05,333,rosewood,68.83
2024-08-06,1,maple,5.84
2024-08-06,2,rosewood,81.66
2024-08-06,3,rosewood,69.64
2024-08-06,222,mahogany,12.0
2024-08-06,222,maple,8.01
2024-08-06,1,rosewood,65.24
2024-08-06,1 ,mahogany,11.87
2024-08-06,3,mahogany,14.0
2024-08-06,3,maple,6.58
2024-08-07,1,mahogany,12.41
2024-08-07,1,maple,5.87
2024-08-07,1,rosewood,75.1
2024-08-07,2,rosewood,79.85
2024-08-07,2 ,maple,6.52
2024-08-07,222,mahogany,12.44
2024-08-07,3,mahogany,11.28
2024-08-07,3,rosewood,61.05
2024-08-07,333 ,maple,7.16
2024-08-08,1,rosewood,
2024-08-08,2,mahogany,11.11
2024-08-08,2,rosewood,73.19
2024-08-08,111,mahogany,12.79
2024-08-08,1,maple,6.44
2024-08-08,222,maple,6.76
2024-08-08,3,mahogany,12.98
2024-08-08,333,maple,6.02
2024-08-08,333 ,rosewood,69.41
2024-08-09,1,rosewood,64.94
2024-08-09,3,maple,5.23
2024-08-09,333,rosewood,59.25
2024-08-09,1,mahogany,12.08
2024-08-09,1 ,maple,6.56
2024-08-09,2,mahogany,
2024-08-09,2,maple,5.23
2024-08-09,2,rosewood,69.22
2024-08-09,3,mahogany,13.03
2024-08-10,333,mahogany,12.26
2024-08-10,1,mahogany,
2024-08-10,1,maple,
2024-08-10,1,rosewood,
2024-08-10,2,mahogany,
2024-08-10,2 ,maple,7.36
2024-08-10,2 ,rosewood,80.1
2024-08-10,3,maple,6.2
2024-08-10,3 ,rosewood,59.54
2024-08-11,2,maple,6.41
2024-08-11,2,rosewood,82.94
2024-08-11,3,mahogany,14.5
2024-08-11,1,mahogany,11.49
2024-08-11,1,rosewood,55.54
2024-08-11,111 ,maple,6.5
2024-08-11,2,mahogany,10.94
2024-08-11,3,rosewood,59.43
2024-08-11,333,maple,6.36
2024-08-12,1,rosewood,71.71
2024-08-12,3,mahogany,13.57
2024-08-12,3,rosewood,56.92
2024-08-12,111,maple,6.24
2024-08-12,1,mahogany,12.26
2024-08-12,2,maple,5.97
2024-08-12,222,mahogany,10.71
2024-08-12,222,rosewood,93.73
2024-08-12,333 ,maple,6.27
2024-08-13,1,maple,5.79
2024-08-13,2,rosewood,76.21
2024-08-13,3,rosewood,73.52
2024-08-13,111,rosewood,64.82
2024-08-13,222,maple,5.7
2024-08-13,111,mahogany,12.32
2024-08-13,222,mahogany,
2024-08-13,3,mahogany,11.98
2024-08-13,333,maple,6.65
2024-08-14,1,rosewood,64.21
2024-08-14,3,maple,6.47
2024-08-14,111,maple,6.39
2024-08-14,111 ,mahogany,9.94
2024-08-14,2,maple,6.37
2024-08-14,2,rosewood,89.72
2024-08-14,222,mahogany,15.91
2024-08-14,3,mahogany,10.72
2024-08-14,333,rosewood,62.81
2024-08-15,1,mahogany,10.21
2024-08-15,2,rosewood,64.03
2024-08-15,3,mahogany,11.19
2024-08-15,1,maple,
2024-08-15,1,rosewood,69.01
2024-08-15,2,maple,5.27
2024-08-15,2 ,mahogany,15.45
2024-08-15,3,maple,6.36
2024-08-15,3,rosewood,62.41
2024-08-16,3,rosewood,61.59
2024-08-16,333,maple,5.92
2024-08-16,1,mahogany,13.71
2024-08-16,1,maple,6.22
2024-08-16,1,rosewood,69.76
2024-08-16,2,maple,8.26
2024-08-16,2 ,mahogany,10.28
2024-08-16,2 ,rosewood,65.63
2024-08-16,3,mahogany,11.89
2024-08-17,2,maple,6.96
2024-08-17,3,mahogany,12.83
2024-08-17,3,maple,6.32
2024-08-17,1,maple,6.32
2024-08-17,1 ,mahogany,13.03
2024-08-17,111 ,rosewood,64.97
2024-08-17,2,mahogany,10.88
2024-08-17,2 ,rosewood,63.79
2024-08-17,3,rosewood,72.8
2024-08-18,1,maple,5.63
2024-08-18,1,rosewood,61.49
2024-08-18,2,mahogany,10.36
2024-08-18,3,mahogany,11.64
2024-08-18,3,rosewood,68.8
2024-08-18,111,mahogany,12.17
2024-08-18,2 ,rosewood,99.7
2024-08-18,222,maple,6.83
2024-08-18,3,maple,6.56
2024-08-19,3,maple,5.61
2024-08-19,3,rosewood,56.36
2024-08-19,1 ,maple,5.31
2024-08-19,111,mahogany,10.57
2024-08-19,111,rosewood,69.09
2024-08-19,2,rosewood,79.06
2024-08-19,2 ,maple,7.88
2024-08-19,222 ,mahogany,14.55
2024-08-19,3 ,mahogany,11.98
2024-08-20,1,rosewood,65.34
2024-08-20,2,mahogany,11.67
2024-08-20,2,rosewood,70.31
2024-08-20,1 ,maple,5.35
2024-08-20,111,mahogany,12.57
2024-08-20,2,maple,7.42
2024-08-20,3,mahogany,11.59
2024-08-20,3,maple,6.06
2024-08-20,3,rosewood,66.76
2024-08-21,1,rosewood,67.57
2024-08-21,333,mahogany,12.97
2024-08-21,1,mahogany,11.63
2024-08-21,1,maple,6.27
2024-08-21,2,rosewood,72.09
2024-08-21,2 ,mahogany,14.89
2024-08-21,222,maple,6.67
2024-08-21,3,maple,6.67
2024-08-21,3,rosewood,72.44
2024-08-22,2,mahogany,10.54
2024-08-22,2,maple,4.52
2024-08-22,3,mahogany,14.08
2024-08-22,3,maple,6.13
2024-08-22,111,maple,5.02
2024-08-22,111,mahogany,10.64
2024-08-22,111,rosewood,71.77
2024-08-22,2,rosewood,71.21
2024-08-22,333 ,rosewood,62.0
2024-08-23,2,mahogany,13.23
2024-08-23,2,maple,7.38
2024-08-23,1,maple,5.84
2024-08-23,111,mahogany,11.6
2024-08-23,111,rosewood,68.59
2024-08-23,222 ,rosewood,70.64
2024-08-23,3,mahogany,12.85
2024-08-23,3,maple,6.04
2024-08-23,3,rosewood,65.41
2024-08-24,1,mahogany,11.91
2024-08-24,1,maple,6.47
2024-08-24,1,rosewood,64.81
2024-08-24,2,mahogany,10.86
2024-08-24,2,maple,7.53
2024-08-24,2,rosewood,91.87
2024-08-24,3,mahogany,12.48
2024-08-24,3,maple,6.02
2024-08-24,3,rosewood,69.05
2024-08-25,1,maple,6.07
2024-08-25,2,mahogany,15.71
2024-08-25,2,rosewood,61.83
2024-08-25,1,rosewood,
2024-08-25,111 ,mahogany,8.96
2024-08-25,2,maple,7.71
2024-08-25,3,mahogany,11.73
2024-08-25,3,maple,5.82
2024-08-25,3 ,rosewood,68.89
2024-08-26,1,rosewood,85.16
2024-08-26,3,mahogany,12.12
2024-08-26,3,maple,6.89
2024-08-26,1,mahogany,11.82
2024-08-26,1,maple,6.15
2024-08-26,2,mahogany,
2024-08-26,2,rosewood,78.14
2024-08-26,222,maple,7.89
2024-08-26,333,rosewood,65.16
2024-08-27,1,mahogany,12.62
2024-08-27,2,mahogany,11.68
2024-08-27,3,mahogany,10.59
2024-08-27,3,rosewood,63.25
2024-08-27,111,maple,6.32
2024-08-27,111,rosewood,62.51
2024-08-27,2,maple,6.68
2024-08-27,222,rosewood,88.39
2024-08-27,3 ,maple,6.22
2024-08-28,1,mahogany,12.67
2024-08-28,3,mahogany,12.24
2024-08-28,1,rosewood,82.03
2024-08-28,1 ,maple,5.62
2024-08-28,2,maple,5.18
2024-08-28,2,rosewood,83.09
2024-08-28,222,mahogany,13.81
2024-08-28,3,maple,6.09
2024-08-28,333 ,rosewood,60.21
2024-08-29,1,maple,6.09
2024-08-29,222,rosewood,80.35
2024-08-29,1,rosewood,68.06
2024-08-29,1 ,mahogany,11.05
2024-08-29,2,mahogany,13.86
2024-08-29,2,maple,5.28
2024-08-29,3,maple,6.27
2024-08-29,3,rosewood,69.4
2024-08-29,333,mahogany,13.49
2024-08-30,1,rosewood,71.18
2024-08-30,2,mahogany,10.99
2024-08-30,2,rosewood,72.23
2024-08-30,1,mahogany,11.41
2024-08-30,1,maple,5.6
2024-08-30,2 ,maple,6.6
2024-08-30,3,mahogany,13.02
2024-08-30,3,maple,6.5
2024-08-30,3,rosewood,63.15
2024-08-31,1,mahogany,11.45
2024-08-31,1,maple,5.64
2024-08-31,1,rosewood,64.36
2024-08-31,2,mahogany,11.14
2024-08-31,2,maple,6.56
2024-08-31,2,maple,6.56
2024-08-31,2,rosewood,63.21
2024-08-31,2,rosewood,63.21
2024-08-31,3,mahogany,13.38
2024-08-31,3,rosewood,68.0
2024-08-31,3 ,maple,6.7
2024-09-01,1,mahogany,11.67
2024-09-01,3,mahogany,13.92
2024-09-01,3,maple,6.15
2024-09-01,222,mahogany,12.54
2024-09-01,1,maple,6.2
2024-09-01,1,rosewood,69.18
2024-09-01,2,maple,7.63
2024-09-01,2 ,rosewood,63.04
2024-09-01,3,rosewood,65.46
2024-09-02,1,rosewood,61.97
2024-09-02,2,maple,5.13
2024-09-02,2,rosewood,88.95
2024-09-02,1,mahogany,10.59
2024-09-02,111,maple,6.09
2024-09-02,2,mahogany,13.29
2024-09-02,3,mahogany,13.03
2024-09-02,3,rosewood,63.6
2024-09-02,333,maple,5.66
2024-09-03,1,maple,5.86
2024-09-03,1,maple,5.86
2024-09-03,2,mahogany,11.99
2024-09-03,2,rosewood,95.97
2024-09-03,1,mahogany,11.56
2024-09-03,111 ,rosewood,68.99
2024-09-03,2,maple,6.64
2024-09-03,3,mahogany,12.44
2024-09-03,3,rosewood,59.36
2024-09-03,3,rosewood,59.36
2024-09-03,3 ,maple,6.75
2024-09-04,2,mahogany,11.67
2024-09-04,3,rosewood,66.26
2024-09-04,1,mahogany,11.63
2024-09-04,1,maple,6.02
2024-09-04,1,rosewood,76.06
2024-09-04,2,rosewood,64.59
2024-09-04,222,maple,6.16
2024-09-04,3,mahogany,12.95
2024-09-04,3,maple,5.84
2024-09-05,1,maple,6.3
2024-09-05,3,maple,5.7
2024-09-05,111,mahogany,12.65
2024-09-05,111,rosewood,77.44
2024-09-05,2,mahogany,13.44
2024-09-05,2,maple,7.45
2024-09-05,2 ,rosewood,
2024-09-05,3,mahogany,13.38
2024-09-05,3,rosewood,68.38
2024-09-06,1,mahogany,11.92
2024-09-06,3,mahogany,12.03
2024-09-06,3,rosewood,70.19
2024-09-06,1,maple,6.02
2024-09-06,1 ,rosewood,76.29
2024-09-06,2,maple,6.71
2024-09-06,2,rosewood,71.91
2024-09-06,2 ,mahogany,12.21
2024-09-06,3,maple,6.43
2024-09-07,2,mahogany,14.23
2024-09-07,3,mahogany,14.3
2024-09-07,111,rosewood,64.88
2024-09-07,1,maple,5.04
2024-09-07,111,mahogany,12.59
2024-09-07,2 ,rosewood,100.07
2024-09-07,222,maple,6.58
2024-09-07,3,maple,7.02
2024-09-07,3,rosewood,67.48
2024-09-08,2,rosewood,102.39
2024-09-08,1,mahogany,10.97
2024-09-08,1,rosewood,75.37
2024-09-08,111 ,maple,5.77
2024-09-08,2,mahogany,11.41
2024-09-08,2,maple,8.09
2024-09-08,3,mahogany,11.25
2024-09-08,3,rosewood,71.4
2024-09-08,333,maple,5.68
2024-09-09,1,mahogany,12.09
2024-09-09,1,maple,6.57
2024-09-09,3,maple,6.1
2024-09-09,3,rosewood,59.61
2024-09-09,222,mahogany,12.7
2024-09-09,1,rosewood,75.51
2024-09-09,2,maple,7.03
2024-09-09,2,rosewood,74.88
2024-09-09,3,mahogany,11.7
2024-09-10,2,rosewood,97.63
2024-09-10,3,mahogany,13.38
2024-09-10,1,maple,6.17
2024-09-10,1 ,rosewood,75.02
2024-09-10,111,mahogany,10.06
2024-09-10,2,mahogany,
2024-09-10,2,maple,7.4
2024-09-10,3,maple,5.48
2024-09-10,3,rosewood,75.36
2024-09-11,1,maple,6.37
2024-09-11,3,maple,6.39
2024-09-11,3,rosewood,65.58
2024-09-11,1,rosewood,60.36
2024-09-11,1 ,mahogany,11.49
2024-09-11,2,mahogany,12.69
2024-09-11,222,maple,7.35
2024-09-11,222,rosewood,76.71
2024-09-11,3 ,mahogany,13.62
2024-09-12,1,mahogany,12.27
2024-09-12,2,maple,5.54
2024-09-12,3,mahogany,12.94
2024-09-12,111,maple,5.94
2024-09-12,333,maple,5.85
2024-09-12,1,rosewood,63.14
2024-09-12,2,mahogany,11.38
2024-09-12,2,rosewood,100.26
2024-09-12,333,rosewood,66.57
2024-09-13,1,mahogany,13.03
2024-09-13,111,rosewood,56.57
2024-09-13,111 ,maple,5.86
2024-09-13,2,rosewood,78.0
2024-09-13,2 ,mahogany,14.55
2024-09-13,222,maple,5.76
2024-09-13,3,mahogany,11.53
2024-09-13,3 ,rosewood,67.77
2024-09-13,333,maple,6.07
2024-09-14,2,maple,8.13
2024-09-14,1,rosewood,83.38
2024-09-14,1 ,maple,6.09
2024-09-14,111,mahogany,11.75
2024-09-14,2,rosewood,
2024-09-14,222,mahogany,
2024-09-14,3,mahogany,11.89
2024-09-14,3,maple,6.06
2024-09-14,3,rosewood,66.02
2024-09-15,1,mahogany,12.47
2024-09-15,1,rosewood,67.61
2024-09-15,2,rosewood,73.17
2024-09-15,3,maple,6.77
2024-09-15,111,maple,6.62
2024-09-15,2,mahogany,13.15
2024-09-15,2,maple,7.64
2024-09-15,3,mahogany,12.82
2024-09-15,3,rosewood,72.07
2024-09-16,2,maple,8.01
2024-09-16,3,mahogany,13.32
2024-09-16,3,maple,6.34
2024-09-16,3,rosewood,69.2
2024-09-16,111,maple,6.29
2024-09-16,1,mahogany,12.9
2024-09-16,1,rosewood,75.16
2024-09-16,2 ,rosewood,78.53
2024-09-16,222,mahogany,10.2
2024-09-17,1,maple,6.36
2024-09-17,111,mahogany,11.35
2024-09-17,222,mahogany,11.89
2024-09-17,222,maple,6.87
2024-09-17,333,maple,6.92
2024-09-17,1,rosewood,72.24
2024-09-17,2,rosewood,90.63
2024-09-17,3,mahogany,10.5
2024-09-17,3 ,rosewood,69.05
2024-09-18,1,mahogany,11.35
2024-09-18,222,rosewood,78.64
2024-09-18,333,mahogany,12.19
2024-09-18,1,maple,6.13
2024-09-18,1,rosewood,69.61
2024-09-18,2,mahogany,13.54
2024-09-18,2,maple,8.0
2024-09-18,3,rosewood,57.76
2024-09-18,3 ,maple,6.14
2024-09-19,2,mahogany,10.92
2024-09-19,2,rosewood,71.3
2024-09-19,1,mahogany,12.09
2024-09-19,1,rosewood,84.16
2024-09-19,111,maple,6.09
2024-09-19,2 ,maple,6.23
2024-09-19,3,maple,6.69
2024-09-19,3,rosewood,67.47
2024-09-19,3 ,mahogany,13.42
2024-09-20,2,maple,4.98
2024-09-20,2,rosewood,76.4
2024-09-20,3,rosewood,71.47
2024-09-20,222,mahogany,
2024-09-20,1,mahogany,11.45
2024-09-20,1 ,maple,6.43
2024-09-20,111 ,rosewood,62.21
2024-09-20,3,mahogany,12.8
2024-09-20,3,maple,6.28
2024-09-21,2,rosewood,91.2
2024-09-21,3,rosewood,78.71
2024-09-21,3,rosewood,78.71
2024-09-21,1,maple,5.43
2024-09-21,1,rosewood,69.59
2024-09-21,111,mahogany,11.02
2024-09-21,2 ,mahogany,
2024-09-21,2 ,mahogany,
2024-09-21,222 ,maple,6.53
2024-09-21,333,mahogany,12.29
2024-09-21,333,maple,6.43
2024-09-22,2,maple,6.7
2024-09-22,3,maple,5.62
2024-09-22,3,rosewood,76.4
2024-09-22,1,mahogany,10.74
2024-09-22,1,maple,6.67
2024-09-22,1 ,rosewood,75.05
2024-09-22,2,mahogany,14.84
2024-09-22,222,rosewood,68.33
2024-09-22,3,mahogany,11.21
2024-09-23,1,maple,6.14
2024-09-23,111,mahogany,11.01
2024-09-23,1,rosewood,71.75
2024-09-23,2,mahogany,11.86
2024-09-23,2,maple,7.1
2024-09-23,222 ,rosewood,64.72
2024-09-23,3,mahogany,11.76
2024-09-23,3,maple,5.91
2024-09-23,3,rosewood,69.94
2024-09-24,2,mahogany,14.82
2024-09-24,2,maple,7.83
2024-09-24,1,mahogany,11.09
2024-09-24,1,maple,6.15
2024-09-24,1,rosewood,72.57
2024-09-24,2,rosewood,80.11
2024-09-24,3,mahogany,12.56
2024-09-24,3 ,rosewood,70.82
2024-09-24,333,maple,6.85
2024-09-25,1,maple,6.2
2024-09-25,2,rosewood,75.38
2024-09-25,3,mahogany,11.27
2024-09-25,3,maple,5.92
2024-09-25,111,mahogany,11.63
2024-09-25,111 ,rosewood,75.2
2024-09-25,2,mahogany,
2024-09-25,2,maple,5.93
2024-09-25,333,rosewood,75.27
2024-09-26,1,mahogany,13.08
2024-09-26,1,rosewood,70.12
2024-09-26,1,maple,5.41
2024-09-26,2,mahogany,
2024-09-26,2,rosewood,83.32
2024-09-26,222 ,maple,5.58
2024-09-26,3,rosewood,59.87
2024-09-26,333,mahogany,12.59
2024-09-26,333,maple,6.3
2024-09-27,3,maple,5.44
2024-09-27,222,mahogany,
2024-09-27,1,maple,5.51
2024-09-27,1,rosewood,64.35
2024-09-27,111,mahogany,10.13
2024-09-27,2,maple,6.53
2024-09-27,222,rosewood,76.01
2024-09-27,3,rosewood,69.32
2024-09-27,3 ,mahogany,13.06
2024-09-28,1,maple,5.93
2024-09-28,1,rosewood,
2024-09-28,2,mahogany,11.45
2024-09-28,3,mahogany,12.49
2024-09-28,3,rosewood,66.74
2024-09-28,111,mahogany,10.73
2024-09-28,333,maple,5.84
2024-09-28,2,maple,6.81
2024-09-28,2,rosewood,82.72
2024-09-29,2,rosewood,58.65
2024-09-29,3,mahogany,14.27
2024-09-29,1,mahogany,12.25
2024-09-29,1,maple,
2024-09-29,111,rosewood,68.16
2024-09-29,2,mahogany,12.44
2024-09-29,2,maple,7.06
2024-09-29,3,maple,6.61
2024-09-29,3,rosewood,68.76
2024-09-30,1,mahogany,12.4
2024-09-30,333,mahogany,13.95
2024-09-30,1,rosewood,59.19
2024-09-30,111 ,maple,6.77
2024-09-30,2,mahogany,11.35
2024-09-30,222,maple,6.45
2024-09-30,222,rosewood,74.63
2024-09-30,3,maple,6.53
2024-09-30,333,rosewood,72.71
2024-10-01,1,maple,6.79
2024-10-01,1,rosewood,
2024-10-01,1 ,mahogany,12.15
2024-10-01,2,maple,7.58
2024-10-01,2,rosewood,95.43
2024-10-01,2 ,mahogany,9.19
2024-10-01,3,mahogany,12.6
2024-10-01,3,maple,6.16
2024-10-01,333,rosewood,61.99
2024-10-02,2,maple,8.24
2024-10-02,1,mahogany,11.18
2024-10-02,1,maple,4.79
2024-10-02,1,rosewood,69.31
2024-10-02,2,mahogany,13.13
2024-10-02,2,rosewood,91.13
2024-10-02,3,mahogany,
2024-10-02,3,maple,6.8
2024-10-02,3,rosewood,76.49
2024-10-03,1,mahogany,12.19
2024-10-03,1,rosewood,67.71
2024-10-03,2,mahogany,10.52
2024-10-03,1,maple,5.68
2024-10-03,2,maple,7.83
2024-10-03,2,rosewood,72.47
2024-10-03,3,mahogany,11.72
2024-10-03,3,rosewood,60.85
2024-10-03,333,maple,6.15
2024-10-04,1,mahogany,11.35
2024-10-04,2,mahogany,17.13
2024-10-04,3,maple,6.64
2024-10-04,111,maple,5.96
2024-10-04,111,rosewood,67.41
2024-10-04,2,maple,6.33
2024-10-04,2,rosewood,72.62
2024-10-04,2,rosewood,72.62
2024-10-04,3 ,mahogany,12.13
2024-10-04,3 ,rosewood,60.01
2024-10-05,1,rosewood,81.16
2024-10-05,2,mahogany,
2024-10-05,2,rosewood,72.16
2024-10-05,3,mahogany,11.9
2024-10-05,111,maple,5.47
2024-10-05,111,mahogany,
2024-10-05,2,maple,6.69
2024-10-05,3,rosewood,76.71
2024-10-05,3 ,maple,6.98
2024-10-06,1,mahogany,10.13
2024-10-06,2,mahogany,
2024-10-06,2,maple,5.86
2024-10-06,333,rosewood,57.37
2024-10-06,1,rosewood,69.53
2024-10-06,111,maple,4.97
2024-10-06,222,rosewood,77.9
2024-10-06,3 ,maple,6.35
2024-10-06,333,mahogany,12.95
2024-10-07,1,maple,5.92
2024-10-07,1,rosewood,68.03
2024-10-07,2,mahogany,
2024-10-07,1,mahogany,11.45
2024-10-07,2,rosewood,81.3
2024-10-07,222,maple,7.75
2024-10-07,3,mahogany,14.65
2024-10-07,3,maple,6.64
2024-10-07,333,rosewood,59.15
2024-10-08,1,mahogany,11.32
2024-10-08,1,mahogany,11.32
2024-10-08,3,mahogany,
2024-10-08,1,rosewood,71.87
2024-10-08,1 ,maple,5.8
2024-10-08,2,mahogany,11.19
2024-10-08,2 ,rosewood,59.82
2024-10-08,2 ,rosewood,59.82
2024-10-08,222,maple,8.58
2024-10-08,3,maple,6.61
2024-10-08,333,rosewood,59.72
2024-10-09,1,mahogany,11.79
2024-10-09,1,maple,5.51
2024-10-09,1,rosewood,65.38
2024-10-09,2,maple,6.92
2024-10-09,2,rosewood,79.5
2024-10-09,222,mahogany,9.61
2024-10-09,3,mahogany,12.4
2024-10-09,3,maple,6.57
2024-10-09,3,rosewood,68.08
2024-10-10,111,maple,6.5
2024-10-10,222,maple,7.09
2024-10-10,222,rosewood,87.37
2024-10-10,1 ,mahogany,11.86
2024-10-10,1 ,rosewood,62.87
2024-10-10,2,mahogany,12.63
2024-10-10,3,maple,6.85
2024-10-10,3,rosewood,55.36
2024-10-10,3 ,mahogany,12.5
2024-10-11,1,maple,6.04
2024-10-11,1,rosewood,79.66
2024-10-11,3,mahogany,13.26
2024-10-11,1,mahogany,10.65
2024-10-11,2,mahogany,10.82
2024-10-11,2 ,rosewood,73.39
2024-10-11,222,maple,5.8
2024-10-11,3,maple,6.04
2024-10-11,333,rosewood,57.67
2024-10-12,1,rosewood,70.23
2024-10-12,2,maple,7.68
2024-10-12,3,rosewood,
2024-10-12,1,mahogany,10.81
2024-10-12,111,maple,6.1
2024-10-12,222,mahogany,
2024-10-12,222,rosewood,79.37
2024-10-12,3,mahogany,11.22
2024-10-12,3,maple,6.77
2024-10-13,1,mahogany,11.85
2024-10-13,1,maple,5.28
2024-10-13,2,rosewood,77.66
2024-10-13,1,rosewood,59.63
2024-10-13,222,mahogany,16.08
2024-10-13,222,maple,5.92
2024-10-13,3,mahogany,11.98
2024-10-13,3,maple,6.86
2024-10-13,333,rosewood,56.68
2024-10-14,2,mahogany,11.74
2024-10-14,2,maple,6.42
2024-10-14,2,rosewood,55.62
2024-10-14,3,maple,6.95
2024-10-14,333,mahogany,13.39
2024-10-14,1 ,maple,6.34
2024-10-14,1 ,rosewood,62.95
2024-10-14,111 ,mahogany,12.13
2024-10-14,3,rosewood,65.27
2024-10-15,1,mahogany,10.75
2024-10-15,1,maple,5.33
2024-10-15,3,mahogany,11.93
2024-10-15,111,rosewood,70.69
2024-10-15,2,maple,5.9
2024-10-15,2,rosewood,80.14
2024-10-15,222,mahogany,15.81
2024-10-15,3,maple,6.16
2024-10-15,3,rosewood,65.18
2024-10-16,2,mahogany,
2024-10-16,1,mahogany,11.87
2024-10-16,1,maple,5.14
2024-10-16,1 ,rosewood,60.53
2024-10-16,2,maple,6.21
2024-10-16,2,rosewood,70.09
2024-10-16,3,maple,
2024-10-16,3,rosewood,67.21
2024-10-16,3 ,mahogany,12.3
2024-10-17,1,mahogany,12.31
2024-10-17,3,rosewood,80.71
2024-10-17,111,rosewood,67.19
2024-10-17,1,maple,5.78
2024-10-17,2,mahogany,11.6
2024-10-17,222,maple,5.49
2024-10-17,222 ,rosewood,84.83
2024-10-17,3,maple,5.98
2024-10-17,333,mahogany,11.45
2024-10-18,1,mahogany,11.3
2024-10-18,2,rosewood,83.16
2024-10-18,222,maple,5.6
2024-10-18,1,maple,5.75
2024-10-18,1,rosewood,69.01
2024-10-18,2,mahogany,12.86
2024-10-18,3,mahogany,11.49
2024-10-18,3,rosewood,67.01
2024-10-18,333 ,maple,6.29
2024-10-19,2,mahogany,16.22
2024-10-19,2,maple,6.24
2024-10-19,3,rosewood,64.84
2024-10-19,1,mahogany,10.13
2024-10-19,1,rosewood,63.67
2024-10-19,1 ,maple,6.04
2024-10-19,2,rosewood,77.84
2024-10-19,3,mahogany,10.53
2024-10-19,3,maple,6.21
2024-10-20,1,maple,6.02
2024-10-20,1,rosewood,67.83
2024-10-20,3,mahogany,13.79
2024-10-20,1 ,mahogany,11.32
2024-10-20,2,mahogany,13.84
2024-10-20,2,rosewood,80.91
2024-10-20,222 ,maple,7.19
2024-10-20,3,maple,6.58
2024-10-20,3 ,rosewood,59.16
2024-10-21,1,maple,5.49
2024-10-21,2,mahogany,14.05
2024-10-21,2,maple,7.16
2024-10-21,2,rosewood,75.95
2024-10-21,333,mahogany,13.34
2024-10-21,1,rosewood,69.86
2024-10-21,1 ,mahogany,12.0
2024-10-21,3,rosewood,70.87
2024-10-21,333,maple,6.5
2024-10-22,2,rosewood,69.33
2024-10-22,3,mahogany,12.81
2024-10-22,111,mahogany,12.05
2024-10-22,111,maple,5.74
2024-10-22,1,rosewood,72.09
2024-10-22,2,maple,8.08
2024-10-22,222,mahogany,12.01
2024-10-22,3,rosewood,71.89
2024-10-22,3 ,maple,5.69
2024-10-23,1,maple,6.35
2024-10-23,3,maple,7.46
2024-10-23,222,rosewood,84.75
2024-10-23,1,mahogany,11.37
2024-10-23,111,rosewood,68.9
2024-10-23,2,maple,6.95
2024-10-23,222,mahogany,
2024-10-23,3,mahogany,10.89
2024-10-23,333,rosewood,66.91
2024-10-24,1,rosewood,62.34
2024-10-24,2,rosewood,83.05
2024-10-24,3,mahogany,11.79
2024-10-24,1,mahogany,12.7
2024-10-24,111,maple,5.44
2024-10-24,2,maple,8.51
2024-10-24,222,mahogany,14.02
2024-10-24,3,maple,6.84
2024-10-24,333 ,rosewood,77.73
2024-10-25,1,maple,5.89
2024-10-25,1,rosewood,73.58
2024-10-25,2,maple,6.2
2024-10-25,3,mahogany,11.39
2024-10-25,3,maple,5.76
2024-10-25,1,mahogany,13.07
2024-10-25,2 ,mahogany,
2024-10-25,2 ,rosewood,52.84
2024-10-25,3,rosewood,47.76
2024-10-26,1,mahogany,11.25
2024-10-26,1,rosewood,
2024-10-26,1,maple,6.15
2024-10-26,2,mahogany,13.11
2024-10-26,222,rosewood,90.09
2024-10-26,222 ,maple,7.9
2024-10-26,3,mahogany,13.75
2024-10-26,3,maple,6.87
2024-10-26,3 ,rosewood,74.69
2024-10-27,1,maple,5.91
2024-10-27,2,mahogany,16.15
2024-10-27,3,maple,6.86
2024-10-27,1,rosewood,68.33
2024-10-27,1 ,mahogany,11.5
2024-10-27,2,maple,6.63
2024-10-27,2,rosewood,71.72
2024-10-27,3,mahogany,12.54
2024-10-27,3,rosewood,62.61
2024-10-28,1,mahogany,11.56
2024-10-28,1,rosewood,74.91
2024-10-28,2,rosewood,68.47
2024-10-28,3,rosewood,59.49
2024-10-28,333,mahogany,13.22
2024-10-28,333,maple,5.94
2024-10-28,1 ,maple,6.28
2024-10-28,2 ,mahogany,10.41
2024-10-28,222 ,maple,6.61
2024-10-29,1,rosewood,68.85
2024-10-29,3,rosewood,60.37
2024-10-29,333,mahogany,12.79
2024-10-29,1,maple,5.68
2024-10-29,1 ,mahogany,11.18
2024-10-29,2,mahogany,11.78
2024-10-29,2,maple,6.58
2024-10-29,2,rosewood,76.75
2024-10-29,3,maple,5.59
2024-10-30,2,maple,5.46
2024-10-30,3,mahogany,10.99
2024-10-30,111,maple,6.44
2024-10-30,111,rosewood,73.62
2024-10-30,1,mahogany,10.67
2024-10-30,2,mahogany,
2024-10-30,2,rosewood,69.79
2024-10-30,3,rosewood,65.38
2024-10-30,3 ,maple,6.52
2024-10-31,1,maple,5.98
2024-10-31,1 ,mahogany,11.9
2024-10-31,1 ,rosewood,70.6
2024-10-31,2,maple,8.61
2024-10-31,2,rosewood,50.86
2024-10-31,2 ,mahogany,11.74
2024-10-31,3,mahogany,13.16
2024-10-31,3,maple,5.87
2024-10-31,3,rosewood,78.28
2024-11-01,2,rosewood,70.88
2024-11-01,3,mahogany,13.06
2024-11-01,1,rosewood,76.12
2024-11-01,1 ,mahogany,11.53
2024-11-01,1 ,maple,6.1
2024-11-01,2,mahogany,13.92
2024-11-01,222,maple,7.59
2024-11-01,3,maple,6.03
2024-11-01,3 ,rosewood,67.38
2024-11-02,1,rosewood,76.6
2024-11-02,2,mahogany,14.53
2024-11-02,2,maple,6.68
2024-11-02,2,rosewood,79.25
2024-11-02,333,mahogany,12.37
2024-11-02,1 ,mahogany,11.71
2024-11-02,111,maple,5.94
2024-11-02,3,maple,6.16
2024-11-02,3,rosewood,61.57
2024-11-03,1,maple,5.82
2024-11-03,2,mahogany,12.16
2024-11-03,2,maple,7.04
2024-11-03,3,mahogany,13.96
2024-11-03,111,mahogany,10.11
2024-11-03,333,rosewood,73.83
2024-11-03,1,rosewood,68.7
2024-11-03,2,rosewood,69.31
2024-11-03,3,maple,5.96
2024-11-04,1,maple,5.93
2024-11-04,1,rosewood,68.1
2024-11-04,2,maple,6.58
2024-11-04,2,rosewood,65.42
2024-11-04,1,mahogany,9.87
2024-11-04,2,mahogany,14.88
2024-11-04,3,maple,5.66
2024-11-04,3 ,mahogany,12.57
2024-11-04,333,rosewood,74.47
2024-11-05,1,rosewood,73.14
2024-11-05,2,mahogany,12.13
2024-11-05,111,mahogany,8.6
2024-11-05,1,maple,6.57
2024-11-05,2 ,rosewood,79.93
2024-11-05,222 ,maple,5.66
2024-11-05,3,maple,6.49
2024-11-05,333,mahogany,12.38
2024-11-05,333,rosewood,60.64
2024-11-06,1,mahogany,12.55
2024-11-06,1,rosewood,72.25
2024-11-06,1,maple,5.16
2024-11-06,2,mahogany,10.31
2024-11-06,2,maple,8.27
2024-11-06,2,rosewood,76.4
2024-11-06,3,mahogany,12.09
2024-11-06,3,maple,6.91
2024-11-06,3 ,rosewood,60.25
2024-11-07,1,mahogany,11.29
2024-11-07,1,rosewood,
2024-11-07,2,maple,7.61
2024-11-07,3,mahogany,13.33
2024-11-07,3,maple,5.39
2024-11-07,111,maple,6.27
2024-11-07,2,mahogany,
2024-11-07,2,rosewood,73.1
2024-11-07,3,rosewood,63.74
2024-11-08,2,mahogany,11.97
2024-11-08,2,maple,7.79
2024-11-08,3,maple,
2024-11-08,333,rosewood,60.38
2024-11-08,1,maple,6.16
2024-11-08,1 ,mahogany,12.38
2024-11-08,111,rosewood,75.17
2024-11-08,2,rosewood,97.19
2024-11-08,3 ,mahogany,12.39
2024-11-09,2,mahogany,12.9
2024-11-09,3,mahogany,10.56
2024-11-09,1,mahogany,12.19
2024-11-09,1 ,maple,5.66
2024-11-09,111,rosewood,76.37
2024-11-09,2,rosewood,77.26
2024-11-09,222,maple,6.81
2024-11-09,3 ,rosewood,65.36
2024-11-09,333,maple,6.97
2024-11-10,1,mahogany,12.32
2024-11-10,1,maple,5.39
2024-11-10,1,rosewood,73.99
2024-11-10,2,mahogany,13.59
2024-11-10,2,maple,8.9
2024-11-10,2,rosewood,73.73
2024-11-10,3,maple,5.57
2024-11-10,3,mahogany,11.98
2024-11-10,333,rosewood,72.23
2024-11-11,1,mahogany,13.36
2024-11-11,2,maple,6.44
2024-11-11,2,rosewood,65.41
2024-11-11,333,rosewood,67.16
2024-11-11,1 ,rosewood,67.5
2024-11-11,111,maple,5.61
2024-11-11,222 ,mahogany,
2024-11-11,3,mahogany,12.35
2024-11-11,333,maple,5.82
2024-11-12,1,rosewood,75.12
2024-11-12,2,maple,5.57
2024-11-12,2,rosewood,67.08
2024-11-12,3,maple,6.51
2024-11-12,3,rosewood,62.92
2024-11-12,222,mahogany,
2024-11-12,1,mahogany,11.5
2024-11-12,1,maple,5.99
2024-11-12,3,mahogany,15.88
2024-11-13,3,mahogany,11.74
2024-11-13,222,mahogany,
2024-11-13,1,mahogany,11.55
2024-11-13,1,rosewood,62.54
2024-11-13,111,maple,6.03
2024-11-13,222,maple,6.1
2024-11-13,222,rosewood,78.36
2024-11-13,3,maple,5.35
2024-11-13,3,rosewood,68.87
2024-11-14,1,maple,5.39
2024-11-14,1,maple,5.39
2024-11-14,1,rosewood,74.38
2024-11-14,1 ,mahogany,11.57
2024-11-14,2,maple,4.67
2024-11-14,2,maple,4.67
2024-11-14,2,rosewood,72.22
2024-11-14,222,mahogany,13.48
2024-11-14,3,maple,6.94
2024-11-14,3,rosewood,62.42
2024-11-14,3 ,mahogany,12.4
2024-11-15,1,mahogany,12.51
2024-11-15,333,maple,6.71
2024-11-15,1,rosewood,66.88
2024-11-15,111,maple,5.59
2024-11-15,2,maple,7.5
2024-11-15,2,rosewood,90.52
2024-11-15,2 ,mahogany,8.26
2024-11-15,3,mahogany,12.06
2024-11-15,3 ,rosewood,65.81
2024-11-16,1,maple,6.42
2024-11-16,2,mahogany,10.41
2024-11-16,2,maple,6.72
2024-11-16,3,maple,6.82
2024-11-16,111,rosewood,63.72
2024-11-16,222,rosewood,74.91
2024-11-16,111,mahogany,11.81
2024-11-16,3 ,rosewood,72.78
2024-11-16,333,mahogany,12.32
2024-11-17,1,mahogany,11.88
2024-11-17,2,maple,7.43
2024-11-17,3,mahogany,12.34
2024-11-17,3,rosewood,69.56
2024-11-17,1,rosewood,67.42
2024-11-17,1 ,maple,4.4
2024-11-17,2,mahogany,
2024-11-17,2,rosewood,73.14
2024-11-17,3,maple,5.36
2024-11-18,1,mahogany,
2024-11-18,1,rosewood,80.24
2024-11-18,2,maple,6.51
2024-11-18,2,rosewood,65.07
2024-11-18,3,rosewood,66.71
2024-11-18,1,maple,5.72
2024-11-18,2,mahogany,12.53
2024-11-18,3,mahogany,12.16
2024-11-18,3,maple,5.9
2024-11-19,1,rosewood,72.71
2024-11-19,3,rosewood,79.03
2024-11-19,111,maple,6.3
2024-11-19,111 ,mahogany,10.34
2024-11-19,2,mahogany,14.73
2024-11-19,2,maple,5.56
2024-11-19,222,rosewood,64.04
2024-11-19,3,maple,6.2
2024-11-19,333,mahogany,11.78
2024-11-20,1,mahogany,13.01
2024-11-20,1,maple,5.8
2024-11-20,2,maple,7.98
2024-11-20,1,rosewood,77.95
2024-11-20,2,mahogany,13.08
2024-11-20,2,rosewood,83.02
2024-11-20,3,mahogany,13.16
2024-11-20,3,maple,7.13
2024-11-20,3,rosewood,67.94
2024-11-21,3,mahogany,13.3
2024-11-21,3,maple,6.14
2024-11-21,111,maple,5.79
2024-11-21,111,mahogany,11.65
2024-11-21,111 ,rosewood,59.32
2024-11-21,2,mahogany,13.19
2024-11-21,2,maple,7.34
2024-11-21,2,rosewood,64.95
2024-11-21,333,rosewood,67.94
2024-11-22,1,mahogany,11.94
2024-11-22,1,maple,6.72
2024-11-22,1,rosewood,66.82
2024-11-22,2,mahogany,13.11
2024-11-22,2,maple,7.64
2024-11-22,2,rosewood,79.28
2024-11-22,2,rosewood,79.28
2024-11-22,3,mahogany,12.17
2024-11-22,3,maple,6.0
2024-11-22,333,rosewood,58.17
2024-11-23,1,rosewood,68.1
2024-11-23,2,mahogany,16.16
2024-11-23,2,maple,5.92
2024-11-23,2,rosewood,75.19
2024-11-23,1,mahogany,10.99
2024-11-23,1,maple,6.01
2024-11-23,3,rosewood,62.1
2024-11-23,3 ,mahogany,12.29
2024-11-23,333,maple,6.93
2024-11-24,2,maple,6.3
2024-11-24,333,maple,5.47
2024-11-24,1,mahogany,12.72
2024-11-24,1,maple,5.21
2024-11-24,1,rosewood,69.32
2024-11-24,2,rosewood,76.75
2024-11-24,2 ,mahogany,14.94
2024-11-24,3,mahogany,11.89
2024-11-24,333,rosewood,73.88
2024-11-25,1,mahogany,11.48
2024-11-25,1,maple,5.76
2024-11-25,3,maple,6.66
2024-11-25,3,rosewood,66.4
2024-11-25,111,rosewood,62.04
2024-11-25,2,mahogany,12.9
2024-11-25,2,maple,7.76
2024-11-25,2 ,rosewood,82.03
2024-11-25,333 ,mahogany,11.38
2024-11-26,1,maple,6.68
2024-11-26,1,rosewood,70.59
2024-11-26,333,rosewood,70.38
2024-11-26,1,mahogany,14.32
2024-11-26,2,mahogany,11.95
2024-11-26,2,maple,7.12
2024-11-26,2,rosewood,79.65
2024-11-26,3,maple,6.93
2024-11-26,3 ,mahogany,13.24
2024-11-27,1,mahogany,13.15
2024-11-27,1,maple,5.64
2024-11-27,1,rosewood,68.91
2024-11-27,2,maple,7.45
2024-11-27,3,maple,5.74
2024-11-27,2,mahogany,11.93
2024-11-27,2,rosewood,63.69
2024-11-27,3,rosewood,66.91
2024-11-27,3 ,mahogany,14.12
2024-11-28,1,maple,5.39
2024-11-28,3,maple,6.06
2024-11-28,3,rosewood,66.85
2024-11-28,1,mahogany,10.44
2024-11-28,111,rosewood,69.7
2024-11-28,2,mahogany,13.95
2024-11-28,2,rosewood,77.85
2024-11-28,222,maple,7.72
2024-11-28,333,mahogany,11.96
2024-11-29,1,maple,5.38
2024-11-29,2,maple,6.16
2024-11-29,3,maple,6.2
2024-11-29,111,mahogany,13.17
2024-11-29,1,rosewood,70.11
2024-11-29,2,mahogany,9.72
2024-11-29,222 ,rosewood,72.55
2024-11-29,3,mahogany,12.74
2024-11-29,3,rosewood,68.3
2024-11-30,1,mahogany,10.85
2024-11-30,1,maple,5.25
2024-11-30,2,maple,6.67
2024-11-30,111,rosewood,65.45
2024-11-30,2,mahogany,10.01
2024-11-30,2,rosewood,78.54
2024-11-30,3,mahogany,13.39
2024-11-30,3,rosewood,60.06
2024-11-30,333,maple,6.05
2024-12-01,1,maple,5.71
2024-12-01,3,mahogany,11.15
2024-12-01,1,mahogany,11.13
2024-12-01,1 ,rosewood,66.58
2024-12-01,2,mahogany,13.98
2024-12-01,2,maple,7.41
2024-12-01,2,rosewood,72.19
2024-12-01,3,maple,
2024-12-01,3,rosewood,68.66
2024-12-02,2,rosewood,70.25
2024-12-02,3,mahogany,
2024-12-02,1,maple,6.13
2024-12-02,111,mahogany,11.36
2024-12-02,111,rosewood,63.88
2024-12-02,2,mahogany,14.75
2024-12-02,222,maple,7.11
2024-12-02,3 ,rosewood,73.64
2024-12-02,333,maple,6.5
2024-12-03,1,maple,6.09
2024-12-03,1,rosewood,61.58
2024-12-03,3,rosewood,69.8
2024-12-03,111,mahogany,13.13
2024-12-03,2,mahogany,11.18
2024-12-03,2,rosewood,74.53
2024-12-03,222,maple,6.94
2024-12-03,3,mahogany,12.39
2024-12-03,3,maple,6.24
2024-12-04,1,mahogany,11.99
2024-12-04,1,maple,5.81
2024-12-04,2,maple,7.69
2024-12-04,2,rosewood,86.68
2024-12-04,3,maple,6.79
2024-12-04,111,rosewood,72.7
2024-12-04,222,mahogany,12.25
2024-12-04,3,rosewood,69.87
2024-12-04,333,mahogany,11.6
2024-12-05,1,maple,5.81
2024-12-05,3,mahogany,12.5
2024-12-05,1 ,mahogany,11.79
2024-12-05,1 ,rosewood,70.33
2024-12-05,2,mahogany,13.06
2024-12-05,2,maple,9.32
2024-12-05,2,rosewood,81.74
2024-12-05,3,maple,6.4
2024-12-05,3,rosewood,67.58
2024-12-06,1,maple,6.0
2024-12-06,1,rosewood,77.44
2024-12-06,111,mahogany,11.02
2024-12-06,222,mahogany,10.04
2024-12-06,2,maple,7.4
2024-12-06,2,rosewood,63.32
2024-12-06,3 ,mahogany,12.49
2024-12-06,3 ,rosewood,65.99
2024-12-06,333,maple,6.28
2024-12-07,333,rosewood,64.25
2024-12-07,1,rosewood,75.63
2024-12-07,1 ,mahogany,11.75
2024-12-07,1 ,maple,5.99
2024-12-07,2,mahogany,11.76
2024-12-07,2,maple,6.72
2024-12-07,2,rosewood,73.41
2024-12-07,3,mahogany,13.36
2024-12-07,3,maple,6.68
2024-12-08,3,rosewood,68.86
2024-12-08,222,mahogany,10.31
2024-12-08,1,mahogany,10.91
2024-12-08,1,rosewood,65.67
2024-12-08,1 ,maple,5.28
2024-12-08,2,maple,9.21
2024-12-08,2 ,rosewood,68.18
2024-12-08,333,maple,5.86
2024-12-08,333 ,mahogany,11.83
2024-12-09,3,rosewood,69.47
2024-12-09,111,rosewood,59.33
2024-12-09,222,mahogany,9.29
2024-12-09,1,maple,6.67
2024-12-09,111,mahogany,11.99
2024-12-09,2,maple,5.84
2024-12-09,2,rosewood,52.42
2024-12-09,3,mahogany,10.14
2024-12-09,333 ,maple,5.59
2024-12-10,1,rosewood,64.43
2024-12-10,2,mahogany,15.39
2024-12-10,2,rosewood,88.15
2024-12-10,3,maple,5.98
2024-12-10,3,rosewood,67.07
2024-12-10,333,mahogany,
2024-12-10,1,maple,5.7
2024-12-10,111,mahogany,10.71
2024-12-10,222,maple,7.87
2024-12-11,1,maple,5.6
2024-12-11,222,rosewood,64.04
2024-12-11,333,maple,5.83
2024-12-11,1 ,rosewood,64.61
2024-12-11,111,mahogany,13.4
2024-12-11,2,mahogany,15.0
2024-12-11,2,maple,6.24
2024-12-11,3,mahogany,12.0
2024-12-11,333 ,rosewood,54.76
2024-12-12,1,rosewood,
2024-12-12,2,maple,5.91
2024-12-12,1,mahogany,12.71
2024-12-12,1 ,maple,5.63
2024-12-12,2,mahogany,13.37
2024-12-12,2,rosewood,84.94
2024-12-12,3,mahogany,12.73
2024-12-12,3,maple,5.46
2024-12-12,3,rosewood,62.94
2024-12-13,1,mahogany,12.3
2024-12-13,1,rosewood,64.59
2024-12-13,2,mahogany,12.2
2024-12-13,3,rosewood,62.75
2024-12-13,1,maple,5.56
2024-12-13,2,maple,7.1
2024-12-13,2 ,rosewood,72.1
2024-12-13,3,mahogany,12.81
2024-12-13,3 ,maple,6.44
2024-12-14,3,mahogany,11.21
2024-12-14,3,rosewood,54.03
2024-12-14,1,mahogany,9.59
2024-12-14,1 ,maple,6.06
2024-12-14,111,rosewood,70.69
2024-12-14,2,mahogany,
2024-12-14,2,maple,7.69
2024-12-14,2,rosewood,73.22
2024-12-14,3,maple,5.67
2024-12-15,2,mahogany,10.89
2024-12-15,3,maple,6.03
2024-12-15,3,rosewood,56.78
2024-12-15,333,mahogany,12.67
2024-12-15,1,mahogany,11.45
2024-12-15,1,maple,5.71
2024-12-15,111 ,rosewood,66.88
2024-12-15,2,maple,6.29
2024-12-15,2,rosewood,75.67
2024-12-16,3,mahogany,12.85
2024-12-16,3,rosewood,68.56
2024-12-16,1,maple,5.65
2024-12-16,1,rosewood,60.64
2024-12-16,111,mahogany,11.02
2024-12-16,2,mahogany,11.61
2024-12-16,2,maple,6.66
2024-12-16,2 ,rosewood,69.95
2024-12-16,3,maple,6.94
2024-12-17,2,rosewood,76.55
2024-12-17,333,maple,6.4
2024-12-17,1,rosewood,64.56
2024-12-17,111,mahogany,11.76
2024-12-17,111,maple,5.93
2024-12-17,222,mahogany,13.3
2024-12-17,222 ,maple,6.88
2024-12-17,3,mahogany,10.98
2024-12-17,3,rosewood,65.28
2024-12-18,1,mahogany,12.45
2024-12-18,3,rosewood,64.74
2024-12-18,222,rosewood,79.83
2024-12-18,1,maple,6.13
2024-12-18,111,rosewood,71.73
2024-12-18,2,mahogany,
2024-12-18,222,maple,8.49
2024-12-18,3,maple,6.18
2024-12-18,333 ,mahogany,14.11
2024-12-19,1,mahogany,11.29
2024-12-19,2,rosewood,76.7
2024-12-19,3,maple,5.24
2024-12-19,3,rosewood,57.93
2024-12-19,1,maple,5.77
2024-12-19,111,rosewood,73.63
2024-12-19,2,mahogany,13.43
2024-12-19,222 ,maple,4.67
2024-12-19,3 ,mahogany,12.17
2024-12-20,1,mahogany,10.4
2024-12-20,2,mahogany,
2024-12-20,111,rosewood,74.39
2024-12-20,1,maple,7.34
2024-12-20,2,maple,8.8
2024-12-20,222 ,rosewood,68.31
2024-12-20,3,maple,6.93
2024-12-20,3,rosewood,60.77
2024-12-20,333,mahogany,11.5
2024-12-21,1,rosewood,70.82
2024-12-21,2,rosewood,86.74
2024-12-21,3,rosewood,68.69
2024-12-21,111,maple,5.48
2024-12-21,1,mahogany,10.77
2024-12-21,2,maple,7.19
2024-12-21,222,mahogany,10.28
2024-12-21,333,mahogany,14.49
2024-12-21,333,maple,6.9
2024-12-22,3,maple,5.55
2024-12-22,3,rosewood,60.26
2024-12-22,1,mahogany,10.31
2024-12-22,1 ,maple,6.33
2024-12-22,1 ,rosewood,67.93
2024-12-22,2,mahogany,14.27
2024-12-22,2,maple,7.9
2024-12-22,2,rosewood,67.75
2024-12-22,3,mahogany,12.7
2024-12-23,2,maple,7.13
2024-12-23,3,rosewood,60.32
2024-12-23,1,rosewood,68.3
2024-12-23,1 ,mahogany,11.21
2024-12-23,1 ,maple,6.41
2024-12-23,2 ,rosewood,88.12
2024-12-23,222,mahogany,13.01
2024-12-23,3,maple,
2024-12-23,3 ,mahogany,11.83
2024-12-24,2,mahogany,
2024-12-24,3,mahogany,11.8
2024-12-24,222,rosewood,79.24
2024-12-24,1,mahogany,10.22
2024-12-24,1,rosewood,61.99
2024-12-24,1 ,maple,6.3
2024-12-24,2,maple,4.37
2024-12-24,3,maple,5.94
2024-12-24,3,rosewood,66.18
2024-12-25,1,mahogany,11.99
2024-12-25,3,mahogany,12.07
2024-12-25,3,rosewood,61.52
2024-12-25,1,maple,6.11
2024-12-25,1 ,rosewood,
2024-12-25,2,mahogany,
2024-12-25,2,maple,7.78
2024-12-25,2,rosewood,85.06
2024-12-25,3,maple,6.31
2024-12-26,1,mahogany,12.03
2024-12-26,2,mahogany,12.01
2024-12-26,3,mahogany,12.25
2024-12-26,1,maple,5.71
2024-12-26,1,rosewood,70.55
2024-12-26,2,maple,4.31
2024-12-26,2,rosewood,65.42
2024-12-26,3,maple,6.44
2024-12-26,333,rosewood,66.87
2024-12-27,1,mahogany,12.84
2024-12-27,2,maple,5.8
2024-12-27,3,maple,6.82
2024-12-27,3,rosewood,69.42
2024-12-27,222,rosewood,72.2
2024-12-27,1,maple,5.78
2024-12-27,1,rosewood,80.22
2024-12-27,222,mahogany,14.43
2024-12-27,333 ,mahogany,12.78
2024-12-28,1,mahogany,10.36
2024-12-28,1,maple,6.05
2024-12-28,2,mahogany,10.25
2024-12-28,3,mahogany,10.89
2024-12-28,1,rosewood,65.96
2024-12-28,222,maple,8.22
2024-12-28,222,rosewood,54.18
2024-12-28,3,maple,5.79
2024-12-28,3,rosewood,71.01
2024-12-29,3,mahogany,11.52
2024-12-29,1 ,mahogany,10.38
2024-12-29,1 ,rosewood,64.54
2024-12-29,111,maple,6.71
2024-12-29,2,mahogany,16.54
2024-12-29,2,rosewood,96.65
2024-12-29,222,maple,8.67
2024-12-29,3,maple,6.39
2024-12-29,3 ,rosewood,73.81
2024-12-30,3,mahogany,13.02
2024-12-30,3,rosewood,56.5
2024-12-30,1,maple,4.99
2024-12-30,1,rosewood,83.43
2024-12-30,111 ,mahogany,12.56
2024-12-30,2,maple,7.5
2024-12-30,2,rosewood,99.42
2024-12-30,222,mahogany,
2024-12-30,3,maple,5.58
2024-12-31,2,mahogany,13.1
2024-12-31,3,mahogany,12.25
2024-12-31,1,maple,6.0
2024-12-31,1 ,rosewood,58.03
2024-12-31,111,mahogany,12.6
2024-12-31,2,rosewood,81.89
2024-12-31,222,maple,8.2
2024-12-31,3,rosewood,57.47
2024-12-31,333,maple,7.49
2025-01-01,1,rosewood,
2025-01-01,2,maple,6.75
2025-01-01,3,rosewood,64.64
2025-01-01,1,mahogany,12.31
2025-01-01,111,maple,5.65
2025-01-01,2,mahogany,
2025-01-01,2,rosewood,86.79
2025-01-01,333,mahogany,12.75
2025-01-01,333 ,maple,6.18
2025-01-02,2,mahogany,12.94
2025-01-02,3,rosewood,78.64
2025-01-02,1,maple,6.82
2025-01-02,1 ,rosewood,66.7
2025-01-02,111,mahogany,12.68
2025-01-02,222,maple,7.08
2025-01-02,222,rosewood,82.03
2025-01-02,3,mahogany,10.65
2025-01-02,3 ,maple,5.96
2025-01-03,3,mahogany,12.64
2025-01-03,111,maple,6.33
2025-01-03,333,maple,5.51
2025-01-03,111,mahogany,12.4
2025-01-03,111,rosewood,86.15
2025-01-03,2,rosewood,93.59
2025-01-03,2 ,mahogany,
2025-01-03,222,maple,8.0
2025-01-03,3,rosewood,66.99
2025-01-04,3,maple,6.01
2025-01-04,222,mahogany,12.67
2025-01-04,1,maple,6.99
2025-01-04,1,rosewood,69.05
2025-01-04,1 ,mahogany,13.07
2025-01-04,1 ,mahogany,13.07
2025-01-04,2,maple,7.87
2025-01-04,222,rosewood,80.7
2025-01-04,222,rosewood,80.7
2025-01-04,3,mahogany,
2025-01-04,3,rosewood,63.14
2025-01-05,2,mahogany,14.23
2025-01-05,333,rosewood,72.38
2025-01-05,1,mahogany,11.11
2025-01-05,1,maple,5.32
2025-01-05,1,rosewood,68.84
2025-01-05,2,maple,6.84
2025-01-05,2,rosewood,77.99
2025-01-05,3,mahogany,12.74
2025-01-05,333,maple,6.38
2025-01-06,2,rosewood,79.32
2025-01-06,111,mahogany,10.41
2025-01-06,333,mahogany,11.8
2025-01-06,111,maple,5.18
2025-01-06,111,rosewood,80.02
2025-01-06,2,mahogany,15.16
2025-01-06,2,maple,6.58
2025-01-06,3,maple,6.56
2025-01-06,3,rosewood,61.29
2025-01-07,3,mahogany,14.19
2025-01-07,3,maple,6.45
2025-01-07,1,maple,5.18
2025-01-07,1,rosewood,71.9
2025-01-07,1 ,mahogany,10.84
2025-01-07,2,rosewood,86.14
2025-01-07,2 ,maple,7.54
2025-01-07,222,mahogany,14.85
2025-01-07,3 ,rosewood,65.27
2025-01-08,2,maple,7.63
2025-01-08,1 ,mahogany,10.03
2025-01-08,1 ,rosewood,62.29
2025-01-08,111 ,maple,5.11
2025-01-08,2,mahogany,
2025-01-08,2 ,rosewood,103.34
2025-01-08,3,maple,7.41
2025-01-08,3,rosewood,66.01
2025-01-08,333,mahogany,13.48
2025-01-09,2,maple,7.35
2025-01-09,2,rosewood,88.23
2025-01-09,3,rosewood,65.16
2025-01-09,1,maple,5.22
2025-01-09,1,rosewood,79.91
2025-01-09,1 ,mahogany,11.57
2025-01-09,2,mahogany,
2025-01-09,3,mahogany,11.17
2025-01-09,3 ,maple,6.0
2025-01-10,1,mahogany,10.55
2025-01-10,1,maple,5.25
2025-01-10,2,maple,8.26
2025-01-10,3,maple,6.06
2025-01-10,111,rosewood,72.86
2025-01-10,2,mahogany,13.92
2025-01-10,2,rosewood,79.77
2025-01-10,3 ,mahogany,14.68
2025-01-10,3 ,rosewood,68.49
2025-01-11,1,mahogany,9.92
2025-01-11,1,rosewood,58.58
2025-01-11,3,mahogany,12.66
2025-01-11,3,maple,6.43
2025-01-11,3,rosewood,68.89
2025-01-11,1 ,maple,6.07
2025-01-11,2,mahogany,
2025-01-11,2,maple,7.66
2025-01-11,2,rosewood,88.76
2025-01-12,1,mahogany,11.23
2025-01-12,1,rosewood,73.26
2025-01-12,2,maple,6.06
2025-01-12,3,rosewood,59.36
2025-01-12,1,maple,5.71
2025-01-12,2 ,mahogany,
2025-01-12,222,rosewood,82.69
2025-01-12,3,maple,5.43
2025-01-12,333,mahogany,11.01
2025-01-13,1,mahogany,10.71
2025-01-13,1,maple,5.15
2025-01-13,1,rosewood,64.13
2025-01-13,2,rosewood,80.03
2025-01-13,3,mahogany,11.68
2025-01-13,3,rosewood,67.22
2025-01-13,2,maple,7.43
2025-01-13,222 ,mahogany,
2025-01-13,3,maple,6.64
2025-01-14,1,rosewood,71.82
2025-01-14,2,mahogany,9.38
2025-01-14,1,mahogany,10.93
2025-01-14,1 ,maple,5.85
2025-01-14,2,rosewood,75.74
2025-01-14,222,maple,7.2
2025-01-14,3,mahogany,12.92
2025-01-14,3,maple,6.07
2025-01-14,3 ,rosewood,51.47
2025-01-15,1,rosewood,67.73
2025-01-15,2,rosewood,85.17
2025-01-15,3,maple,5.79
2025-01-15,1,mahogany,11.7
2025-01-15,1,maple,5.01
2025-01-15,2,mahogany,15.46
2025-01-15,2,maple,5.75
2025-01-15,3,mahogany,12.17
2025-01-15,3,rosewood,60.93
2025-01-16,1,maple,5.88
2025-01-16,2,rosewood,67.32
2025-01-16,3,mahogany,14.02
2025-01-16,3,rosewood,77.26
2025-01-16,1,mahogany,12.55
2025-01-16,1,rosewood,
2025-01-16,2,mahogany,11.0
2025-01-16,2,maple,6.53
2025-01-16,3,maple,6.71
2025-01-17,1,maple,6.37
2025-01-17,2,mahogany,
2025-01-17,3,mahogany,12.07
2025-01-17,3,maple,5.92
2025-01-17,3,rosewood,68.32
2025-01-17,1,mahogany,11.21
2025-01-17,1 ,rosewood,74.76
2025-01-17,2,maple,6.39
2025-01-17,2 ,rosewood,64.82
2025-01-18,2,rosewood,69.16
2025-01-18,1,mahogany,10.7
2025-01-18,1,maple,5.08
2025-01-18,1,rosewood,69.75
2025-01-18,2,mahogany,12.08
2025-01-18,2,maple,7.93
2025-01-18,3,mahogany,12.87
2025-01-18,3,maple,6.05
2025-01-18,3,rosewood,65.74
2025-01-19,1,maple,5.95
2025-01-19,1,rosewood,56.04
2025-01-19,111,mahogany,11.29
2025-01-19,2,mahogany,
2025-01-19,2 ,maple,7.86
2025-01-19,222 ,rosewood,83.27
2025-01-19,3 ,mahogany,12.39
2025-01-19,333,maple,6.65
2025-01-19,333,rosewood,55.23
2025-01-20,1,mahogany,10.56
2025-01-20,1,maple,
2025-01-20,2,maple,7.49
2025-01-20,2,rosewood,81.56
2025-01-20,1,rosewood,68.85
2025-01-20,2,mahogany,11.59
2025-01-20,3,mahogany,13.28
2025-01-20,3,maple,6.1
2025-01-20,3,rosewood,58.94
2025-01-21,1,mahogany,11.98
2025-01-21,1,rosewood,69.6
2025-01-21,2,rosewood,63.67
2025-01-21,3,maple,7.51
2025-01-21,333,mahogany,14.21
2025-01-21,1,maple,6.12
2025-01-21,2,mahogany,12.8
2025-01-21,2,maple,5.96
2025-01-21,3,rosewood,68.2
2025-01-22,2,rosewood,84.5
2025-01-22,3,mahogany,11.65
2025-01-22,111,maple,4.9
2025-01-22,222,maple,6.65
2025-01-22,1,mahogany,11.58
2025-01-22,1,rosewood,72.21
2025-01-22,2,mahogany,13.64
2025-01-22,3,maple,6.4
2025-01-22,3,rosewood,64.47
2025-01-23,1,maple,4.98
2025-01-23,2,rosewood,83.45
2025-01-23,3,mahogany,13.48
2025-01-23,1,mahogany,11.82
2025-01-23,1 ,rosewood,71.1
2025-01-23,2,maple,6.72
2025-01-23,2 ,mahogany,12.66
2025-01-23,333,maple,5.77
2025-01-23,333,rosewood,66.1
2025-01-24,1,maple,6.15
2025-01-24,2,mahogany,12.67
2025-01-24,2,maple,8.85
2025-01-24,3,mahogany,12.02
2025-01-24,3,maple,7.29
2025-01-24,3,rosewood,63.66
2025-01-24,1,mahogany,11.06
2025-01-24,1,rosewood,71.37
2025-01-24,222,rosewood,
2025-01-25,1,mahogany,11.76
2025-01-25,1,rosewood,76.94
2025-01-25,2,mahogany,
2025-01-25,2,rosewood,77.08
2025-01-25,3,rosewood,68.38
2025-01-25,1,maple,5.59
2025-01-25,2,maple,6.06
2025-01-25,3,mahogany,11.76
2025-01-25,3,maple,6.17
2025-01-26,2,rosewood,82.65
2025-01-26,111,mahogany,12.28
2025-01-26,222,mahogany,
2025-01-26,1,maple,5.75
2025-01-26,1,rosewood,70.11
2025-01-26,222,maple,8.41
2025-01-26,3,maple,6.54
2025-01-26,333,mahogany,11.15
2025-01-26,333,rosewood,71.64
2025-01-27,1,mahogany,11.53
2025-01-27,1,maple,5.57
2025-01-27,2,maple,6.05
2025-01-27,3,mahogany,10.78
2025-01-27,222,rosewood,81.56
2025-01-27,1,rosewood,69.09
2025-01-27,2,mahogany,
2025-01-27,3,rosewood,54.98
2025-01-27,333,maple,5.78
2025-01-28,2,mahogany,
2025-01-28,3,maple,6.25
2025-01-28,1,maple,4.96
2025-01-28,1,rosewood,68.21
2025-01-28,111 ,mahogany,11.67
2025-01-28,2,maple,7.91
2025-01-28,2,rosewood,82.26
2025-01-28,3,mahogany,11.61
2025-01-28,3,rosewood,65.59
2025-01-29,1,mahogany,12.24
2025-01-29,1,maple,
2025-01-29,1,rosewood,67.8
2025-01-29,3,maple,6.39
2025-01-29,2,maple,7.13
2025-01-29,222,rosewood,80.16
2025-01-29,222 ,mahogany,12.43
2025-01-29,3,mahogany,13.31
2025-01-29,3 ,rosewood,69.0
2025-01-30,1,mahogany,11.08
2025-01-30,1,rosewood,63.87
2025-01-30,2,maple,5.97
2025-01-30,2,rosewood,84.75
2025-01-30,3,maple,6.41
2025-01-30,333,mahogany,10.19
2025-01-30,333,rosewood,60.92
2025-01-30,1,maple,6.11
2025-01-30,2 ,mahogany,10.87
2025-01-31,1,rosewood,65.08
2025-01-31,2,mahogany,11.16
2025-01-31,333,rosewood,66.63
2025-01-31,1,mahogany,12.5
2025-01-31,1,maple,5.84
2025-01-31,2 ,maple,7.5
2025-01-31,2 ,rosewood,70.72
2025-01-31,3,maple,
2025-01-31,3 ,mahogany,11.62
2025-02-01,1,rosewood,66.71
2025-02-01,2,rosewood,76.73
2025-02-01,3,rosewood,72.86
2025-02-01,333,mahogany,12.13
2025-02-01,1,mahogany,10.58
2025-02-01,111,maple,
2025-02-01,2,mahogany,12.66
2025-02-01,2,maple,9.25
2025-02-01,3,maple,6.78
2025-02-02,1,mahogany,14.23
2025-02-02,2,mahogany,11.34
2025-02-02,2,rosewood,64.3
2025-02-02,111,maple,5.42
2025-02-02,111,rosewood,68.61
2025-02-02,2,maple,7.33
2025-02-02,3,mahogany,13.49
2025-02-02,3,maple,6.7
2025-02-02,333,rosewood,62.32
2025-02-03,3,maple,6.49
2025-02-03,111,maple,6.24
2025-02-03,111,rosewood,66.17
2025-02-03,222,rosewood,93.67
2025-02-03,1,mahogany,10.65
2025-02-03,2,mahogany,10.48
2025-02-03,222,maple,6.01
2025-02-03,3,rosewood,50.27
2025-02-03,3 ,mahogany,12.32
2025-02-04,1,mahogany,10.12
2025-02-04,2,mahogany,14.88
2025-02-04,2,maple,6.82
2025-02-04,2,rosewood,85.28
2025-02-04,3,rosewood,71.69
2025-02-04,333,mahogany,12.87
2025-02-04,1,rosewood,69.92
2025-02-04,111,maple,5.53
2025-02-04,3,maple,6.59
2025-02-05,1,maple,5.96
2025-02-05,2,maple,7.13
2025-02-05,3,mahogany,12.96
2025-02-05,3,rosewood,61.49
2025-02-05,1,mahogany,9.5
2025-02-05,1,rosewood,74.72
2025-02-05,2 ,mahogany,10.02
2025-02-05,2 ,rosewood,78.97
2025-02-05,3,maple,7.27
2025-02-06,1,maple,
2025-02-06,2,maple,6.65
2025-02-06,2,rosewood,67.73
2025-02-06,3,maple,6.69
2025-02-06,3,rosewood,59.88
2025-02-06,1,rosewood,71.34
2025-02-06,1 ,mahogany,13.32
2025-02-06,2 ,mahogany,10.03
2025-02-06,3,mahogany,
2025-02-07,3,mahogany,13.3
2025-02-07,3,rosewood,62.37
2025-02-07,111,mahogany,12.45
2025-02-07,1,maple,6.03
2025-02-07,1 ,rosewood,72.31
2025-02-07,2 ,maple,7.24
2025-02-07,222,rosewood,68.08
2025-02-07,222 ,mahogany,10.55
2025-02-07,3 ,maple,6.86
2025-02-08,1,maple,6.67
2025-02-08,1,mahogany,12.08
2025-02-08,1,rosewood,70.21
2025-02-08,2,maple,8.06
2025-02-08,222,mahogany,14.38
2025-02-08,222 ,rosewood,72.83
2025-02-08,3 ,maple,6.97
2025-02-08,333,mahogany,11.29
2025-02-08,333 ,rosewood,69.52
2025-02-09,2,mahogany,11.64
2025-02-09,3,rosewood,60.36
2025-02-09,1,mahogany,11.84
2025-02-09,1,maple,5.37
2025-02-09,1,rosewood,58.62
2025-02-09,2,rosewood,69.52
2025-02-09,2 ,maple,7.19
2025-02-09,3,maple,6.39
2025-02-09,3 ,mahogany,12.85
2025-02-10,1,rosewood,64.41
2025-02-10,2,maple,7.35
2025-02-10,3,rosewood,70.52
2025-02-10,1,maple,6.03
2025-02-10,1 ,mahogany,11.31
2025-02-10,2,mahogany,13.36
2025-02-10,222 ,rosewood,90.61
2025-02-10,3,mahogany,13.17
2025-02-10,333 ,maple,5.88
2025-02-11,1,mahogany,10.63
2025-02-11,2,rosewood,83.53
2025-02-11,1,maple,5.58
2025-02-11,111,rosewood,65.24
2025-02-11,2,maple,6.74
2025-02-11,222,mahogany,12.65
2025-02-11,3,rosewood,68.2
2025-02-11,333,maple,6.33
2025-02-11,333 ,mahogany,12.4
2025-02-12,1,mahogany,12.35
2025-02-12,1,maple,5.92
2025-02-12,2,rosewood,85.94
2025-02-12,3,rosewood,64.34
2025-02-12,1,rosewood,71.88
2025-02-12,2,mahogany,
2025-02-12,2,maple,6.41
2025-02-12,3,mahogany,12.92
2025-02-12,333,maple,6.96
2025-02-13,1,rosewood,73.76
2025-02-13,2,rosewood,63.25
2025-02-13,111,mahogany,11.1
2025-02-13,1 ,maple,6.21
2025-02-13,2,mahogany,12.22
2025-02-13,2,maple,7.36
2025-02-13,3,mahogany,11.9
2025-02-13,3,maple,5.89
2025-02-13,333,rosewood,65.82
2025-02-14,1,maple,5.41
2025-02-14,2,mahogany,14.28
2025-02-14,2,maple,5.81
2025-02-14,1,rosewood,70.46
2025-02-14,111,mahogany,11.71
2025-02-14,222,rosewood,73.96
2025-02-14,3,mahogany,12.33
2025-02-14,3,maple,5.89
2025-02-14,3 ,rosewood,61.82
2025-02-15,1,rosewood,76.15
2025-02-15,2,mahogany,10.44
2025-02-15,333,maple,7.08
2025-02-15,1,mahogany,12.79
2025-02-15,1,maple,5.83
2025-02-15,2,maple,6.67
2025-02-15,2,rosewood,83.61
2025-02-15,3 ,mahogany,12.62
2025-02-15,333,rosewood,57.22
2025-02-16,222,mahogany,
2025-02-16,1,rosewood,63.3
2025-02-16,1 ,mahogany,10.62
2025-02-16,1 ,maple,5.68
2025-02-16,2,maple,5.92
2025-02-16,222,rosewood,89.14
2025-02-16,3,rosewood,68.69
2025-02-16,3 ,mahogany,13.44
2025-02-16,333 ,maple,5.81
2025-02-17,2,mahogany,11.69
2025-02-17,2,maple,7.55
2025-02-17,3,mahogany,12.85
2025-02-17,1,mahogany,10.38
2025-02-17,111,rosewood,67.09
2025-02-17,111 ,maple,5.53
2025-02-17,2,rosewood,
2025-02-17,3,maple,6.19
2025-02-17,333,rosewood,59.49
2025-02-18,1,mahogany,12.31
2025-02-18,2,rosewood,68.19
2025-02-18,3,mahogany,13.59
2025-02-18,3,maple,6.18
2025-02-18,222,maple,6.56
2025-02-18,1,maple,5.18
2025-02-18,1,rosewood,71.35
2025-02-18,2,mahogany,
2025-02-18,3 ,rosewood,71.55
2025-02-19,1,mahogany,10.99
2025-02-19,1,maple,5.58
2025-02-19,1,rosewood,65.09
2025-02-19,2,mahogany,11.59
2025-02-19,3,mahogany,12.08
2025-02-19,3,maple,4.7
2025-02-19,2,maple,7.26
2025-02-19,222,rosewood,108.17
2025-02-19,3,rosewood,66.14
2025-02-20,1,rosewood,67.16
2025-02-20,1,mahogany,12.34
2025-02-20,1 ,maple,5.1
2025-02-20,2,mahogany,10.4
2025-02-20,2 ,rosewood,87.78
2025-02-20,222,maple,6.04
2025-02-20,3,maple,5.39
2025-02-20,3,rosewood,59.31
2025-02-20,3 ,mahogany,13.15
2025-02-21,1,maple,5.33
2025-02-21,3,rosewood,63.49
2025-02-21,222,mahogany,15.26
2025-02-21,1,mahogany,10.71
2025-02-21,1,rosewood,65.94
2025-02-21,2 ,rosewood,73.62
2025-02-21,222 ,maple,6.07
2025-02-21,3,mahogany,13.22
2025-02-21,333,maple,5.83
2025-02-22,1,maple,5.45
2025-02-22,2,maple,7.45
2025-02-22,2,rosewood,69.02
2025-02-22,3,mahogany,12.93
2025-02-22,3,maple,7.6
2025-02-22,3,rosewood,52.01
2025-02-22,111,rosewood,71.3
2025-02-22,1,mahogany,11.47
2025-02-22,2,mahogany,
2025-02-23,1,maple,5.99
2025-02-23,2,maple,5.86
2025-02-23,3,mahogany,11.64
2025-02-23,1,mahogany,11.64
2025-02-23,1,rosewood,68.98
2025-02-23,2,mahogany,12.71
2025-02-23,2,rosewood,67.92
2025-02-23,3,maple,6.23
2025-02-23,3,rosewood,69.66
2025-02-24,1,mahogany,11.61
2025-02-24,1,maple,5.05
2025-02-24,1,rosewood,63.25
2025-02-24,3,maple,5.87
2025-02-24,2,rosewood,79.78
2025-02-24,2 ,mahogany,12.8
2025-02-24,2 ,maple,6.52
2025-02-24,333,mahogany,12.15
2025-02-24,333,rosewood,71.64
2025-02-25,1,maple,6.06
2025-02-25,1,rosewood,70.4
2025-02-25,2,maple,8.1
2025-02-25,3,mahogany,13.4
2025-02-25,3,rosewood,68.64
2025-02-25,111,mahogany,10.32
2025-02-25,2,mahogany,16.54
2025-02-25,2,rosewood,91.89
2025-02-25,3,maple,6.89
2025-02-26,3,mahogany,13.0
2025-02-26,222,maple,6.62
2025-02-26,222,rosewood,85.68
2025-02-26,1,mahogany,11.67
2025-02-26,1,maple,6.13
2025-02-26,111,rosewood,63.09
2025-02-26,222,mahogany,11.3
2025-02-26,3,rosewood,62.3
2025-02-26,333,maple,5.32
2025-02-27,2,maple,6.13
2025-02-27,2,rosewood,72.36
2025-02-27,3,maple,6.58
2025-02-27,1,mahogany,11.36
2025-02-27,1,maple,5.85
2025-02-27,1,rosewood,76.58
2025-02-27,2 ,mahogany,
2025-02-27,3,mahogany,11.49
2025-02-27,3,rosewood,69.57
2025-02-28,2,maple,7.71
2025-02-28,2,rosewood,86.92
2025-02-28,333,rosewood,61.37
2025-02-28,1,mahogany,12.15
2025-02-28,1,maple,5.55
2025-02-28,111,rosewood,84.83
2025-02-28,2,mahogany,14.44
2025-02-28,3,mahogany,11.86
2025-02-28,3,maple,6.43
2025-03-01,1,mahogany,11.08
2025-03-01,2,mahogany,13.69
2025-03-01,111,maple,6.32
2025-03-01,111,rosewood,73.14
2025-03-01,2,maple,6.01
2025-03-01,2 ,rosewood,91.2
2025-03-01,3,maple,6.52
2025-03-01,3 ,rosewood,74.62
2025-03-01,333 ,mahogany,11.01
2025-03-02,2,mahogany,10.12
2025-03-02,2,rosewood,75.22
2025-03-02,3,mahogany,11.0
2025-03-02,333,maple,5.37
2025-03-02,1,mahogany,11.79
2025-03-02,1,maple,5.35
2025-03-02,1,rosewood,71.6
2025-03-02,222,maple,6.13
2025-03-02,333 ,rosewood,73.43
2025-03-03,1,mahogany,10.73
2025-03-03,2,mahogany,
2025-03-03,3,mahogany,12.39
2025-03-03,3,maple,6.53
2025-03-03,1,maple,5.07
2025-03-03,1,rosewood,71.04
2025-03-03,2,rosewood,88.39
2025-03-03,222 ,maple,6.31
2025-03-03,3,rosewood,68.46
2025-03-04,1,maple,6.08
2025-03-04,1,rosewood,71.21
2025-03-04,2,rosewood,77.49
2025-03-04,3,mahogany,13.73
2025-03-04,3,maple,6.36
2025-03-04,333,rosewood,58.24
2025-03-04,111 ,mahogany,11.34
2025-03-04,2,maple,5.62
2025-03-04,222 ,mahogany,
2025-03-05,2,mahogany,11.75
2025-03-05,2,maple,
2025-03-05,2,rosewood,86.4
2025-03-05,333,maple,6.54
2025-03-05,1,maple,5.03
2025-03-05,1 ,mahogany,12.34
2025-03-05,1 ,rosewood,79.46
2025-03-05,3 ,mahogany,12.49
2025-03-05,333 ,rosewood,51.15
2025-03-06,2,maple,6.8
2025-03-06,3,maple,6.2
2025-03-06,333,rosewood,65.99
2025-03-06,1,mahogany,9.25
2025-03-06,1 ,maple,5.59
2025-03-06,111,rosewood,74.45
2025-03-06,2,mahogany,12.28
2025-03-06,2,rosewood,93.15
2025-03-06,3,mahogany,11.37
2025-03-07,2,mahogany,8.86
2025-03-07,3,mahogany,11.69
2025-03-07,3,rosewood,58.5
2025-03-07,1,maple,4.89
2025-03-07,1,rosewood,79.81
2025-03-07,111 ,mahogany,12.13
2025-03-07,2,rosewood,68.19
2025-03-07,222,maple,5.75
2025-03-07,3,maple,5.9
2025-03-08,1,maple,6.25
2025-03-08,1,rosewood,75.06
2025-03-08,2,mahogany,16.3
2025-03-08,2,rosewood,97.78
2025-03-08,3,rosewood,67.0
2025-03-08,111,mahogany,11.8
2025-03-08,333,maple,6.19
2025-03-08,2 ,maple,5.48
2025-03-08,3 ,mahogany,11.95
2025-03-09,1,maple,5.78
2025-03-09,3,maple,6.27
2025-03-09,222,rosewood,82.89
2025-03-09,1,mahogany,10.83
2025-03-09,1 ,rosewood,69.03
2025-03-09,2 ,maple,5.55
2025-03-09,222,mahogany,11.99
2025-03-09,3,rosewood,63.33
2025-03-09,333 ,mahogany,10.83
2025-03-10,1,mahogany,11.42
2025-03-10,3,maple,5.47
2025-03-10,1,maple,5.26
2025-03-10,1,rosewood,75.14
2025-03-10,2,mahogany,8.21
2025-03-10,2,maple,5.9
2025-03-10,222,rosewood,76.82
2025-03-10,3,mahogany,13.4
2025-03-10,3,rosewood,71.42
2025-03-11,1,maple,6.34
2025-03-11,1,rosewood,73.37
2025-03-11,2,mahogany,10.36
2025-03-11,2,maple,6.17
2025-03-11,3,maple,6.16
2025-03-11,1,mahogany,11.09
2025-03-11,2,rosewood,72.61
2025-03-11,3,mahogany,12.44
2025-03-11,3,rosewood,63.11
2025-03-12,3,mahogany,10.9
2025-03-12,3,maple,7.53
2025-03-12,1,mahogany,11.68
2025-03-12,1,rosewood,67.74
2025-03-12,111,maple,4.98
2025-03-12,2,mahogany,12.45
2025-03-12,222,maple,4.21
2025-03-12,222,rosewood,77.73
2025-03-12,3,rosewood,61.92
2025-03-13,2,mahogany,14.42
2025-03-13,3,mahogany,14.73
2025-03-13,3,maple,5.53
2025-03-13,1,mahogany,10.5
2025-03-13,1,maple,5.44
2025-03-13,1 ,rosewood,63.32
2025-03-13,2,maple,6.45
2025-03-13,2,rosewood,61.16
2025-03-13,333 ,rosewood,68.17
2025-03-14,1,maple,5.6
2025-03-14,2,mahogany,11.42
2025-03-14,2,maple,8.84
2025-03-14,3,maple,6.32
2025-03-14,333,rosewood,56.31
2025-03-14,111,mahogany,11.42
2025-03-14,111 ,rosewood,79.4
2025-03-14,2,rosewood,72.5
2025-03-14,3,mahogany,11.19
2025-03-15,1,maple,4.78
2025-03-15,2,mahogany,16.25
2025-03-15,3,mahogany,13.26
2025-03-15,3,mahogany,13.26
2025-03-15,3,rosewood,57.47
2025-03-15,1,rosewood,61.97
2025-03-15,111,mahogany,10.38
2025-03-15,2,maple,6.77
2025-03-15,2,rosewood,70.99
2025-03-15,3,maple,6.75
2025-03-15,3,maple,6.75
2025-03-16,1,maple,6.13
2025-03-16,222,maple,7.03
2025-03-16,1,mahogany,11.57
2025-03-16,1 ,rosewood,
2025-03-16,2,rosewood,71.41
2025-03-16,222,mahogany,12.96
2025-03-16,3,maple,5.92
2025-03-16,3,rosewood,66.17
2025-03-16,333,mahogany,11.36
2025-03-17,1,maple,5.04
2025-03-17,2,rosewood,117.1
2025-03-17,222,maple,5.85
2025-03-17,333,rosewood,55.89
2025-03-17,1,mahogany,10.9
2025-03-17,111,rosewood,67.5
2025-03-17,111,rosewood,67.5
2025-03-17,222,mahogany,7.17
2025-03-17,3,maple,6.64
2025-03-17,3 ,mahogany,12.84
2025-03-18,1,rosewood,70.11
2025-03-18,2,rosewood,93.4
2025-03-18,3,mahogany,12.69
2025-03-18,3,maple,6.32
2025-03-18,1,maple,6.15
2025-03-18,111,mahogany,11.89
2025-03-18,2 ,mahogany,13.27
2025-03-18,222,maple,7.76
2025-03-18,3 ,rosewood,65.13
2025-03-19,1,mahogany,11.22
2025-03-19,222,rosewood,88.09
2025-03-19,1,rosewood,81.74
2025-03-19,1 ,maple,5.63
2025-03-19,2,mahogany,12.53
2025-03-19,2,maple,6.28
2025-03-19,3,mahogany,12.8
2025-03-19,3 ,maple,6.18
2025-03-19,333,rosewood,66.09
2025-03-20,2,maple,5.3
2025-03-20,333,mahogany,14.78
2025-03-20,1,mahogany,10.51
2025-03-20,1,maple,5.24
2025-03-20,111,rosewood,75.5
2025-03-20,2,mahogany,
2025-03-20,2,rosewood,79.46
2025-03-20,3,maple,6.42
2025-03-20,333,rosewood,60.61
2025-03-21,222,maple,5.96
2025-03-21,1,mahogany,10.88
2025-03-21,111,maple,6.0
2025-03-21,111,rosewood,70.26
2025-03-21,2,rosewood,
2025-03-21,222,mahogany,14.21
2025-03-21,3,maple,7.57
2025-03-21,3,rosewood,70.71
2025-03-21,333,mahogany,13.2
2025-03-22,1,mahogany,10.64
2025-03-22,3,mahogany,14.14
2025-03-22,1,maple,5.6
2025-03-22,1 ,rosewood,75.42
2025-03-22,2,mahogany,11.83
2025-03-22,2,maple,8.19
2025-03-22,2,rosewood,77.56
2025-03-22,3 ,maple,6.37
2025-03-22,3 ,rosewood,53.41
2025-03-23,1,mahogany,9.53
2025-03-23,3,mahogany,11.45
2025-03-23,1,maple,
2025-03-23,1,rosewood,63.98
2025-03-23,2,mahogany,13.48
2025-03-23,2 ,maple,7.45
2025-03-23,2 ,rosewood,89.86
2025-03-23,3,maple,6.29
2025-03-23,3,rosewood,56.26
2025-03-24,1,maple,5.75
2025-03-24,222,maple,8.7
2025-03-24,333,maple,6.26
2025-03-24,1 ,rosewood,58.67
2025-03-24,111,mahogany,11.84
2025-03-24,2,mahogany,14.62
2025-03-24,2,rosewood,85.51
2025-03-24,3,mahogany,13.41
2025-03-24,333,rosewood,61.34
2025-03-25,1,mahogany,8.69
2025-03-25,2,mahogany,7.49
2025-03-25,3,maple,5.65
2025-03-25,1 ,rosewood,70.54
2025-03-25,111,maple,5.59
2025-03-25,2,maple,8.09
2025-03-25,222,rosewood,
2025-03-25,333,mahogany,12.35
2025-03-25,333,rosewood,
2025-03-26,1,rosewood,62.42
2025-03-26,2,mahogany,14.94
2025-03-26,2,rosewood,68.15
2025-03-26,3,mahogany,11.73
2025-03-26,3,maple,6.12
2025-03-26,1,mahogany,11.47
2025-03-26,111,maple,5.45
2025-03-26,2,maple,
2025-03-26,333 ,rosewood,61.16
2025-03-27,1,maple,6.36
2025-03-27,1,mahogany,11.96
2025-03-27,1,rosewood,69.51
2025-03-27,2,mahogany,
2025-03-27,2,rosewood,70.5
2025-03-27,222,maple,7.95
2025-03-27,3,mahogany,13.09
2025-03-27,3,rosewood,70.57
2025-03-27,333,maple,5.91
2025-03-28,1,maple,5.2
2025-03-28,2,mahogany,
2025-03-28,2,rosewood,85.24
2025-03-28,3,mahogany,13.75
2025-03-28,1,mahogany,9.15
2025-03-28,1,rosewood,65.33
2025-03-28,2,maple,7.51
2025-03-28,3,maple,6.68
2025-03-28,3,rosewood,67.09
2025-03-29,1,maple,5.38
2025-03-29,2,mahogany,13.7
2025-03-29,111,rosewood,68.75
2025-03-29,111 ,mahogany,10.64
2025-03-29,222,maple,7.8
2025-03-29,222 ,rosewood,78.43
2025-03-29,3,mahogany,11.78
2025-03-29,333,rosewood,64.71
2025-03-29,333 ,maple,6.17
2025-03-30,1,mahogany,10.41
2025-03-30,2,rosewood,71.89
2025-03-30,3,maple,6.39
2025-03-30,333,mahogany,11.69
2025-03-30,1 ,maple,5.35
2025-03-30,111,rosewood,82.2
2025-03-30,2,maple,6.53
2025-03-30,222 ,mahogany,
2025-03-30,3,rosewood,57.56
2025-03-31,2,maple,6.44
2025-03-31,3,mahogany,12.01
2025-03-31,3,rosewood,57.78
2025-03-31,1,mahogany,11.23
2025-03-31,1,maple,5.25
2025-03-31,1,rosewood,72.36
2025-03-31,2,mahogany,
2025-03-31,2,rosewood,85.19
2025-03-31,3 ,maple,6.45
2025-04-01,2,maple,6.43
2025-04-01,3,mahogany,13.96
2025-04-01,111,mahogany,10.53
2025-04-01,222,rosewood,90.9
2025-04-01,1,maple,6.12
2025-04-01,111,rosewood,65.12
2025-04-01,2,mahogany,11.26
2025-04-01,3 ,rosewood,67.73
2025-04-01,333,maple,6.02
2025-04-02,1,rosewood,62.46
2025-04-02,2,maple,6.17
2025-04-02,3,maple,6.65
2025-04-02,1,maple,5.6
2025-04-02,1 ,mahogany,11.76
2025-04-02,2,mahogany,13.31
2025-04-02,222,rosewood,69.98
2025-04-02,3,mahogany,15.03
2025-04-02,3 ,rosewood,65.08
2025-04-03,1,mahogany,11.27
2025-04-03,2,mahogany,13.73
2025-04-03,333,maple,6.71
2025-04-03,1 ,maple,5.15
2025-04-03,111,rosewood,60.44
2025-04-03,2,rosewood,103.17
2025-04-03,2 ,maple,6.17
2025-04-03,3,mahogany,
2025-04-03,3,rosewood,69.31
2025-04-04,1,mahogany,11.97
2025-04-04,2,rosewood,81.85
2025-04-04,3,rosewood,55.6
2025-04-04,1,rosewood,74.09
2025-04-04,1 ,maple,5.59
2025-04-04,2,maple,6.81
2025-04-04,222,mahogany,
2025-04-04,3,mahogany,11.16
2025-04-04,3,maple,6.36
2025-04-05,1,mahogany,11.4
2025-04-05,1,rosewood,57.92
2025-04-05,2,mahogany,13.98
2025-04-05,3,mahogany,12.28
2025-04-05,3,maple,5.66
2025-04-05,3,rosewood,68.96
2025-04-05,1,maple,4.94
2025-04-05,2,maple,5.16
2025-04-05,2,rosewood,
2025-04-06,1,mahogany,11.85
2025-04-06,3,maple,6.93
2025-04-06,1,maple,5.3
2025-04-06,1,rosewood,67.51
2025-04-06,2,mahogany,
2025-04-06,2,rosewood,81.87
2025-04-06,2 ,maple,8.02
2025-04-06,3,rosewood,69.87
2025-04-06,333,mahogany,12.81
2025-04-07,1,mahogany,10.51
2025-04-07,2,maple,
2025-04-07,2,rosewood,76.39
2025-04-07,3,maple,
2025-04-07,1,maple,4.7
2025-04-07,111,rosewood,61.81
2025-04-07,2 ,mahogany,
2025-04-07,333,mahogany,12.59
2025-04-07,333,rosewood,62.46
2025-04-08,1,mahogany,11.62
2025-04-08,1,rosewood,69.34
2025-04-08,2,mahogany,13.37
2025-04-08,3,mahogany,12.17
2025-04-08,1,maple,3.99
2025-04-08,2,maple,6.47
2025-04-08,2,rosewood,56.44
2025-04-08,3,maple,6.41
2025-04-08,3,rosewood,50.04
2025-04-09,1,maple,5.94
2025-04-09,1,rosewood,63.03
2025-04-09,2,rosewood,72.0
2025-04-09,3,maple,6.64
2025-04-09,222,mahogany,12.34
2025-04-09,1 ,mahogany,11.44
2025-04-09,2 ,maple,7.56
2025-04-09,3,rosewood,71.53
2025-04-09,333 ,mahogany,14.28
2025-04-10,1,maple,4.95
2025-04-10,333,mahogany,12.11
2025-04-10,111,mahogany,9.49
2025-04-10,111,rosewood,67.37
2025-04-10,2,mahogany,10.68
2025-04-10,2,rosewood,84.75
2025-04-10,2 ,maple,7.39
2025-04-10,3,rosewood,76.05
2025-04-10,3 ,maple,5.94
2025-04-11,1,mahogany,10.74
2025-04-11,1,rosewood,64.85
2025-04-11,2,mahogany,13.29
2025-04-11,3,maple,6.6
2025-04-11,333,mahogany,13.18
2025-04-11,111,maple,5.68
2025-04-11,2,maple,7.13
2025-04-11,2,rosewood,92.83
2025-04-11,3 ,rosewood,60.7
2025-04-12,2,mahogany,9.3
2025-04-12,2,maple,6.04
2025-04-12,2,rosewood,84.17
2025-04-12,1,mahogany,11.78
2025-04-12,1,rosewood,81.93
2025-04-12,111,maple,5.92
2025-04-12,3,mahogany,13.15
2025-04-12,3 ,maple,6.7
2025-04-12,333,rosewood,56.53
2025-04-13,1,mahogany,9.85
2025-04-13,2,mahogany,
2025-04-13,2,maple,7.74
2025-04-13,2,rosewood,91.59
2025-04-13,1,maple,5.33
2025-04-13,1,rosewood,67.63
2025-04-13,3,mahogany,11.12
2025-04-13,3,maple,6.46
2025-04-13,3,rosewood,61.26
2025-04-14,1,maple,6.14
2025-04-14,2,maple,8.59
2025-04-14,111,mahogany,10.69
2025-04-14,333,mahogany,12.18
2025-04-14,1,rosewood,70.38
2025-04-14,2 ,mahogany,13.69
2025-04-14,2 ,rosewood,75.89
2025-04-14,3,rosewood,64.49
2025-04-14,333,maple,5.39
2025-04-15,1,mahogany,11.87
2025-04-15,2,mahogany,
2025-04-15,3,maple,6.64
2025-04-15,1,maple,6.35
2025-04-15,1,rosewood,72.43
2025-04-15,2,rosewood,69.16
2025-04-15,222,maple,7.5
2025-04-15,3,mahogany,11.8
2025-04-15,3,rosewood,67.22
2025-04-16,1,mahogany,11.53
2025-04-16,2,mahogany,
2025-04-16,2,rosewood,69.4
2025-04-16,3,rosewood,68.93
2025-04-16,222,maple,6.61
2025-04-16,1,rosewood,69.82
2025-04-16,1 ,maple,6.28
2025-04-16,3,mahogany,11.24
2025-04-16,3 ,maple,5.75
2025-04-17,2,mahogany,12.39
2025-04-17,2,maple,7.34
2025-04-17,3,mahogany,11.52
2025-04-17,3,rosewood,61.21
2025-04-17,1,rosewood,70.97
2025-04-17,111,mahogany,10.7
2025-04-17,111,maple,5.58
2025-04-17,2,rosewood,85.7
2025-04-17,3,maple,5.7
2025-04-18,1,maple,4.95
2025-04-18,1,rosewood,71.19
2025-04-18,1,rosewood,71.19
2025-04-18,333,mahogany,12.75
2025-04-18,1,mahogany,11.21
2025-04-18,1,mahogany,11.21
2025-04-18,2,mahogany,
2025-04-18,2 ,rosewood,73.97
2025-04-18,222,maple,6.83
2025-04-18,3,maple,6.07
2025-04-18,3,rosewood,58.13
2025-04-19,1,maple,5.32
2025-04-19,2,mahogany,13.78
2025-04-19,111,rosewood,65.74
2025-04-19,333,maple,6.39
2025-04-19,111,mahogany,10.86
2025-04-19,2,maple,6.46
2025-04-19,222,rosewood,83.79
2025-04-19,3,mahogany,13.5
2025-04-19,3,rosewood,56.69
2025-04-20,1,mahogany,10.42
2025-04-20,1,maple,5.13
2025-04-20,1,rosewood,68.8
2025-04-20,2,mahogany,13.33
2025-04-20,2,maple,7.58
2025-04-20,2,rosewood,83.35
2025-04-20,3,maple,6.6
2025-04-20,333,mahogany,14.43
2025-04-20,333,rosewood,58.37
2025-04-21,3,maple,6.27
2025-04-21,333,rosewood,64.35
2025-04-21,1,maple,4.94
2025-04-21,1 ,mahogany,11.8
2025-04-21,1 ,rosewood,69.41
2025-04-21,2,mahogany,11.08
2025-04-21,2,maple,7.49
2025-04-21,2,rosewood,94.05
2025-04-21,3,mahogany,12.99
2025-04-22,1,mahogany,12.55
2025-04-22,1,rosewood,72.04
2025-04-22,2,rosewood,73.88
2025-04-22,111,maple,5.53
2025-04-22,333,mahogany,12.36
2025-04-22,2,maple,6.98
2025-04-22,222,mahogany,12.06
2025-04-22,3,maple,6.55
2025-04-22,3,rosewood,62.53
2025-04-23,2,maple,7.47
2025-04-23,2,rosewood,71.09
2025-04-23,3,maple,6.63
2025-04-23,1,mahogany,12.18
2025-04-23,1,maple,4.87
2025-04-23,1,rosewood,75.19
2025-04-23,2,mahogany,12.76
2025-04-23,3,mahogany,11.83
2025-04-23,3 ,rosewood,69.95
2025-04-24,1,maple,6.43
2025-04-24,2,mahogany,11.4
2025-04-24,333,maple,6.34
2025-04-24,1,mahogany,9.48
2025-04-24,111,rosewood,66.95
2025-04-24,2,maple,6.06
2025-04-24,2,rosewood,103.1
2025-04-24,3,mahogany,12.26
2025-04-24,3,rosewood,64.06
2025-04-25,1,mahogany,12.23
2025-04-25,1,rosewood,60.41
2025-04-25,2,rosewood,95.52
2025-04-25,3,maple,6.45
2025-04-25,1,maple,5.64
2025-04-25,2,mahogany,10.92
2025-04-25,2,maple,7.53
2025-04-25,3,mahogany,11.86
2025-04-25,333 ,rosewood,66.44
2025-04-26,2,mahogany,13.87
2025-04-26,111,rosewood,66.21
2025-04-26,222,rosewood,98.78
2025-04-26,333,rosewood,58.96
2025-04-26,333,rosewood,58.96
2025-04-26,1,mahogany,11.58
2025-04-26,1,maple,5.09
2025-04-26,2,maple,7.75
2025-04-26,2,maple,7.75
2025-04-26,3,mahogany,12.54
2025-04-26,3,maple,6.17
2025-04-27,2,maple,8.5
2025-04-27,2,rosewood,82.08
2025-04-27,3,maple,6.75
2025-04-27,3,rosewood,62.81
2025-04-27,111,mahogany,9.93
2025-04-27,111,rosewood,68.28
2025-04-27,1 ,maple,5.51
2025-04-27,222,mahogany,16.41
2025-04-27,3,mahogany,13.41
2025-04-28,1,mahogany,10.3
2025-04-28,1,rosewood,66.79
2025-04-28,222,maple,6.14
2025-04-28,1,maple,4.93
2025-04-28,2,mahogany,14.67
2025-04-28,2,rosewood,69.67
2025-04-28,3,mahogany,13.71
2025-04-28,3 ,maple,6.1
2025-04-28,333,rosewood,54.66
2025-04-29,3,mahogany,13.74
2025-04-29,3,maple,6.67
2025-04-29,222,rosewood,93.72
2025-04-29,1,mahogany,11.89
2025-04-29,1,maple,5.63
2025-04-29,1,rosewood,70.06
2025-04-29,2,mahogany,
2025-04-29,2 ,maple,9.58
2025-04-29,3,rosewood,55.09
2025-04-30,1,mahogany,11.24
2025-04-30,1,maple,5.69
2025-04-30,1,rosewood,77.46
2025-04-30,3,mahogany,12.36
2025-04-30,2,maple,7.4
2025-04-30,2 ,mahogany,13.06
2025-04-30,222,rosewood,62.24
2025-04-30,3,maple,6.36
2025-04-30,3 ,rosewood,61.28
2025-05-01,1,maple,6.06
2025-05-01,2,rosewood,89.9
2025-05-01,3,maple,7.11
2025-05-01,222,mahogany,
2025-05-01,1,rosewood,76.5
2025-05-01,111,mahogany,12.52
2025-05-01,222,maple,8.25
2025-05-01,3,rosewood,71.57
2025-05-01,3 ,mahogany,12.8
2025-05-02,3,rosewood,68.04
2025-05-02,333,mahogany,14.05
2025-05-02,333,maple,7.1
2025-05-02,1,mahogany,9.68
2025-05-02,111,maple,4.6
2025-05-02,111,rosewood,
2025-05-02,222,maple,7.54
2025-05-02,222 ,mahogany,15.06
2025-05-02,222 ,rosewood,75.89
2025-05-03,1,maple,6.18
2025-05-03,1,mahogany,11.81
2025-05-03,111,rosewood,66.54
2025-05-03,2,mahogany,13.81
2025-05-03,2,maple,7.92
2025-05-03,2,rosewood,70.21
2025-05-03,3,mahogany,12.12
2025-05-03,3,maple,6.65
2025-05-03,333,rosewood,66.89
2025-05-04,1,rosewood,77.96
2025-05-04,1,mahogany,9.63
2025-05-04,1 ,maple,6.35
2025-05-04,2,maple,7.1
2025-05-04,2 ,mahogany,11.39
2025-05-04,222,rosewood,82.75
2025-05-04,3,mahogany,12.45
2025-05-04,3,maple,4.99
2025-05-04,3,rosewood,63.3
2025-05-05,1,mahogany,11.0
2025-05-05,2,rosewood,113.85
2025-05-05,3,mahogany,10.93
2025-05-05,3,mahogany,10.93
2025-05-05,111,rosewood,68.63
2025-05-05,111,maple,5.91
2025-05-05,2,mahogany,
2025-05-05,2,maple,8.68
2025-05-05,3,maple,6.31
2025-05-05,3,rosewood,56.46
2025-05-06,1,mahogany,11.52
2025-05-06,1,maple,5.63
2025-05-06,1,rosewood,62.88
2025-05-06,2,mahogany,12.02
2025-05-06,2,rosewood,63.44
2025-05-06,222 ,maple,5.83
2025-05-06,3,mahogany,12.47
2025-05-06,3,maple,6.56
2025-05-06,3,rosewood,66.69
2025-05-07,1,rosewood,61.2
2025-05-07,2,mahogany,
2025-05-07,3,maple,5.31
2025-05-07,1,mahogany,10.05
2025-05-07,1,maple,5.51
2025-05-07,2,rosewood,74.47
2025-05-07,222,maple,8.07
2025-05-07,333,rosewood,71.77
2025-05-07,333 ,mahogany,11.49
2025-05-08,111,rosewood,73.49
2025-05-08,111,mahogany,8.55
2025-05-08,111,maple,5.66
2025-05-08,2,mahogany,12.9
2025-05-08,2,maple,8.31
2025-05-08,222 ,rosewood,93.09
2025-05-08,3,mahogany,13.38
2025-05-08,3,maple,5.58
2025-05-08,3,rosewood,66.72
2025-05-09,1,maple,5.22
2025-05-09,1,mahogany,
2025-05-09,1 ,rosewood,68.84
2025-05-09,2,mahogany,10.99
2025-05-09,2,rosewood,67.43
2025-05-09,2 ,maple,5.57
2025-05-09,3,maple,6.12
2025-05-09,3,rosewood,65.69
2025-05-09,3 ,mahogany,13.4
2025-05-10,1,mahogany,11.46
2025-05-10,1,rosewood,64.55
2025-05-10,3,mahogany,12.47
2025-05-10,1,maple,5.09
2025-05-10,222,maple,6.11
2025-05-10,222,rosewood,76.61
2025-05-10,222 ,mahogany,11.05
2025-05-10,3,rosewood,68.01
2025-05-10,333 ,maple,6.24
2025-05-11,3,mahogany,10.62
2025-05-11,3,maple,6.62
2025-05-11,3,rosewood,54.92
2025-05-11,1,mahogany,12.12
2025-05-11,1,maple,5.19
2025-05-11,1,rosewood,68.21
2025-05-11,2,mahogany,11.91
2025-05-11,2,maple,9.25
2025-05-11,2,rosewood,99.57
2025-05-12,2,rosewood,80.99
2025-05-12,1,maple,4.7
2025-05-12,1,rosewood,71.15
2025-05-12,1 ,mahogany,9.66
2025-05-12,2,mahogany,
2025-05-12,2,maple,7.78
2025-05-12,3,maple,6.56
2025-05-12,3,rosewood,61.75
2025-05-12,333,mahogany,11.78
2025-05-13,1,mahogany,10.32
2025-05-13,2,rosewood,96.69
2025-05-13,333,rosewood,73.65
2025-05-13,1,maple,5.73
2025-05-13,1,rosewood,64.5
2025-05-13,2,mahogany,11.96
2025-05-13,2,maple,8.07
2025-05-13,3,mahogany,14.54
2025-05-13,3,maple,6.93
2025-05-14,2,mahogany,16.98
2025-05-14,2,rosewood,83.53
2025-05-14,3,maple,5.89
2025-05-14,111,maple,6.13
2025-05-14,1,mahogany,9.89
2025-05-14,1,rosewood,56.99
2025-05-14,2,maple,7.02
2025-05-14,3,mahogany,13.0
2025-05-14,3 ,rosewood,64.91
2025-05-15,1,rosewood,67.96
2025-05-15,2,maple,7.17
2025-05-15,3,mahogany,11.26
2025-05-15,3,maple,6.43
2025-05-15,1,mahogany,10.26
2025-05-15,111,maple,5.64
2025-05-15,2,mahogany,12.49
2025-05-15,2 ,rosewood,92.88
2025-05-15,3,rosewood,62.95
2025-05-16,2,maple,6.18
2025-05-16,111,rosewood,71.18
2025-05-16,1,mahogany,
2025-05-16,1,maple,6.57
2025-05-16,2,mahogany,17.24
2025-05-16,2,rosewood,76.09
2025-05-16,3,maple,6.47
2025-05-16,3,rosewood,68.01
2025-05-16,333,mahogany,11.93
2025-05-17,2,rosewood,96.42
2025-05-17,3,maple,6.96
2025-05-17,3,rosewood,63.4
2025-05-17,111,maple,5.76
2025-05-17,1,mahogany,9.73
2025-05-17,1,rosewood,75.49
2025-05-17,2,maple,6.23
2025-05-17,2 ,mahogany,
2025-05-17,3 ,mahogany,12.51
2025-05-18,1,mahogany,9.44
2025-05-18,1,maple,5.87
2025-05-18,2,maple,5.61
2025-05-18,2,rosewood,72.15
2025-05-18,3,rosewood,63.47
2025-05-18,111,rosewood,60.52
2025-05-18,2,mahogany,
2025-05-18,3,maple,6.31
2025-05-18,333,mahogany,14.73
2025-05-19,2,rosewood,71.96
2025-05-19,3,maple,6.56
2025-05-19,3,rosewood,63.96
2025-05-19,1,rosewood,75.93
2025-05-19,1 ,mahogany,12.98
2025-05-19,111,maple,5.11
2025-05-19,2,mahogany,9.03
2025-05-19,2 ,maple,6.64
2025-05-19,3,mahogany,14.62
2025-05-20,2,maple,5.99
2025-05-20,3,maple,6.32
2025-05-20,3,rosewood,69.13
2025-05-20,1,maple,5.59
2025-05-20,1,rosewood,79.81
2025-05-20,1 ,mahogany,11.81
2025-05-20,2 ,mahogany,8.12
2025-05-20,2 ,rosewood,80.1
2025-05-20,3,mahogany,11.29
2025-05-21,1,maple,5.18
2025-05-21,2,maple,8.28
2025-05-21,3,rosewood,67.46
2025-05-21,1,mahogany,10.38
2025-05-21,1,rosewood,64.56
2025-05-21,2,mahogany,13.19
2025-05-21,2 ,rosewood,108.03
2025-05-21,3,maple,5.75
2025-05-21,3 ,mahogany,12.15
2025-05-22,1,mahogany,9.68
2025-05-22,1,rosewood,67.58
2025-05-22,2,maple,7.55
2025-05-22,2,rosewood,70.98
2025-05-22,3,mahogany,13.48
2025-05-22,3,maple,7.78
2025-05-22,1,maple,5.59
2025-05-22,2,mahogany,13.98
2025-05-22,3,rosewood,69.0
2025-05-23,1,mahogany,11.09
2025-05-23,2,rosewood,89.7
2025-05-23,3,mahogany,11.93
2025-05-23,3,maple,6.41
2025-05-23,1,maple,5.84
2025-05-23,1 ,rosewood,67.97
2025-05-23,2 ,mahogany,12.03
2025-05-23,2 ,maple,7.67
2025-05-23,3,rosewood,62.0
2025-05-24,1,maple,5.36
2025-05-24,1,rosewood,73.66
2025-05-24,2,rosewood,85.32
2025-05-24,3,rosewood,
2025-05-24,111,mahogany,9.86
2025-05-24,2,maple,7.75
2025-05-24,222,mahogany,
2025-05-24,3,mahogany,13.3
2025-05-24,3,maple,6.45
2025-05-25,1,mahogany,11.01
2025-05-25,2,maple,6.72
2025-05-25,3,mahogany,13.77
2025-05-25,222,rosewood,79.88
2025-05-25,333,maple,6.23
2025-05-25,111,maple,5.08
2025-05-25,111,rosewood,63.33
2025-05-25,2,mahogany,14.65
2025-05-25,3,rosewood,56.62
2025-05-26,1,mahogany,11.99
2025-05-26,1,maple,5.51
2025-05-26,1,rosewood,64.96
2025-05-26,2,rosewood,90.78
2025-05-26,3,maple,5.88
2025-05-26,222,mahogany,11.83
2025-05-26,2,maple,
2025-05-26,3,mahogany,11.1
2025-05-26,3 ,rosewood,58.05
2025-05-27,1,mahogany,9.31
2025-05-27,1,maple,5.58
2025-05-27,2,maple,7.92
2025-05-27,2,rosewood,99.64
2025-05-27,3,mahogany,12.4
2025-05-27,111 ,rosewood,
2025-05-27,2,mahogany,10.54
2025-05-27,333,maple,6.32
2025-05-27,333,rosewood,60.58
2025-05-28,1,maple,5.04
2025-05-28,1,mahogany,11.24
2025-05-28,1,rosewood,75.82
2025-05-28,2,mahogany,
2025-05-28,2,maple,6.71
2025-05-28,2 ,rosewood,69.98
2025-05-28,3,mahogany,12.58
2025-05-28,333,maple,6.55
2025-05-28,333,rosewood,64.14
2025-05-29,1,mahogany,8.8
2025-05-29,1,rosewood,58.24
2025-05-29,2,maple,7.69
2025-05-29,2,rosewood,95.11
2025-05-29,3,maple,6.04
2025-05-29,3,rosewood,61.16
2025-05-29,1,maple,5.28
2025-05-29,2 ,mahogany,
2025-05-29,3,mahogany,12.8
2025-05-30,1,mahogany,11.18
2025-05-30,1,rosewood,78.19
2025-05-30,1 ,maple,4.8
2025-05-30,2,mahogany,13.51
2025-05-30,2,maple,6.97
2025-05-30,2 ,rosewood,77.18
2025-05-30,3,mahogany,11.39
2025-05-30,3,rosewood,61.52
2025-05-30,333,maple,6.23
2025-05-31,1,rosewood,63.02
2025-05-31,2,maple,7.74
2025-05-31,3,maple,6.42
2025-05-31,3,maple,6.42
2025-05-31,3,rosewood,72.15
2025-05-31,222,rosewood,79.62
2025-05-31,1,mahogany,11.28
2025-05-31,1,maple,5.57
2025-05-31,2,mahogany,15.95
2025-05-31,3,mahogany,13.92
2025-06-01,2,rosewood,63.54
2025-06-01,3,mahogany,12.79
2025-06-01,3,maple,
2025-06-01,3,rosewood,70.24
2025-06-01,1,mahogany,11.39
2025-06-01,1 ,rosewood,76.9
2025-06-01,111,maple,5.21
2025-06-01,2,maple,8.03
2025-06-01,222,mahogany,11.87
2025-06-02,1,maple,5.69
2025-06-02,2,mahogany,12.67
2025-06-02,1,mahogany,10.11
2025-06-02,111 ,rosewood,74.51
2025-06-02,2,rosewood,72.15
2025-06-02,222,maple,8.17
2025-06-02,3,mahogany,13.82
2025-06-02,3 ,maple,6.32
2025-06-02,333,rosewood,72.43
2025-06-03,1,maple,5.47
2025-06-03,3,mahogany,12.04
2025-06-03,3,maple,6.48
2025-06-03,111,mahogany,11.53
2025-06-03,222,maple,7.5
2025-06-03,1,rosewood,66.35
2025-06-03,2,rosewood,76.36
2025-06-03,2 ,mahogany,
2025-06-03,333,rosewood,57.77
2025-06-04,1,mahogany,12.08
2025-06-04,3,rosewood,70.3
2025-06-04,222,rosewood,95.87
2025-06-04,333,maple,6.2
2025-06-04,1,maple,5.06
2025-06-04,1,rosewood,78.1
2025-06-04,2,mahogany,12.3
2025-06-04,2,maple,6.57
2025-06-04,333,mahogany,11.7
2025-06-05,1,maple,6.35
2025-06-05,1,rosewood,84.77
2025-06-05,2,rosewood,72.43
2025-06-05,3,mahogany,12.66
2025-06-05,3,maple,6.2
2025-06-05,222,mahogany,12.98
2025-06-05,333,rosewood,64.9
2025-06-05,1,mahogany,11.46
2025-06-05,2,maple,7.28
2025-06-06,1,maple,4.9
2025-06-06,3,maple,7.27
2025-06-06,222,rosewood,85.71
2025-06-06,1,rosewood,67.7
2025-06-06,111,mahogany,11.7
2025-06-06,2,mahogany,11.88
2025-06-06,2,maple,8.31
2025-06-06,3,mahogany,12.55
2025-06-06,333,rosewood,56.75
2025-06-07,2,mahogany,12.49
2025-06-07,2,rosewood,60.04
2025-06-07,3,maple,6.77
2025-06-07,222,maple,5.36
2025-06-07,1,maple,5.07
2025-06-07,1 ,mahogany,10.89
2025-06-07,111 ,rosewood,73.52
2025-06-07,3,mahogany,13.67
2025-06-07,333,rosewood,66.24
2025-06-08,1,maple,6.02
2025-06-08,1,rosewood,74.23
2025-06-08,3,rosewood,68.76
2025-06-08,1,mahogany,10.94
2025-06-08,2,rosewood,82.96
2025-06-08,2 ,maple,6.31
2025-06-08,222,mahogany,16.85
2025-06-08,3,mahogany,
2025-06-08,3,maple,6.41
2025-06-09,1,maple,5.42
2025-06-09,3,maple,5.71
2025-06-09,1,mahogany,10.81
2025-06-09,1,rosewood,66.39
2025-06-09,2,maple,7.29
2025-06-09,2,rosewood,83.84
2025-06-09,222,mahogany,15.38
2025-06-09,3,mahogany,12.48
2025-06-09,3,rosewood,65.46
2025-06-10,1,rosewood,70.2
2025-06-10,2,mahogany,14.99
2025-06-10,2,rosewood,89.56
2025-06-10,111,maple,5.33
2025-06-10,1,mahogany,11.76
2025-06-10,2,maple,7.47
2025-06-10,3,mahogany,12.31
2025-06-10,3,maple,6.21
2025-06-10,3 ,rosewood,60.91
2025-06-11,2,mahogany,12.72
2025-06-11,3,maple,6.03
2025-06-11,1,mahogany,11.88
2025-06-11,1,maple,5.14
2025-06-11,1,rosewood,58.48
2025-06-11,2,rosewood,97.95
2025-06-11,222,maple,6.2
2025-06-11,3,mahogany,12.19
2025-06-11,3,rosewood,58.07
2025-06-12,2,mahogany,13.91
2025-06-12,3,rosewood,67.46
2025-06-12,1,maple,4.92
2025-06-12,1 ,rosewood,76.48
2025-06-12,111,mahogany,9.57
2025-06-12,2,maple,8.38
2025-06-12,222,rosewood,70.26
2025-06-12,3,maple,6.46
2025-06-12,3 ,mahogany,12.95
2025-06-13,1,mahogany,12.19
2025-06-13,3,maple,6.17
2025-06-13,111,maple,5.31
2025-06-13,1,rosewood,67.7
2025-06-13,2,mahogany,15.26
2025-06-13,2,rosewood,94.43
2025-06-13,2 ,maple,8.74
2025-06-13,3,mahogany,12.04
2025-06-13,3,rosewood,60.45
2025-06-14,1,mahogany,10.52
2025-06-14,2,mahogany,
2025-06-14,2,maple,7.12
2025-06-14,1,maple,5.03
2025-06-14,1,rosewood,75.0
2025-06-14,2,rosewood,81.9
2025-06-14,3,maple,6.41
2025-06-14,3,rosewood,71.4
2025-06-14,333 ,mahogany,12.42
2025-06-15,1,mahogany,9.65
2025-06-15,1,maple,5.64
2025-06-15,1,rosewood,63.97
2025-06-15,2,mahogany,13.74
2025-06-15,2,maple,8.54
2025-06-15,2,rosewood,73.73
2025-06-15,3,mahogany,11.21
2025-06-15,3,maple,6.06
2025-06-15,333,rosewood,58.83
2025-06-16,1,mahogany,10.8
2025-06-16,1,maple,5.91
2025-06-16,2,maple,8.23
2025-06-16,2,rosewood,79.74
2025-06-16,3,mahogany,11.4
2025-06-16,1 ,rosewood,71.18
2025-06-16,2,mahogany,13.06
2025-06-16,3,maple,6.55
2025-06-16,3 ,rosewood,62.51
2025-06-17,2,rosewood,75.22
2025-06-17,1,rosewood,70.23
2025-06-17,1 ,mahogany,10.11
2025-06-17,1 ,maple,5.17
2025-06-17,2,mahogany,
2025-06-17,222,maple,7.28
2025-06-17,3,mahogany,12.71
2025-06-17,3 ,maple,6.2
2025-06-17,333,rosewood,60.2
2025-06-18,1,maple,5.81
2025-06-18,1,rosewood,74.24
2025-06-18,111,mahogany,11.59
2025-06-18,2,maple,7.93
2025-06-18,2,rosewood,83.21
2025-06-18,222,mahogany,13.64
2025-06-18,3,mahogany,12.53
2025-06-18,3,maple,6.06
2025-06-18,3,rosewood,70.41
2025-06-19,1,mahogany,11.31
2025-06-19,1,maple,4.68
2025-06-19,222,maple,6.55
2025-06-19,333,mahogany,13.1
2025-06-19,1,rosewood,72.76
2025-06-19,2,mahogany,
2025-06-19,2,rosewood,83.33
2025-06-19,3,maple,6.34
2025-06-19,3,rosewood,63.12
2025-06-20,1,mahogany,10.61
2025-06-20,1,rosewood,65.7
2025-06-20,1,rosewood,65.7
2025-06-20,2,mahogany,16.92
2025-06-20,2,maple,6.81
2025-06-20,3,rosewood,60.19
2025-06-20,1,maple,6.36
2025-06-20,2,rosewood,93.39
2025-06-20,3,mahogany,12.65
2025-06-20,3,maple,6.64
2025-06-21,1,mahogany,10.08
2025-06-21,1,maple,5.97
2025-06-21,111,rosewood,78.92
2025-06-21,2,mahogany,12.82
2025-06-21,2,maple,5.59
2025-06-21,2 ,rosewood,89.8
2025-06-21,3,mahogany,12.41
2025-06-21,3,maple,6.27
2025-06-21,3,rosewood,63.32
2025-06-22,2,mahogany,9.72
2025-06-22,3,mahogany,11.98
2025-06-22,3,maple,5.14
2025-06-22,333,rosewood,70.81
2025-06-22,1,mahogany,10.12
2025-06-22,1,maple,5.61
2025-06-22,1,rosewood,63.9
2025-06-22,2,maple,7.51
2025-06-22,2,rosewood,64.17
2025-06-23,1,mahogany,10.05
2025-06-23,2,maple,6.93
2025-06-23,3,maple,6.61
2025-06-23,1,maple,4.87
2025-06-23,111,rosewood,81.53
2025-06-23,2,rosewood,86.73
2025-06-23,222,mahogany,10.9
2025-06-23,3,mahogany,12.98
2025-06-23,3 ,rosewood,62.87
2025-06-24,222,rosewood,80.44
2025-06-24,1,mahogany,10.45
2025-06-24,1,maple,
2025-06-24,1,rosewood,79.1
2025-06-24,222,maple,6.3
2025-06-24,222 ,mahogany,12.87
2025-06-24,3,mahogany,11.0
2025-06-24,3,maple,5.98
2025-06-24,3 ,rosewood,67.33
2025-06-25,1,mahogany,11.52
2025-06-25,2,mahogany,
2025-06-25,2,rosewood,79.37
2025-06-25,1,rosewood,68.97
2025-06-25,1 ,maple,4.81
2025-06-25,2 ,maple,7.12
2025-06-25,3,maple,6.04
2025-06-25,3,rosewood,54.27
2025-06-25,3 ,mahogany,11.46
2025-06-26,2,mahogany,
2025-06-26,2,maple,7.8
2025-06-26,3,mahogany,13.07
2025-06-26,1,mahogany,12.02
2025-06-26,1,maple,5.25
2025-06-26,1,rosewood,71.94
2025-06-26,2 ,rosewood,78.8
2025-06-26,3,maple,5.91
2025-06-26,3 ,rosewood,67.25
2025-06-27,1,maple,5.37
2025-06-27,2,mahogany,12.76
2025-06-27,2,maple,7.69
2025-06-27,3,maple,6.81
2025-06-27,3,rosewood,59.78
2025-06-27,111,rosewood,61.0
2025-06-27,1,mahogany,11.21
2025-06-27,2 ,rosewood,94.68
2025-06-27,3 ,mahogany,12.38
2025-06-28,1,mahogany,11.32
2025-06-28,1,rosewood,71.08
2025-06-28,3,maple,5.21
2025-06-28,1,maple,
2025-06-28,2,maple,8.42
2025-06-28,2 ,rosewood,71.46
2025-06-28,222,mahogany,
2025-06-28,3,rosewood,61.61
2025-06-28,333,mahogany,11.3
2025-06-29,1,rosewood,73.18
2025-06-29,3,maple,6.24
2025-06-29,3,rosewood,58.55
2025-06-29,1,maple,5.11
2025-06-29,111,mahogany,10.2
2025-06-29,2,mahogany,14.47
2025-06-29,2 ,rosewood,97.93
2025-06-29,222,maple,7.42
2025-06-29,3,mahogany,13.83
2025-06-30,2,mahogany,
2025-06-30,2,maple,8.48
2025-06-30,1 ,mahogany,10.02
2025-06-30,111,rosewood,60.35
2025-06-30,111 ,maple,5.29
2025-06-30,2 ,rosewood,69.36
2025-06-30,3,maple,6.25
2025-06-30,3,rosewood,46.37
2025-06-30,333,mahogany,12.75
2025-07-01,1,maple,5.32
2025-07-01,2,maple,5.6
2025-07-01,2,rosewood,94.26
2025-07-01,3,rosewood,59.35
2025-07-01,111,rosewood,67.28
2025-07-01,333,mahogany,13.03
2025-07-01,111,mahogany,12.78
2025-07-01,2 ,mahogany,
2025-07-01,3,maple,7.05
2025-07-02,1,maple,5.38
2025-07-02,1,rosewood,73.83
2025-07-02,111 ,mahogany,10.63
2025-07-02,2,mahogany,12.22
2025-07-02,2,maple,6.37
2025-07-02,2,rosewood,82.66
2025-07-02,3 ,mahogany,12.86
2025-07-02,3 ,rosewood,65.5
2025-07-02,333,maple,5.99
2025-07-03,1,mahogany,9.99
2025-07-03,3,mahogany,10.84
2025-07-03,333,maple,7.17
2025-07-03,1 ,rosewood,60.97
2025-07-03,111,maple,5.08
2025-07-03,2,mahogany,12.62
2025-07-03,2,maple,7.25
2025-07-03,222 ,rosewood,78.17
2025-07-03,3,rosewood,60.91
2025-07-04,1,maple,5.68
2025-07-04,2,rosewood,94.62
2025-07-04,3,rosewood,67.61
2025-07-04,3,rosewood,67.61
2025-07-04,1,mahogany,12.08
2025-07-04,111,rosewood,62.29
2025-07-04,2,mahogany,9.59
2025-07-04,2,maple,6.19
2025-07-04,2,maple,6.19
2025-07-04,3,mahogany,12.84
2025-07-04,333,maple,6.48
2025-07-05,1,maple,5.32
2025-07-05,2,mahogany,
2025-07-05,2,maple,6.31
2025-07-05,111,mahogany,10.41
2025-07-05,111,rosewood,67.51
2025-07-05,2 ,rosewood,90.1
2025-07-05,3,mahogany,12.11
2025-07-05,3,rosewood,54.39
2025-07-05,3 ,maple,6.5
2025-07-06,1,mahogany,
2025-07-06,1,rosewood,75.06
2025-07-06,2,maple,8.76
2025-07-06,3,mahogany,12.12
2025-07-06,3,maple,6.26
2025-07-06,1,maple,5.68
2025-07-06,2,rosewood,73.15
2025-07-06,2 ,mahogany,11.93
2025-07-06,333,rosewood,61.73
2025-07-07,2,rosewood,81.54
2025-07-07,111,maple,5.13
2025-07-07,222,mahogany,11.96
2025-07-07,1,rosewood,63.08
2025-07-07,111 ,mahogany,12.0
2025-07-07,2 ,maple,8.7
2025-07-07,3,mahogany,12.36
2025-07-07,3,rosewood,60.43
2025-07-07,333,maple,6.16
2025-07-08,1,rosewood,62.91
2025-07-08,2,rosewood,81.0
2025-07-08,3,rosewood,68.52
2025-07-08,1,mahogany,10.83
2025-07-08,1 ,maple,4.31
2025-07-08,2,maple,7.11
2025-07-08,222,mahogany,13.3
2025-07-08,3,mahogany,11.46
2025-07-08,333 ,maple,7.4
2025-07-09,1,mahogany,10.11
2025-07-09,1,rosewood,68.16
2025-07-09,3,maple,6.16
2025-07-09,333,rosewood,57.22
2025-07-09,1,maple,4.57
2025-07-09,1,maple,4.57
2025-07-09,2,mahogany,
2025-07-09,2,maple,
2025-07-09,2,rosewood,83.78
2025-07-09,3,mahogany,13.98
2025-07-10,2,rosewood,79.56
2025-07-10,111,mahogany,11.78
2025-07-10,333,rosewood,60.32
2025-07-10,1,maple,5.8
2025-07-10,1,rosewood,63.43
2025-07-10,2,mahogany,11.41
2025-07-10,2,maple,7.48
2025-07-10,3,mahogany,10.36
2025-07-10,3,maple,
2025-07-11,1,mahogany,10.61
2025-07-11,2,maple,
2025-07-11,3,maple,6.3
2025-07-11,1,rosewood,69.36
2025-07-11,111,maple,5.76
2025-07-11,2,mahogany,
2025-07-11,2 ,rosewood,70.82
2025-07-11,3,mahogany,13.71
2025-07-11,3 ,rosewood,57.21
2025-07-12,1,maple,4.78
2025-07-12,3,maple,6.32
2025-07-12,111,rosewood,65.31
2025-07-12,1,mahogany,12.53
2025-07-12,2,rosewood,89.06
2025-07-12,222,mahogany,13.9
2025-07-12,222,maple,7.86
2025-07-12,3,mahogany,11.48
2025-07-12,3,rosewood,53.81
2025-07-13,1,mahogany,
2025-07-13,3,mahogany,11.51
2025-07-13,3,maple,5.48
2025-07-13,1,maple,6.01
2025-07-13,111,rosewood,74.05
2025-07-13,2,maple,8.88
2025-07-13,2 ,mahogany,12.47
2025-07-13,222,rosewood,79.84
2025-07-13,3,rosewood,63.54
2025-07-14,1,mahogany,11.81
2025-07-14,1,rosewood,63.09
2025-07-14,3,mahogany,
2025-07-14,1,maple,5.68
2025-07-14,2,mahogany,12.97
2025-07-14,2,maple,7.31
2025-07-14,2,rosewood,86.28
2025-07-14,3,maple,5.87
2025-07-14,3,rosewood,67.44
2025-07-15,2,mahogany,11.89
2025-07-15,333,maple,6.21
2025-07-15,1,mahogany,11.99
2025-07-15,1,maple,4.76
2025-07-15,1,rosewood,79.75
2025-07-15,2,maple,6.97
2025-07-15,2,rosewood,79.99
2025-07-15,3,mahogany,11.97
2025-07-15,3,rosewood,61.52
2025-07-16,3,mahogany,12.62
2025-07-16,3,maple,6.11
2025-07-16,222,mahogany,14.81
2025-07-16,222,rosewood,76.57
2025-07-16,1,mahogany,11.45
2025-07-16,1,rosewood,71.84
2025-07-16,111 ,maple,5.74
2025-07-16,222,maple,6.97
2025-07-16,3,rosewood,67.86
2025-07-17,2,maple,8.79
2025-07-17,111,maple,4.85
2025-07-17,111,mahogany,10.17
2025-07-17,111,rosewood,67.14
2025-07-17,2,mahogany,12.81
2025-07-17,2,rosewood,66.17
2025-07-17,3,rosewood,66.76
2025-07-17,3 ,mahogany,12.34
2025-07-17,333,maple,6.01
2025-07-18,1,mahogany,9.13
2025-07-18,3,mahogany,10.71
2025-07-18,1,rosewood,79.37
2025-07-18,1 ,maple,4.94
2025-07-18,2,maple,5.77
2025-07-18,2,rosewood,75.31
2025-07-18,222,mahogany,9.26
2025-07-18,3,maple,5.74
2025-07-18,3 ,rosewood,65.98
2025-07-19,3,mahogany,12.81
2025-07-19,1,mahogany,10.8
2025-07-19,1,maple,4.98
2025-07-19,1 ,rosewood,60.24
2025-07-19,2,mahogany,13.83
2025-07-19,2,maple,5.79
2025-07-19,222,rosewood,97.98
2025-07-19,3,maple,5.8
2025-07-19,3,rosewood,68.19
2025-07-20,3,mahogany,11.73
2025-07-20,1,mahogany,12.16
2025-07-20,1,rosewood,71.1
2025-07-20,1 ,maple,5.43
2025-07-20,2,mahogany,13.79
2025-07-20,2,maple,8.77
2025-07-20,2,rosewood,97.47
2025-07-20,3,rosewood,61.56
2025-07-20,333,maple,6.15
2025-07-21,1,rosewood,69.33
2025-07-21,2,mahogany,12.39
2025-07-21,2,rosewood,87.6
2025-07-21,3,mahogany,11.52
2025-07-21,111,mahogany,10.56
2025-07-21,1 ,maple,4.96
2025-07-21,2,maple,8.74
2025-07-21,3,rosewood,59.96
2025-07-21,333,maple,6.22
2025-07-22,1,rosewood,60.78
2025-07-22,2,mahogany,15.24
2025-07-22,3,mahogany,12.19
2025-07-22,222,maple,7.2
2025-07-22,1,mahogany,10.4
2025-07-22,1,maple,5.17
2025-07-22,2,rosewood,75.92
2025-07-22,3,maple,5.89
2025-07-22,333 ,rosewood,44.2
2025-07-23,1,mahogany,9.09
2025-07-23,2,mahogany,11.55
2025-07-23,1,maple,5.19
2025-07-23,1,rosewood,69.2
2025-07-23,2,rosewood,91.69
2025-07-23,222,maple,9.6
2025-07-23,3 ,mahogany,10.71
2025-07-23,3 ,rosewood,58.86
2025-07-23,333,maple,5.8
2025-07-24,1,mahogany,10.13
2025-07-24,2,maple,5.93
2025-07-24,2,rosewood,90.66
2025-07-24,3,mahogany,12.59
2025-07-24,3,maple,5.7
2025-07-24,1,maple,6.52
2025-07-24,1,rosewood,69.58
2025-07-24,2,mahogany,14.69
2025-07-24,3,rosewood,70.29
2025-07-25,1,mahogany,9.15
2025-07-25,1,maple,4.78
2025-07-25,2,mahogany,
2025-07-25,2,maple,8.55
2025-07-25,3,maple,5.8
2025-07-25,1,rosewood,68.18
2025-07-25,2,rosewood,79.3
2025-07-25,3,mahogany,11.36
2025-07-25,3,rosewood,68.26
2025-07-26,1,maple,4.82
2025-07-26,1,rosewood,78.69
2025-07-26,2,mahogany,11.03
2025-07-26,2,maple,8.04
2025-07-26,1,mahogany,11.01
2025-07-26,2,rosewood,105.69
2025-07-26,3,mahogany,11.84
2025-07-26,3,maple,6.17
2025-07-26,3,rosewood,70.92
2025-07-27,1,rosewood,56.4
2025-07-27,2,mahogany,11.34
2025-07-27,2,rosewood,89.0
2025-07-27,3,maple,6.69
2025-07-27,111,maple,6.07
2025-07-27,1,mahogany,10.81
2025-07-27,222,maple,7.01
2025-07-27,3,mahogany,13.28
2025-07-27,3,rosewood,69.02
2025-07-28,1,mahogany,12.4
2025-07-28,1,rosewood,75.35
2025-07-28,222,maple,7.09
2025-07-28,111 ,maple,5.47
2025-07-28,222,mahogany,11.7
2025-07-28,222,rosewood,78.95
2025-07-28,3,mahogany,12.18
2025-07-28,3,rosewood,70.42
2025-07-28,333,maple,6.15
2025-07-29,3,mahogany,12.36
2025-07-29,222,mahogany,12.88
2025-07-29,333,maple,6.25
2025-07-29,1,mahogany,11.43
2025-07-29,1,rosewood,71.8
2025-07-29,111,maple,5.63
2025-07-29,2 ,maple,5.43
2025-07-29,222,rosewood,84.14
2025-07-29,3,rosewood,62.67
2025-07-30,2,maple,
2025-07-30,3,maple,6.06
2025-07-30,3,rosewood,62.41
2025-07-30,1,mahogany,9.69
2025-07-30,1,rosewood,75.83
2025-07-30,111,maple,4.95
2025-07-30,2,rosewood,81.43
2025-07-30,222,mahogany,14.02
2025-07-30,3 ,mahogany,12.67
2025-07-31,1,rosewood,61.28
2025-07-31,2,rosewood,102.79
2025-07-31,3,mahogany,10.76
2025-07-31,1 ,maple,5.22
2025-07-31,111 ,mahogany,11.55
2025-07-31,2,mahogany,
2025-07-31,2,maple,6.6
2025-07-31,3,maple,5.96
2025-07-31,333,rosewood,50.17
2025-08-01,1,rosewood,66.9
2025-08-01,2,mahogany,13.09
2025-08-01,3,maple,
2025-08-01,333,rosewood,68.59
2025-08-01,1 ,maple,5.33
2025-08-01,111,mahogany,11.1
2025-08-01,2,maple,7.57
2025-08-01,2,rosewood,99.24
2025-08-01,3 ,mahogany,12.49
2025-08-02,1,mahogany,10.56
2025-08-02,2,mahogany,
2025-08-02,3,mahogany,12.09
2025-08-02,3,rosewood,62.16
2025-08-02,1,maple,4.83
2025-08-02,1,rosewood,76.98
2025-08-02,2,maple,7.91
2025-08-02,222 ,rosewood,67.56
2025-08-02,3 ,maple,6.47
2025-08-03,1,rosewood,59.08
2025-08-03,2,mahogany,
2025-08-03,3,rosewood,68.91
2025-08-03,222,maple,6.67
2025-08-03,333,maple,6.21
2025-08-03,1,mahogany,10.71
2025-08-03,1,maple,5.42
2025-08-03,2,rosewood,100.3
2025-08-03,3,mahogany,12.92
2025-08-04,1,mahogany,11.42
2025-08-04,1,rosewood,76.56
2025-08-04,3,mahogany,13.63
2025-08-04,333,maple,6.92
2025-08-04,111,maple,5.44
2025-08-04,2,maple,6.38
2025-08-04,2,rosewood,68.94
2025-08-04,2 ,mahogany,13.25
2025-08-04,3,rosewood,59.36
2025-08-05,2,rosewood,80.63
2025-08-05,333,mahogany,11.8
2025-08-05,1,maple,5.4
2025-08-05,1,rosewood,68.5
2025-08-05,1 ,mahogany,11.43
2025-08-05,2,mahogany,11.8
2025-08-05,2,maple,8.26
2025-08-05,3,maple,5.96
2025-08-05,3,rosewood,48.55
2025-08-06,1,rosewood,74.92
2025-08-06,2,mahogany,10.19
2025-08-06,2,rosewood,70.85
2025-08-06,3,rosewood,63.87
2025-08-06,1,mahogany,11.86
2025-08-06,1,maple,5.86
2025-08-06,2,maple,8.48
2025-08-06,3,mahogany,10.68
2025-08-06,3 ,maple,5.81
2025-08-07,1,maple,4.97
2025-08-07,2,mahogany,13.45
2025-08-07,2,maple,7.6
2025-08-07,111,mahogany,11.01
2025-08-07,333,rosewood,58.72
2025-08-07,1,rosewood,66.82
2025-08-07,222,rosewood,75.11
2025-08-07,3,mahogany,10.62
2025-08-07,3 ,maple,6.13
2025-08-08,1,maple,6.14
2025-08-08,3,mahogany,12.41
2025-08-08,1,mahogany,10.94
2025-08-08,1,rosewood,68.54
2025-08-08,2,mahogany,14.68
2025-08-08,2 ,rosewood,82.75
2025-08-08,222,maple,4.79
2025-08-08,3,maple,6.04
2025-08-08,333,rosewood,57.06
2025-08-09,1,rosewood,72.31
2025-08-09,2,mahogany,10.35
2025-08-09,2,rosewood,91.66
2025-08-09,3,mahogany,13.91
2025-08-09,3,rosewood,61.82
2025-08-09,1,maple,5.95
2025-08-09,1 ,mahogany,9.84
2025-08-09,2,maple,7.95
2025-08-09,3,maple,6.16
2025-08-10,1,maple,5.21
2025-08-10,3,maple,6.88
2025-08-10,3,rosewood,61.9
2025-08-10,1,mahogany,11.68
2025-08-10,111 ,rosewood,69.96
2025-08-10,2,mahogany,
2025-08-10,2 ,rosewood,94.22
2025-08-10,222,maple,8.23
2025-08-10,3,mahogany,12.77
2025-08-11,1,mahogany,10.75
2025-08-11,1,maple,5.15
2025-08-11,2,mahogany,12.63
2025-08-11,222,rosewood,85.37
2025-08-11,1 ,rosewood,71.25
2025-08-11,2,maple,8.23
2025-08-11,3,mahogany,12.27
2025-08-11,3 ,rosewood,60.96
2025-08-11,333,maple,5.85
2025-08-12,2,mahogany,12.98
2025-08-12,2,maple,7.82
2025-08-12,111,mahogany,10.82
2025-08-12,1,maple,4.85
2025-08-12,111,rosewood,73.33
2025-08-12,222,rosewood,95.45
2025-08-12,3,mahogany,11.75
2025-08-12,333,maple,6.2
2025-08-12,333,rosewood,62.61
2025-08-13,1,mahogany,11.41
2025-08-13,1,maple,5.6
2025-08-13,1,rosewood,78.0
2025-08-13,2,mahogany,13.96
2025-08-13,3,mahogany,12.88
2025-08-13,3,maple,
2025-08-13,2,maple,7.3
2025-08-13,2,rosewood,84.53
2025-08-13,3,rosewood,65.68
2025-08-14,1,maple,7.24
2025-08-14,3,rosewood,62.38
2025-08-14,111,mahogany,10.43
2025-08-14,1,rosewood,66.9
2025-08-14,2,rosewood,101.23
2025-08-14,2 ,mahogany,
2025-08-14,222,maple,8.22
2025-08-14,3 ,mahogany,13.57
2025-08-14,3 ,maple,6.12
2025-08-15,1,maple,4.19
2025-08-15,1,rosewood,61.02
2025-08-15,2,mahogany,11.8
2025-08-15,3,maple,5.68
2025-08-15,1 ,mahogany,9.96
2025-08-15,2,maple,6.43
2025-08-15,2,rosewood,71.52
2025-08-15,3,mahogany,12.47
2025-08-15,333,rosewood,62.23
2025-08-16,3,rosewood,66.18
2025-08-16,1,rosewood,78.22
2025-08-16,1 ,maple,4.59
2025-08-16,111,mahogany,12.03
2025-08-16,2,mahogany,11.5
2025-08-16,2,maple,7.22
2025-08-16,2,rosewood,77.03
2025-08-16,3,maple,7.21
2025-08-16,3 ,mahogany,13.84
2025-08-17,1,maple,5.77
2025-08-17,2,mahogany,11.1
2025-08-17,3,mahogany,12.42
2025-08-17,3,rosewood,58.33
2025-08-17,222,rosewood,77.13
2025-08-17,1,mahogany,10.3
2025-08-17,1,rosewood,67.96
2025-08-17,2,maple,7.06
2025-08-17,3,maple,5.6
2025-08-18,2,maple,7.29
2025-08-18,3,mahogany,13.7
2025-08-18,3,rosewood,59.47
2025-08-18,1 ,maple,6.09
2025-08-18,111,mahogany,10.88
2025-08-18,111 ,rosewood,62.39
2025-08-18,2,mahogany,11.68
2025-08-18,2,rosewood,90.2
2025-08-18,333 ,maple,
2025-08-19,1,mahogany,11.83
2025-08-19,2,mahogany,14.04
2025-08-19,2,rosewood,77.05
2025-08-19,3,mahogany,13.69
2025-08-19,333,rosewood,57.46
2025-08-19,1,rosewood,79.31
2025-08-19,1 ,maple,5.92
2025-08-19,2,maple,9.7
2025-08-19,3,maple,5.32
2025-08-20,2,mahogany,12.55
2025-08-20,2,rosewood,93.27
2025-08-20,3,mahogany,11.87
2025-08-20,3,maple,6.59
2025-08-20,3,rosewood,64.88
2025-08-20,1,mahogany,12.09
2025-08-20,1,maple,5.47
2025-08-20,1,rosewood,63.75
2025-08-20,2,maple,8.45
2025-08-21,1,maple,5.35
2025-08-21,2,mahogany,14.83
2025-08-21,3,maple,6.45
2025-08-21,1,mahogany,12.44
2025-08-21,1,rosewood,72.51
2025-08-21,2,maple,6.83
2025-08-21,2,rosewood,82.88
2025-08-21,3,mahogany,12.78
2025-08-21,3,rosewood,66.63
2025-08-22,1,rosewood,71.25
2025-08-22,2,maple,8.98
2025-08-22,2,rosewood,78.14
2025-08-22,3,mahogany,14.09
2025-08-22,1,mahogany,10.22
2025-08-22,1,maple,5.19
2025-08-22,222,mahogany,13.47
2025-08-22,3,maple,5.73
2025-08-22,3,rosewood,56.43
2025-08-23,1,maple,5.25
2025-08-23,1,rosewood,66.83
2025-08-23,3,mahogany,14.57
2025-08-23,3,rosewood,62.0
2025-08-23,111,mahogany,9.95
2025-08-23,2,mahogany,
2025-08-23,2,maple,6.67
2025-08-23,222,rosewood,98.78
2025-08-23,3,maple,6.2
2025-08-24,1,mahogany,8.82
2025-08-24,2,mahogany,
2025-08-24,222,rosewood,104.69
2025-08-24,333,mahogany,12.35
2025-08-24,1,maple,5.54
2025-08-24,111 ,rosewood,71.96
2025-08-24,2,maple,8.25
2025-08-24,3,maple,6.59
2025-08-24,3,rosewood,60.94
2025-08-25,3,maple,6.37
2025-08-25,1,maple,5.86
2025-08-25,1,rosewood,76.81
2025-08-25,111,mahogany,9.06
2025-08-25,2,maple,7.8
2025-08-25,2,rosewood,80.6
2025-08-25,2 ,mahogany,14.03
2025-08-25,3,rosewood,43.65
2025-08-25,333,mahogany,11.44
2025-08-26,1,rosewood,73.09
2025-08-26,3,mahogany,13.95
2025-08-26,1,mahogany,9.98
2025-08-26,1,maple,5.37
2025-08-26,2,mahogany,12.24
2025-08-26,2,rosewood,82.57
2025-08-26,2 ,maple,6.91
2025-08-26,3,maple,6.16
2025-08-26,3 ,rosewood,61.61
2025-08-26,3 ,rosewood,61.61
2025-08-27,1,maple,4.49
2025-08-27,1,rosewood,69.87
2025-08-27,2,maple,6.49
2025-08-27,3,maple,5.9
2025-08-27,1,mahogany,9.12
2025-08-27,2,mahogany,12.08
2025-08-27,2 ,rosewood,84.99
2025-08-27,3 ,mahogany,11.99
2025-08-27,333,rosewood,67.47
2025-08-28,1,mahogany,11.38
2025-08-28,2,maple,8.24
2025-08-28,1,rosewood,71.0
2025-08-28,111 ,maple,5.23
2025-08-28,2,mahogany,11.07
2025-08-28,222,rosewood,88.69
2025-08-28,3,maple,6.55
2025-08-28,3,rosewood,59.44
2025-08-28,333 ,mahogany,12.73
