date,id_vendor,type_wood,price_wood_PerBF
2024-01-01,1,mahogany,11.39
2024-01-01,1,maple,6.41
2024-01-01,1,rosewood,71.56
2024-01-01,2,mahogany,14.39
2024-01-01,2,maple,5.81
2024-01-01,2,rosewood,75.7
2024-01-01,3,mahogany,12.74
2024-01-01,3,maple,5.29
2024-01-01,3,rosewood,64.33
2024-01-02,1,mahogany,12.81
2024-01-02,1,maple,6.98
2024-01-02,1,rosewood,68.74
2024-01-02,2,mahogany,12.73
2024-01-02,2,maple,5.77
2024-01-02,2,rosewood,63.72
2024-01-02,3,mahogany,13.45
2024-01-02,3,maple,5.74
2024-01-02,3,rosewood,69.08
2024-01-03,1,mahogany,12.26
2024-01-03,1,maple,6.44
2024-01-03,1,rosewood,85.56
2024-01-03,2,mahogany,14.74
2024-01-03,2,maple,6.95
2024-01-03,2,rosewood,71.85
2024-01-03,3,mahogany,12.38
2024-01-03,3,maple,6.1
2024-01-03,3,rosewood,67.39
2024-01-04,1,mahogany,13.55
2024-01-04,1,maple,6.41
2024-01-04,1,rosewood,67.84
2024-01-04,2,mahogany,13.59
2024-01-04,2,maple,7.09
2024-01-04,2,rosewood,67.9
2024-01-04,3,mahogany,11.88
2024-01-04,3,maple,5.5
2024-01-04,3,rosewood,76.11
2024-01-05,1,mahogany,13.67
2024-01-05,1,maple,5.79
2024-01-05,1,rosewood,64.19
2024-01-05,2,mahogany,12.36
2024-01-05,2,maple,6.23
2024-01-05,2,rosewood,86.53
2024-01-05,3,mahogany,12.59
2024-01-05,3,maple,6.1
2024-01-05,3,rosewood,68.71
2024-01-06,1,mahogany,12.84
2024-01-06,1,maple,5.84
2024-01-06,1,rosewood,67.19
2024-01-06,2,mahogany,12.98
2024-01-06,2,maple,6.56
2024-01-06,2,rosewood,84.53
2024-01-06,3,mahogany,12.68
2024-01-06,3,maple,6.12
2024-01-06,3,rosewood,67.87
2024-01-07,1,mahogany,9.83
2024-01-07,1,maple,6.41
2024-01-07,1,rosewood,72.54
2024-01-07,2,mahogany,12.19
2024-01-07,2,maple,6.5
2024-01-07,2,rosewood,69.36
2024-01-07,3,mahogany,10.58
2024-01-07,3,maple,6.24
2024-01-07,3,rosewood,70.25
2024-01-08,1,mahogany,14.94
2024-01-08,1,maple,6.14
2024-01-08,1,rosewood,71.69
2024-01-08,2,mahogany,13.94
2024-01-08,2,maple,5.19
2024-01-08,2,rosewood,61.75
2024-01-08,3,mahogany,13.88
2024-01-08,3,maple,5.81
2024-01-08,3,rosewood,70.33
2024-01-09,1,mahogany,14.18
2024-01-09,1,maple,
2024-01-09,1,rosewood,74.89
2024-01-09,2,mahogany,13.51
2024-01-09,2,maple,5.41
2024-01-09,2,rosewood,66.12
2024-01-09,3,mahogany,11.61
2024-01-09,3,maple,6.07
2024-01-09,3,rosewood,73.0
2024-01-10,1,mahogany,13.83
2024-01-10,1,maple,7.5
2024-01-10,1,rosewood,61.94
2024-01-10,2,mahogany,14.73
2024-01-10,2,maple,6.5
2024-01-10,2,rosewood,73.86
2024-01-10,3,mahogany,12.79
2024-01-10,3,maple,
2024-01-10,3,rosewood,65.87
2024-01-11,1,mahogany,13.52
2024-01-11,1,maple,6.9
2024-01-11,1,rosewood,65.79
2024-01-11,2,mahogany,10.38
2024-01-11,2,maple,7.04
2024-01-11,2,rosewood,90.16
2024-01-11,3,mahogany,11.61
2024-01-11,3,maple,5.84
2024-01-11,3,rosewood,71.4
2024-01-12,1,mahogany,13.29
2024-01-12,1,maple,6.1
2024-01-12,1,rosewood,85.23
2024-01-12,2,mahogany,12.58
2024-01-12,2,maple,6.15
2024-01-12,2,rosewood,68.96
2024-01-12,3,mahogany,13.24
2024-01-12,3,maple,6.02
2024-01-12,3,rosewood,74.19
2024-01-13,1,mahogany,11.53
2024-01-13,1,maple,5.97
2024-01-13,1,rosewood,73.53
2024-01-13,2,mahogany,15.81
2024-01-13,2,maple,6.33
2024-01-13,2,rosewood,58.29
2024-01-13,3,mahogany,13.58
2024-01-13,3,maple,6.78
2024-01-13,3,rosewood,72.71
2024-01-14,1,mahogany,12.97
2024-01-14,1,maple,6.49
2024-01-14,1,rosewood,91.58
2024-01-14,2,mahogany,12.94
2024-01-14,2,maple,6.44
2024-01-14,2,rosewood,72.05
2024-01-14,3,mahogany,11.64
2024-01-14,3,maple,5.36
2024-01-14,3,rosewood,71.81
2024-01-15,1,mahogany,11.56
2024-01-15,1,maple,6.06
2024-01-15,1,rosewood,73.08
2024-01-15,2,mahogany,10.12
2024-01-15,2,maple,8.29
2024-01-15,2,rosewood,77.0
2024-01-15,3,mahogany,10.47
2024-01-15,3,maple,6.34
2024-01-15,3,rosewood,65.36
2024-01-16,1,mahogany,12.34
2024-01-16,1,maple,6.48
2024-01-16,1,rosewood,74.85
2024-01-16,2,mahogany,13.1
2024-01-16,2,maple,4.77
2024-01-16,2,rosewood,74.33
2024-01-16,3,mahogany,14.15
2024-01-16,3,maple,5.88
2024-01-16,3,rosewood,62.61
2024-01-17,1,mahogany,
2024-01-17,1,maple,6.45
2024-01-17,1,rosewood,74.34
2024-01-17,2,mahogany,10.07
2024-01-17,2,maple,6.19
2024-01-17,2,rosewood,86.59
2024-01-17,3,mahogany,13.82
2024-01-17,3,maple,6.28
2024-01-17,3,rosewood,82.92
2024-01-18,1,mahogany,12.24
2024-01-18,1,maple,6.25
2024-01-18,1,rosewood,59.37
2024-01-18,2,mahogany,14.9
2024-01-18,2,maple,6.14
2024-01-18,2,rosewood,76.59
2024-01-18,3,mahogany,12.78
2024-01-18,3,maple,5.94
2024-01-18,3,rosewood,66.45
2024-01-19,1,mahogany,13.29
2024-01-19,1,maple,6.67
2024-01-19,1,rosewood,71.72
2024-01-19,2,mahogany,13.53
2024-01-19,2,maple,5.62
2024-01-19,2,rosewood,51.67
2024-01-19,3,mahogany,11.28
2024-01-19,3,maple,7.03
2024-01-19,3,rosewood,67.28
2024-01-20,1,mahogany,12.45
2024-01-20,1,maple,6.68
2024-01-20,1,rosewood,68.66
2024-01-20,2,mahogany,
2024-01-20,2,maple,7.09
2024-01-20,2,rosewood,73.87
2024-01-20,3,mahogany,12.37
2024-01-20,3,maple,5.84
2024-01-20,3,rosewood,81.44
2024-01-21,1,mahogany,13.59
2024-01-21,1,maple,6.61
2024-01-21,1,rosewood,69.93
2024-01-21,2,mahogany,
2024-01-21,2,maple,5.45
2024-01-21,2,rosewood,67.24
2024-01-21,3,mahogany,13.3
2024-01-21,3,maple,6.56
2024-01-21,3,rosewood,77.31
2024-01-22,1,mahogany,12.0
2024-01-22,1,maple,6.32
2024-01-22,1,rosewood,76.46
2024-01-22,2,mahogany,11.6
2024-01-22,2,maple,5.62
2024-01-22,2,rosewood,68.27
2024-01-22,3,mahogany,13.36
2024-01-22,3,maple,6.17
2024-01-22,3,rosewood,69.59
2024-01-23,1,mahogany,12.14
2024-01-23,1,maple,6.38
2024-01-23,1,rosewood,65.37
2024-01-23,2,mahogany,9.79
2024-01-23,2,maple,5.51
2024-01-23,2,rosewood,71.27
2024-01-23,3,mahogany,13.48
2024-01-23,3,maple,6.49
2024-01-23,3,rosewood,69.98
2024-01-24,1,mahogany,11.99
2024-01-24,1,maple,7.14
2024-01-24,1,rosewood,69.38
2024-01-24,2,mahogany,14.33
2024-01-24,2,maple,4.31
2024-01-24,2,rosewood,65.04
2024-01-24,3,mahogany,12.84
2024-01-24,3,maple,7.19
2024-01-24,3,rosewood,64.63
2024-01-25,1,mahogany,12.91
2024-01-25,1,maple,5.55
2024-01-25,1,rosewood,80.26
2024-01-25,2,mahogany,12.36
2024-01-25,2,maple,6.04
2024-01-25,2,rosewood,73.69
2024-01-25,3,mahogany,11.4
2024-01-25,3,maple,6.39
2024-01-25,3,rosewood,71.21
2024-01-26,1,mahogany,12.31
2024-01-26,1,maple,6.18
2024-01-26,1,rosewood,78.49
2024-01-26,2,mahogany,13.09
2024-01-26,2,maple,5.3
2024-01-26,2,rosewood,69.11
2024-01-26,3,mahogany,13.21
2024-01-26,3,maple,5.69
2024-01-26,3,rosewood,71.5
2024-01-27,1,mahogany,11.67
2024-01-27,1,maple,6.8
2024-01-27,1,rosewood,70.38
2024-01-27,2,mahogany,10.59
2024-01-27,2,maple,6.05
2024-01-27,2,rosewood,86.27
2024-01-27,3,mahogany,13.38
2024-01-27,3,maple,5.38
2024-01-27,3,rosewood,77.71
2024-01-28,1,mahogany,12.61
2024-01-28,1,maple,5.12
2024-01-28,1,rosewood,75.5
2024-01-28,2,mahogany,13.12
2024-01-28,2,maple,4.71
2024-01-28,2,rosewood,70.07
2024-01-28,3,mahogany,10.43
2024-01-28,3,maple,6.21
2024-01-28,3,rosewood,71.66
2024-01-29,1,mahogany,11.47
2024-01-29,1,maple,6.17
2024-01-29,1,rosewood,75.35
2024-01-29,2,mahogany,10.97
2024-01-29,2,maple,5.79
2024-01-29,2,rosewood,55.62
2024-01-29,3,mahogany,12.31
2024-01-29,3,maple,6.2
2024-01-29,3,rosewood,69.83
2024-01-30,1,mahogany,13.26
2024-01-30,1,maple,5.89
2024-01-30,1,rosewood,66.94
2024-01-30,2,mahogany,10.2
2024-01-30,2,maple,7.86
2024-01-30,2,rosewood,68.09
2024-01-30,3,mahogany,13.08
2024-01-30,3,maple,6.41
2024-01-30,3,rosewood,68.86
2024-01-31,1,mahogany,11.45
2024-01-31,1,maple,5.82
2024-01-31,1,rosewood,62.04
2024-01-31,2,mahogany,11.05
2024-01-31,2,maple,5.99
2024-01-31,2,rosewood,81.81
2024-01-31,3,mahogany,13.15
2024-01-31,3,maple,7.44
2024-01-31,3,rosewood,75.24
2024-02-01,1,mahogany,12.01
2024-02-01,1,maple,5.87
2024-02-01,1,rosewood,59.28
2024-02-01,2,mahogany,14.26
2024-02-01,2,maple,5.71
2024-02-01,2,rosewood,65.64
2024-02-01,3,mahogany,12.55
2024-02-01,3,maple,5.83
2024-02-01,3,rosewood,68.21
2024-02-02,1,mahogany,11.49
2024-02-02,1,maple,5.91
2024-02-02,1,rosewood,74.23
2024-02-02,2,mahogany,16.33
2024-02-02,2,maple,7.84
2024-02-02,2,rosewood,64.85
2024-02-02,3,mahogany,11.5
2024-02-02,3,maple,6.02
2024-02-02,3,rosewood,67.81
2024-02-03,1,mahogany,11.25
2024-02-03,1,maple,6.33
2024-02-03,1,rosewood,69.17
2024-02-03,2,mahogany,11.74
2024-02-03,2,maple,7.27
2024-02-03,2,rosewood,64.75
2024-02-03,3,mahogany,13.03
2024-02-03,3,maple,6.97
2024-02-03,3,rosewood,72.75
2024-02-04,1,mahogany,12.19
2024-02-04,1,maple,6.38
2024-02-04,1,rosewood,66.62
2024-02-04,2,mahogany,13.42
2024-02-04,2,maple,7.81
2024-02-04,2,rosewood,64.59
2024-02-04,3,mahogany,13.09
2024-02-04,3,maple,6.52
2024-02-04,3,rosewood,75.3
2024-02-05,1,mahogany,12.12
2024-02-05,1,maple,6.67
2024-02-05,1,rosewood,66.21
2024-02-05,2,mahogany,8.32
2024-02-05,2,maple,6.63
2024-02-05,2,rosewood,68.55
2024-02-05,3,mahogany,12.74
2024-02-05,3,maple,6.64
2024-02-05,3,rosewood,61.21
2024-02-06,1,mahogany,13.53
2024-02-06,1,maple,6.51
2024-02-06,1,rosewood,82.72
2024-02-06,2,mahogany,10.45
2024-02-06,2,maple,5.56
2024-02-06,2,rosewood,86.73
2024-02-06,3,mahogany,12.9
2024-02-06,3,maple,6.89
2024-02-06,3,rosewood,66.98
2024-02-07,1,mahogany,13.34
2024-02-07,1,maple,6.68
2024-02-07,1,rosewood,60.86
2024-02-07,2,mahogany,13.03
2024-02-07,2,maple,4.66
2024-02-07,2,rosewood,86.61
2024-02-07,3,mahogany,12.78
2024-02-07,3,maple,5.69
2024-02-07,3,rosewood,70.07
2024-02-08,1,mahogany,13.1
2024-02-08,1,maple,5.79
2024-02-08,1,rosewood,72.64
2024-02-08,2,mahogany,12.84
2024-02-08,2,maple,6.43
2024-02-08,2,rosewood,97.58
2024-02-08,3,mahogany,13.02
2024-02-08,3,maple,6.79
2024-02-08,3,rosewood,
2024-02-09,1,mahogany,11.79
2024-02-09,1,maple,6.6
2024-02-09,1,rosewood,70.41
2024-02-09,2,mahogany,9.68
2024-02-09,2,maple,6.09
2024-02-09,2,rosewood,70.88
2024-02-09,3,mahogany,11.18
2024-02-09,3,maple,6.79
2024-02-09,3,rosewood,59.1
2024-02-10,1,mahogany,
2024-02-10,1,maple,6.05
2024-02-10,1,rosewood,63.8
2024-02-10,2,mahogany,11.23
2024-02-10,2,maple,6.48
2024-02-10,2,rosewood,69.77
2024-02-10,3,mahogany,12.66
2024-02-10,3,maple,7.53
2024-02-10,3,rosewood,63.22
2024-02-11,1,mahogany,13.75
2024-02-11,1,maple,4.85
2024-02-11,1,rosewood,63.41
2024-02-11,2,mahogany,12.88
2024-02-11,2,maple,5.02
2024-02-11,2,rosewood,62.83
2024-02-11,3,mahogany,13.44
2024-02-11,3,maple,6.89
2024-02-11,3,rosewood,73.44
2024-02-12,1,mahogany,
2024-02-12,1,maple,5.62
2024-02-12,1,rosewood,72.8
2024-02-12,2,mahogany,10.53
2024-02-12,2,maple,7.01
2024-02-12,2,rosewood,75.69
2024-02-12,3,mahogany,11.42
2024-02-12,3,maple,6.56
2024-02-12,3,rosewood,71.21
2024-02-13,1,mahogany,11.11
2024-02-13,1,maple,5.92
2024-02-13,1,rosewood,75.87
2024-02-13,2,mahogany,13.92
2024-02-13,2,maple,5.02
2024-02-13,2,rosewood,52.64
2024-02-13,3,mahogany,11.96
2024-02-13,3,maple,6.74
2024-02-13,3,rosewood,69.2
2024-02-14,1,mahogany,14.51
2024-02-14,1,maple,6.51
2024-02-14,1,rosewood,62.78
2024-02-14,2,mahogany,
2024-02-14,2,maple,6.44
2024-02-14,2,rosewood,53.96
2024-02-14,3,mahogany,13.05
2024-02-14,3,maple,6.02
2024-02-14,3,rosewood,
2024-02-15,1,mahogany,12.88
2024-02-15,1,maple,6.3
2024-02-15,1,rosewood,75.5
2024-02-15,2,mahogany,12.2
2024-02-15,2,maple,7.1
2024-02-15,2,rosewood,67.44
2024-02-15,3,mahogany,12.7
2024-02-15,3,maple,5.49
2024-02-15,3,rosewood,64.87
2024-02-16,1,mahogany,12.92
2024-02-16,1,maple,5.3
2024-02-16,1,rosewood,70.53
2024-02-16,2,mahogany,12.84
2024-02-16,2,maple,5.81
2024-02-16,2,rosewood,72.4
2024-02-16,3,mahogany,13.65
2024-02-16,3,maple,5.9
2024-02-16,3,rosewood,69.13
2024-02-17,1,mahogany,14.12
2024-02-17,1,maple,6.53
2024-02-17,1,rosewood,66.85
2024-02-17,2,mahogany,9.19
2024-02-17,2,maple,7.42
2024-02-17,2,rosewood,57.29
2024-02-17,3,mahogany,12.27
2024-02-17,3,maple,6.66
2024-02-17,3,rosewood,72.78
2024-02-18,1,mahogany,11.89
2024-02-18,1,maple,6.49
2024-02-18,1,rosewood,74.58
2024-02-18,2,mahogany,
2024-02-18,2,maple,6.48
2024-02-18,2,rosewood,70.75
2024-02-18,3,mahogany,13.18
2024-02-18,3,maple,6.72
2024-02-18,3,rosewood,66.41
2024-02-19,1,mahogany,11.91
2024-02-19,1,maple,6.02
2024-02-19,1,rosewood,77.03
2024-02-19,2,mahogany,
2024-02-19,2,maple,5.52
2024-02-19,2,rosewood,64.36
2024-02-19,3,mahogany,13.54
2024-02-19,3,maple,5.58
2024-02-19,3,rosewood,72.56
2024-02-20,1,mahogany,13.05
2024-02-20,1,maple,6.19
2024-02-20,1,rosewood,76.85
2024-02-20,2,mahogany,11.22
2024-02-20,2,maple,5.94
2024-02-20,2,rosewood,86.48
2024-02-20,3,mahogany,12.08
2024-02-20,3,maple,6.11
2024-02-20,3,rosewood,63.65
2024-02-21,1,mahogany,11.57
2024-02-21,1,maple,
2024-02-21,1,rosewood,59.17
2024-02-21,2,mahogany,10.24
2024-02-21,2,maple,7.28
2024-02-21,2,rosewood,68.99
2024-02-21,3,mahogany,11.38
2024-02-21,3,maple,6.44
2024-02-21,3,rosewood,70.19
2024-02-22,1,mahogany,12.82
2024-02-22,1,maple,5.85
2024-02-22,1,rosewood,67.03
2024-02-22,2,mahogany,11.57
2024-02-22,2,maple,6.21
2024-02-22,2,rosewood,67.35
2024-02-22,3,mahogany,11.33
2024-02-22,3,maple,6.42
2024-02-22,3,rosewood,67.13
2024-02-23,1,mahogany,14.68
2024-02-23,1,maple,6.63
2024-02-23,1,rosewood,67.97
2024-02-23,2,mahogany,13.59
2024-02-23,2,maple,6.63
2024-02-23,2,rosewood,74.8
2024-02-23,3,mahogany,12.32
2024-02-23,3,maple,5.85
2024-02-23,3,rosewood,69.04
2024-02-24,1,mahogany,14.12
2024-02-24,1,maple,5.9
2024-02-24,1,rosewood,71.25
2024-02-24,2,mahogany,14.76
2024-02-24,2,maple,6.69
2024-02-24,2,rosewood,54.1
2024-02-24,3,mahogany,12.96
2024-02-24,3,maple,6.72
2024-02-24,3,rosewood,71.57
2024-02-25,1,mahogany,12.82
2024-02-25,1,maple,6.59
2024-02-25,1,rosewood,66.36
2024-02-25,2,mahogany,13.4
2024-02-25,2,maple,6.21
2024-02-25,2,rosewood,72.88
2024-02-25,3,mahogany,12.87
2024-02-25,3,maple,6.05
2024-02-25,3,rosewood,70.27
2024-02-26,1,mahogany,12.36
2024-02-26,1,maple,6.48
2024-02-26,1,rosewood,82.11
2024-02-26,2,mahogany,13.51
2024-02-26,2,maple,6.42
2024-02-26,2,rosewood,73.21
2024-02-26,3,mahogany,12.91
2024-02-26,3,maple,6.07
2024-02-26,3,rosewood,70.16
2024-02-27,1,mahogany,11.83
2024-02-27,1,maple,6.22
2024-02-27,1,rosewood,72.06
2024-02-27,2,mahogany,
2024-02-27,2,maple,5.88
2024-02-27,2,rosewood,87.83
2024-02-27,3,mahogany,12.43
2024-02-27,3,maple,5.53
2024-02-27,3,rosewood,56.85
2024-02-28,1,mahogany,11.29
2024-02-28,1,maple,6.51
2024-02-28,1,rosewood,62.83
2024-02-28,2,mahogany,14.14
2024-02-28,2,maple,6.27
2024-02-28,2,rosewood,78.06
2024-02-28,3,mahogany,13.4
2024-02-28,3,maple,6.15
2024-02-28,3,rosewood,69.57
2024-02-29,1,mahogany,12.08
2024-02-29,1,maple,6.41
2024-02-29,1,rosewood,69.84
2024-02-29,2,mahogany,13.57
2024-02-29,2,maple,6.8
2024-02-29,2,rosewood,73.5
2024-02-29,3,mahogany,13.21
2024-02-29,3,maple,5.91
2024-02-29,3,rosewood,79.22
2024-03-01,1,mahogany,12.43
2024-03-01,1,maple,5.81
2024-03-01,1,rosewood,67.5
2024-03-01,2,mahogany,
2024-03-01,2,maple,4.61
2024-03-01,2,rosewood,97.42
2024-03-01,3,mahogany,12.0
2024-03-01,3,maple,6.44
2024-03-01,3,rosewood,71.81
2024-03-02,1,mahogany,12.04
2024-03-02,1,maple,5.95
2024-03-02,1,rosewood,83.45
2024-03-02,2,mahogany,12.46
2024-03-02,2,maple,
2024-03-02,2,rosewood,62.28
2024-03-02,3,mahogany,12.54
2024-03-02,3,maple,6.16
2024-03-02,3,rosewood,65.01
2024-03-03,1,mahogany,13.29
2024-03-03,1,maple,6.46
2024-03-03,1,rosewood,71.54
2024-03-03,2,mahogany,11.0
2024-03-03,2,maple,6.44
2024-03-03,2,rosewood,64.72
2024-03-03,3,mahogany,13.4
2024-03-03,3,maple,6.57
2024-03-03,3,rosewood,76.47
2024-03-04,1,mahogany,12.49
2024-03-04,1,maple,7.02
2024-03-04,1,rosewood,71.11
2024-03-04,2,mahogany,
2024-03-04,2,maple,5.42
2024-03-04,2,rosewood,65.98
2024-03-04,3,mahogany,15.47
2024-03-04,3,maple,6.2
2024-03-04,3,rosewood,62.76
2024-03-05,1,mahogany,12.86
2024-03-05,1,maple,6.69
2024-03-05,1,rosewood,69.38
2024-03-05,2,mahogany,10.2
2024-03-05,2,maple,5.02
2024-03-05,2,rosewood,73.92
2024-03-05,3,mahogany,13.55
2024-03-05,3,maple,6.79
2024-03-05,3,rosewood,68.85
2024-03-06,1,mahogany,12.94
2024-03-06,1,maple,5.36
2024-03-06,1,rosewood,78.27
2024-03-06,2,mahogany,15.09
2024-03-06,2,maple,6.69
2024-03-06,2,rosewood,68.52
2024-03-06,3,mahogany,12.34
2024-03-06,3,maple,6.78
2024-03-06,3,rosewood,62.58
2024-03-07,1,mahogany,12.6
2024-03-07,1,maple,6.55
2024-03-07,1,rosewood,63.02
2024-03-07,2,mahogany,12.41
2024-03-07,2,maple,6.84
2024-03-07,2,rosewood,72.41
2024-03-07,3,mahogany,11.22
2024-03-07,3,maple,5.47
2024-03-07,3,rosewood,66.64
2024-03-08,1,mahogany,11.93
2024-03-08,1,maple,5.97
2024-03-08,1,rosewood,68.2
2024-03-08,2,mahogany,16.39
2024-03-08,2,maple,6.11
2024-03-08,2,rosewood,75.62
2024-03-08,3,mahogany,12.55
2024-03-08,3,maple,5.91
2024-03-08,3,rosewood,68.29
2024-03-09,1,mahogany,11.24
2024-03-09,1,maple,5.84
2024-03-09,1,rosewood,70.05
2024-03-09,2,mahogany,14.22
2024-03-09,2,maple,6.72
2024-03-09,2,rosewood,93.58
2024-03-09,3,mahogany,12.36
2024-03-09,3,maple,6.8
2024-03-09,3,rosewood,63.18
2024-03-10,1,mahogany,11.65
2024-03-10,1,maple,7.09
2024-03-10,1,rosewood,74.87
2024-03-10,2,mahogany,13.43
2024-03-10,2,maple,7.3
2024-03-10,2,rosewood,74.91
2024-03-10,3,mahogany,12.7
2024-03-10,3,maple,6.47
2024-03-10,3,rosewood,62.89
2024-03-11,1,mahogany,13.9
2024-03-11,1,maple,6.64
2024-03-11,1,rosewood,68.59
2024-03-11,2,mahogany,12.04
2024-03-11,2,maple,7.31
2024-03-11,2,rosewood,77.98
2024-03-11,3,mahogany,13.2
2024-03-11,3,maple,6.17
2024-03-11,3,rosewood,69.68
2024-03-12,1,mahogany,
2024-03-12,1,maple,5.5
2024-03-12,1,rosewood,60.8
2024-03-12,2,mahogany,11.3
2024-03-12,2,maple,5.16
2024-03-12,2,rosewood,88.97
2024-03-12,3,mahogany,13.51
2024-03-12,3,maple,6.74
2024-03-12,3,rosewood,67.14
2024-03-13,1,mahogany,10.88
2024-03-13,1,maple,5.31
2024-03-13,1,rosewood,77.75
2024-03-13,2,mahogany,13.56
2024-03-13,2,maple,6.17
2024-03-13,2,rosewood,75.87
2024-03-13,3,mahogany,12.31
2024-03-13,3,maple,6.53
2024-03-13,3,rosewood,64.07
2024-03-14,1,mahogany,11.28
2024-03-14,1,maple,5.17
2024-03-14,1,rosewood,72.22
2024-03-14,2,mahogany,10.66
2024-03-14,2,maple,6.2
2024-03-14,2,rosewood,72.88
2024-03-14,3,mahogany,11.17
2024-03-14,3,maple,5.45
2024-03-14,3,rosewood,71.4
2024-03-15,1,mahogany,12.48
2024-03-15,1,maple,6.81
2024-03-15,1,rosewood,70.68
2024-03-15,2,mahogany,13.52
2024-03-15,2,maple,6.88
2024-03-15,2,rosewood,58.19
2024-03-15,3,mahogany,12.22
2024-03-15,3,maple,6.63
2024-03-15,3,rosewood,73.42
2024-03-16,1,mahogany,11.69
2024-03-16,1,maple,6.25
2024-03-16,1,rosewood,65.62
2024-03-16,2,mahogany,13.69
2024-03-16,2,maple,6.8
2024-03-16,2,rosewood,72.29
2024-03-16,3,mahogany,12.35
2024-03-16,3,maple,5.97
2024-03-16,3,rosewood,61.23
2024-03-17,1,mahogany,11.45
2024-03-17,1,maple,6.95
2024-03-17,1,rosewood,73.19
2024-03-17,2,mahogany,15.55
2024-03-17,2,maple,5.38
2024-03-17,2,rosewood,64.38
2024-03-17,3,mahogany,11.74
2024-03-17,3,maple,6.27
2024-03-17,3,rosewood,74.66
2024-03-18,1,mahogany,12.36
2024-03-18,1,maple,5.54
2024-03-18,1,rosewood,63.09
2024-03-18,2,mahogany,15.64
2024-03-18,2,maple,6.81
2024-03-18,2,rosewood,77.74
2024-03-18,3,mahogany,12.58
2024-03-18,3,maple,6.33
2024-03-18,3,rosewood,60.96
2024-03-19,1,mahogany,11.51
2024-03-19,1,maple,6.74
2024-03-19,1,rosewood,63.88
2024-03-19,2,mahogany,11.91
2024-03-19,2,maple,6.49
2024-03-19,2,rosewood,84.78
2024-03-19,3,mahogany,11.97
2024-03-19,3,maple,6.43
2024-03-19,3,rosewood,62.87
2024-03-20,1,mahogany,11.35
2024-03-20,1,maple,6.16
2024-03-20,1,rosewood,73.97
2024-03-20,2,mahogany,13.23
2024-03-20,2,maple,8.76
2024-03-20,2,rosewood,72.78
2024-03-20,3,mahogany,12.4
2024-03-20,3,maple,6.38
2024-03-20,3,rosewood,70.65
2024-03-21,1,mahogany,12.06
2024-03-21,1,maple,5.74
2024-03-21,1,rosewood,70.16
2024-03-21,2,mahogany,12.48
2024-03-21,2,maple,8.73
2024-03-21,2,rosewood,68.8
2024-03-21,3,mahogany,9.97
2024-03-21,3,maple,6.28
2024-03-21,3,rosewood,71.67
2024-03-22,1,mahogany,12.29
2024-03-22,1,maple,4.67
2024-03-22,1,rosewood,71.64
2024-03-22,2,mahogany,15.37
2024-03-22,2,maple,7.57
2024-03-22,2,rosewood,69.73
2024-03-22,3,mahogany,13.99
2024-03-22,3,maple,6.32
2024-03-22,3,rosewood,66.93
2024-03-23,1,mahogany,11.62
2024-03-23,1,maple,5.97
2024-03-23,1,rosewood,70.9
2024-03-23,2,mahogany,12.51
2024-03-23,2,maple,6.9
2024-03-23,2,rosewood,96.03
2024-03-23,3,mahogany,12.37
2024-03-23,3,maple,6.74
2024-03-23,3,rosewood,75.57
2024-03-24,1,mahogany,11.91
2024-03-24,1,maple,6.1
2024-03-24,1,rosewood,69.02
2024-03-24,2,mahogany,
2024-03-24,2,maple,5.92
2024-03-24,2,rosewood,76.13
2024-03-24,3,mahogany,12.48
2024-03-24,3,maple,6.54
2024-03-24,3,rosewood,75.49
2024-03-25,1,mahogany,12.07
2024-03-25,1,maple,5.89
2024-03-25,1,rosewood,65.05
2024-03-25,2,mahogany,10.86
2024-03-25,2,maple,4.3
2024-03-25,2,rosewood,84.04
2024-03-25,3,mahogany,11.38
2024-03-25,3,maple,6.21
2024-03-25,3,rosewood,73.93
2024-03-26,1,mahogany,12.5
2024-03-26,1,maple,6.51
2024-03-26,1,rosewood,63.33
2024-03-26,2,mahogany,12.62
2024-03-26,2,maple,6.09
2024-03-26,2,rosewood,74.01
2024-03-26,3,mahogany,
2024-03-26,3,maple,5.85
2024-03-26,3,rosewood,76.03
2024-03-27,1,mahogany,12.9
2024-03-27,1,maple,6.69
2024-03-27,1,rosewood,71.58
2024-03-27,2,mahogany,11.17
2024-03-27,2,maple,7.37
2024-03-27,2,rosewood,64.15
2024-03-27,3,mahogany,12.18
2024-03-27,3,maple,6.12
2024-03-27,3,rosewood,71.3
2024-03-28,1,mahogany,14.38
2024-03-28,1,maple,5.79
2024-03-28,1,rosewood,75.2
2024-03-28,2,mahogany,13.9
2024-03-28,2,maple,7.0
2024-03-28,2,rosewood,77.96
2024-03-28,3,mahogany,12.29
2024-03-28,3,maple,5.38
2024-03-28,3,rosewood,57.82
2024-03-29,1,mahogany,11.73
2024-03-29,1,maple,5.94
2024-03-29,1,rosewood,62.49
2024-03-29,2,mahogany,14.21
2024-03-29,2,maple,6.28
2024-03-29,2,rosewood,75.11
2024-03-29,3,mahogany,12.99
2024-03-29,3,maple,6.62
2024-03-29,3,rosewood,69.73
2024-03-30,1,mahogany,10.91
2024-03-30,1,maple,6.3
2024-03-30,1,rosewood,66.35
2024-03-30,2,mahogany,13.43
2024-03-30,2,maple,7.12
2024-03-30,2,rosewood,52.23
2024-03-30,3,mahogany,12.58
2024-03-30,3,maple,6.41
2024-03-30,3,rosewood,73.74
2024-03-31,1,mahogany,11.96
2024-03-31,1,maple,6.09
2024-03-31,1,rosewood,77.21
2024-03-31,2,mahogany,11.71
2024-03-31,2,maple,5.32
2024-03-31,2,rosewood,76.86
2024-03-31,3,mahogany,12.37
2024-03-31,3,maple,6.26
2024-03-31,3,rosewood,64.29
2024-04-01,1,mahogany,12.85
2024-04-01,1,maple,5.66
2024-04-01,1,rosewood,67.55
2024-04-01,2,mahogany,10.97
2024-04-01,2,maple,4.48
2024-04-01,2,rosewood,54.38
2024-04-01,3,mahogany,13.96
2024-04-01,3,maple,6.83
2024-04-01,3,rosewood,65.46
2024-04-02,1,mahogany,14.41
2024-04-02,1,maple,5.95
2024-04-02,1,rosewood,80.42
2024-04-02,2,mahogany,16.04
2024-04-02,2,maple,7.18
2024-04-02,2,rosewood,66.45
2024-04-02,3,mahogany,12.33
2024-04-02,3,maple,6.02
2024-04-02,3,rosewood,69.15
2024-04-03,1,mahogany,13.67
2024-04-03,1,maple,5.74
2024-04-03,1,rosewood,59.55
2024-04-03,2,mahogany,12.86
2024-04-03,2,maple,6.99
2024-04-03,2,rosewood,68.59
2024-04-03,3,mahogany,12.76
2024-04-03,3,maple,6.85
2024-04-03,3,rosewood,57.79
2024-04-04,1,mahogany,10.78
2024-04-04,1,maple,5.51
2024-04-04,1,rosewood,67.04
2024-04-04,2,mahogany,13.95
2024-04-04,2,maple,6.02
2024-04-04,2,rosewood,55.54
2024-04-04,3,mahogany,13.01
2024-04-04,3,maple,5.98
2024-04-04,3,rosewood,68.47
2024-04-05,1,mahogany,13.96
2024-04-05,1,maple,5.79
2024-04-05,1,rosewood,72.63
2024-04-05,2,mahogany,13.16
2024-04-05,2,maple,6.57
2024-04-05,2,rosewood,62.06
2024-04-05,3,mahogany,11.61
2024-04-05,3,maple,5.83
2024-04-05,3,rosewood,63.44
2024-04-06,1,mahogany,11.66
2024-04-06,1,maple,6.09
2024-04-06,1,rosewood,70.57
2024-04-06,2,mahogany,10.38
2024-04-06,2,maple,6.52
2024-04-06,2,rosewood,77.75
2024-04-06,3,mahogany,10.94
2024-04-06,3,maple,5.99
2024-04-06,3,rosewood,73.05
2024-04-07,1,mahogany,10.93
2024-04-07,1,maple,6.33
2024-04-07,1,rosewood,69.8
2024-04-07,2,mahogany,11.7
2024-04-07,2,maple,5.95
2024-04-07,2,rosewood,83.05
2024-04-07,3,mahogany,15.16
2024-04-07,3,maple,6.1
2024-04-07,3,rosewood,69.44
2024-04-08,1,mahogany,12.1
2024-04-08,1,maple,5.68
2024-04-08,1,rosewood,67.49
2024-04-08,2,mahogany,16.27
2024-04-08,2,maple,6.48
2024-04-08,2,rosewood,64.74
2024-04-08,3,mahogany,11.85
2024-04-08,3,maple,5.85
2024-04-08,3,rosewood,69.26
2024-04-09,1,mahogany,13.8
2024-04-09,1,maple,5.94
2024-04-09,1,rosewood,61.25
2024-04-09,2,mahogany,12.39
2024-04-09,2,maple,5.78
2024-04-09,2,rosewood,62.19
2024-04-09,3,mahogany,12.49
2024-04-09,3,maple,6.9
2024-04-09,3,rosewood,65.37
2024-04-10,1,mahogany,10.34
2024-04-10,1,maple,6.19
2024-04-10,1,rosewood,76.65
2024-04-10,2,mahogany,13.51
2024-04-10,2,maple,6.92
2024-04-10,2,rosewood,63.55
2024-04-10,3,mahogany,12.17
2024-04-10,3,maple,6.05
2024-04-10,3,rosewood,63.19
2024-04-11,1,mahogany,12.59
2024-04-11,1,maple,6.1
2024-04-11,1,rosewood,77.91
2024-04-11,2,mahogany,14.65
2024-04-11,2,maple,7.81
2024-04-11,2,rosewood,59.97
2024-04-11,3,mahogany,
2024-04-11,3,maple,6.12
2024-04-11,3,rosewood,71.77
2024-04-12,1,mahogany,12.49
2024-04-12,1,maple,6.25
2024-04-12,1,rosewood,68.35
2024-04-12,2,mahogany,11.93
2024-04-12,2,maple,4.64
2024-04-12,2,rosewood,71.53
2024-04-12,3,mahogany,10.26
2024-04-12,3,maple,6.52
2024-04-12,3,rosewood,63.81
2024-04-13,1,mahogany,11.6
2024-04-13,1,maple,5.88
2024-04-13,1,rosewood,74.28
2024-04-13,2,mahogany,14.86
2024-04-13,2,maple,6.85
2024-04-13,2,rosewood,72.25
2024-04-13,3,mahogany,11.32
2024-04-13,3,maple,6.84
2024-04-13,3,rosewood,70.08
2024-04-14,1,mahogany,11.9
2024-04-14,1,maple,6.52
2024-04-14,1,rosewood,62.46
2024-04-14,2,mahogany,14.43
2024-04-14,2,maple,5.24
2024-04-14,2,rosewood,80.13
2024-04-14,3,mahogany,13.17
2024-04-14,3,maple,6.39
2024-04-14,3,rosewood,72.12
2024-04-15,1,mahogany,10.45
2024-04-15,1,maple,4.94
2024-04-15,1,rosewood,71.42
2024-04-15,2,mahogany,12.38
2024-04-15,2,maple,6.79
2024-04-15,2,rosewood,74.56
2024-04-15,3,mahogany,13.01
2024-04-15,3,maple,6.12
2024-04-15,3,rosewood,63.23
2024-04-16,1,mahogany,13.24
2024-04-16,1,maple,6.26
2024-04-16,1,rosewood,80.29
2024-04-16,2,mahogany,
2024-04-16,2,maple,7.23
2024-04-16,2,rosewood,55.61
2024-04-16,3,mahogany,13.45
2024-04-16,3,maple,7.11
2024-04-16,3,rosewood,67.87
2024-04-17,1,mahogany,11.98
2024-04-17,1,maple,6.11
2024-04-17,1,rosewood,76.51
2024-04-17,2,mahogany,13.0
2024-04-17,2,maple,7.08
2024-04-17,2,rosewood,79.46
2024-04-17,3,mahogany,15.19
2024-04-17,3,maple,6.99
2024-04-17,3,rosewood,66.47
2024-04-18,1,mahogany,14.25
2024-04-18,1,maple,5.52
2024-04-18,1,rosewood,64.32
2024-04-18,2,mahogany,13.97
2024-04-18,2,maple,8.52
2024-04-18,2,rosewood,70.78
2024-04-18,3,mahogany,12.54
2024-04-18,3,maple,7.1
2024-04-18,3,rosewood,64.26
2024-04-19,1,mahogany,10.82
2024-04-19,1,maple,5.86
2024-04-19,1,rosewood,66.12
2024-04-19,2,mahogany,13.35
2024-04-19,2,maple,5.32
2024-04-19,2,rosewood,70.5
2024-04-19,3,mahogany,
2024-04-19,3,maple,6.25
2024-04-19,3,rosewood,66.68
2024-04-20,1,mahogany,11.39
2024-04-20,1,maple,5.13
2024-04-20,1,rosewood,70.64
2024-04-20,2,mahogany,10.84
2024-04-20,2,maple,6.74
2024-04-20,2,rosewood,72.48
2024-04-20,3,mahogany,13.58
2024-04-20,3,maple,6.05
2024-04-20,3,rosewood,64.74
2024-04-21,1,mahogany,12.97
2024-04-21,1,maple,5.98
2024-04-21,1,rosewood,75.16
2024-04-21,2,mahogany,11.48
2024-04-21,2,maple,
2024-04-21,2,rosewood,74.22
2024-04-21,3,mahogany,11.89
2024-04-21,3,maple,5.83
2024-04-21,3,rosewood,56.01
2024-04-22,1,mahogany,13.66
2024-04-22,1,maple,5.82
2024-04-22,1,rosewood,72.87
2024-04-22,2,mahogany,12.18
2024-04-22,2,maple,6.4
2024-04-22,2,rosewood,72.92
2024-04-22,3,mahogany,13.45
2024-04-22,3,maple,6.39
2024-04-22,3,rosewood,61.96
2024-04-23,1,mahogany,
2024-04-23,1,maple,6.12
2024-04-23,1,rosewood,85.0
2024-04-23,2,mahogany,
2024-04-23,2,maple,6.04
2024-04-23,2,rosewood,86.04
2024-04-23,3,mahogany,11.63
2024-04-23,3,maple,5.93
2024-04-23,3,rosewood,78.29
2024-04-24,1,mahogany,13.13
2024-04-24,1,maple,5.73
2024-04-24,1,rosewood,71.62
2024-04-24,2,mahogany,12.99
2024-04-24,2,maple,4.78
2024-04-24,2,rosewood,85.07
2024-04-24,3,mahogany,11.51
2024-04-24,3,maple,6.99
2024-04-24,3,rosewood,62.93
2024-04-25,1,mahogany,11.69
2024-04-25,1,maple,5.36
2024-04-25,1,rosewood,76.79
2024-04-25,2,mahogany,14.31
2024-04-25,2,maple,8.01
2024-04-25,2,rosewood,72.52
2024-04-25,3,mahogany,12.78
2024-04-25,3,maple,6.01
2024-04-25,3,rosewood,68.24
2024-04-26,1,mahogany,11.69
2024-04-26,1,maple,6.01
2024-04-26,1,rosewood,68.55
2024-04-26,2,mahogany,15.5
2024-04-26,2,maple,6.41
2024-04-26,2,rosewood,75.23
2024-04-26,3,mahogany,10.96
2024-04-26,3,maple,5.51
2024-04-26,3,rosewood,69.33
2024-04-27,1,mahogany,10.94
2024-04-27,1,maple,5.95
2024-04-27,1,rosewood,76.88
2024-04-27,2,mahogany,12.18
2024-04-27,2,maple,6.06
2024-04-27,2,rosewood,52.07
2024-04-27,3,mahogany,13.25
2024-04-27,3,maple,7.29
2024-04-27,3,rosewood,63.14
2024-04-28,1,mahogany,13.22
2024-04-28,1,maple,7.04
2024-04-28,1,rosewood,67.39
2024-04-28,2,mahogany,12.3
2024-04-28,2,maple,6.76
2024-04-28,2,rosewood,91.45
2024-04-28,3,mahogany,12.14
2024-04-28,3,maple,6.39
2024-04-28,3,rosewood,67.58
2024-04-29,1,mahogany,10.94
2024-04-29,1,maple,6.18
2024-04-29,1,rosewood,75.86
2024-04-29,2,mahogany,11.38
2024-04-29,2,maple,7.8
2024-04-29,2,rosewood,83.99
2024-04-29,3,mahogany,12.72
2024-04-29,3,maple,6.51
2024-04-29,3,rosewood,71.87
2024-04-30,1,mahogany,11.91
2024-04-30,1,maple,5.98
2024-04-30,1,rosewood,73.32
2024-04-30,2,mahogany,6.99
2024-04-30,2,maple,
2024-04-30,2,rosewood,84.72
2024-04-30,3,mahogany,13.45
2024-04-30,3,maple,5.76
2024-04-30,3,rosewood,60.52
2024-05-01,1,mahogany,13.06
2024-05-01,1,maple,6.31
2024-05-01,1,rosewood,
2024-05-01,2,mahogany,11.3
2024-05-01,2,maple,6.92
2024-05-01,2,rosewood,85.43
2024-05-01,3,mahogany,13.21
2024-05-01,3,maple,6.24
2024-05-01,3,rosewood,63.29
2024-05-02,1,mahogany,11.43
2024-05-02,1,maple,5.98
2024-05-02,1,rosewood,59.4
2024-05-02,2,mahogany,
2024-05-02,2,maple,6.72
2024-05-02,2,rosewood,71.09
2024-05-02,3,mahogany,12.58
2024-05-02,3,maple,5.75
2024-05-02,3,rosewood,63.94
2024-05-03,1,mahogany,11.94
2024-05-03,1,maple,6.4
2024-05-03,1,rosewood,61.37
2024-05-03,2,mahogany,12.25
2024-05-03,2,maple,7.79
2024-05-03,2,rosewood,59.25
2024-05-03,3,mahogany,9.48
2024-05-03,3,maple,6.34
2024-05-03,3,rosewood,69.38
2024-05-04,1,mahogany,11.6
2024-05-04,1,maple,6.29
2024-05-04,1,rosewood,72.83
2024-05-04,2,mahogany,11.11
2024-05-04,2,maple,7.35
2024-05-04,2,rosewood,76.54
2024-05-04,3,mahogany,11.55
2024-05-04,3,maple,5.94
2024-05-04,3,rosewood,68.27
2024-05-05,1,mahogany,11.23
2024-05-05,1,maple,6.61
2024-05-05,1,rosewood,74.08
2024-05-05,2,mahogany,11.58
2024-05-05,2,maple,7.32
2024-05-05,2,rosewood,71.6
2024-05-05,3,mahogany,12.77
2024-05-05,3,maple,5.96
2024-05-05,3,rosewood,76.14
2024-05-06,1,mahogany,
2024-05-06,1,maple,6.51
2024-05-06,1,rosewood,71.07
2024-05-06,2,mahogany,12.63
2024-05-06,2,maple,5.94
2024-05-06,2,rosewood,69.75
2024-05-06,3,mahogany,12.36
2024-05-06,3,maple,6.02
2024-05-06,3,rosewood,60.07
2024-05-07,1,mahogany,9.79
2024-05-07,1,maple,5.79
2024-05-07,1,rosewood,69.17
2024-05-07,2,mahogany,11.76
2024-05-07,2,maple,6.98
2024-05-07,2,rosewood,70.23
2024-05-07,3,mahogany,12.87
2024-05-07,3,maple,5.88
2024-05-07,3,rosewood,65.8
2024-05-08,1,mahogany,13.16
2024-05-08,1,maple,5.36
2024-05-08,1,rosewood,71.08
2024-05-08,2,mahogany,12.22
2024-05-08,2,maple,6.57
2024-05-08,2,rosewood,62.59
2024-05-08,3,mahogany,12.27
2024-05-08,3,maple,5.75
2024-05-08,3,rosewood,81.64
2024-05-09,1,mahogany,
2024-05-09,1,maple,6.43
2024-05-09,1,rosewood,81.3
2024-05-09,2,mahogany,12.91
2024-05-09,2,maple,6.94
2024-05-09,2,rosewood,73.35
2024-05-09,3,mahogany,
2024-05-09,3,maple,6.13
2024-05-09,3,rosewood,69.19
2024-05-10,1,mahogany,
2024-05-10,1,maple,6.09
2024-05-10,1,rosewood,78.67
2024-05-10,2,mahogany,
2024-05-10,2,maple,6.69
2024-05-10,2,rosewood,73.7
2024-05-10,3,mahogany,12.67
2024-05-10,3,maple,6.37
2024-05-10,3,rosewood,59.14
2024-05-11,1,mahogany,11.24
2024-05-11,1,maple,5.98
2024-05-11,1,rosewood,60.8
2024-05-11,2,mahogany,13.51
2024-05-11,2,maple,6.58
2024-05-11,2,rosewood,66.24
2024-05-11,3,mahogany,11.9
2024-05-11,3,maple,6.45
2024-05-11,3,rosewood,76.0
2024-05-12,1,mahogany,10.77
2024-05-12,1,maple,6.82
2024-05-12,1,rosewood,73.58
2024-05-12,2,mahogany,12.06
2024-05-12,2,maple,6.24
2024-05-12,2,rosewood,74.81
2024-05-12,3,mahogany,
2024-05-12,3,maple,5.71
2024-05-12,3,rosewood,67.2
2024-05-13,1,mahogany,12.07
2024-05-13,1,maple,5.22
2024-05-13,1,rosewood,74.71
2024-05-13,2,mahogany,11.34
2024-05-13,2,maple,5.2
2024-05-13,2,rosewood,70.44
2024-05-13,3,mahogany,12.07
2024-05-13,3,maple,6.54
2024-05-13,3,rosewood,59.11
2024-05-14,1,mahogany,12.53
2024-05-14,1,maple,6.13
2024-05-14,1,rosewood,66.29
2024-05-14,2,mahogany,12.55
2024-05-14,2,maple,7.08
2024-05-14,2,rosewood,72.37
2024-05-14,3,mahogany,11.26
2024-05-14,3,maple,6.95
2024-05-14,3,rosewood,74.62
2024-05-15,1,mahogany,12.05
2024-05-15,1,maple,
2024-05-15,1,rosewood,
2024-05-15,2,mahogany,15.43
2024-05-15,2,maple,5.37
2024-05-15,2,rosewood,79.63
2024-05-15,3,mahogany,12.03
2024-05-15,3,maple,6.38
2024-05-15,3,rosewood,79.79
2024-05-16,1,mahogany,11.81
2024-05-16,1,maple,6.4
2024-05-16,1,rosewood,68.99
2024-05-16,2,mahogany,
2024-05-16,2,maple,5.29
2024-05-16,2,rosewood,56.48
2024-05-16,3,mahogany,12.6
2024-05-16,3,maple,6.54
2024-05-16,3,rosewood,70.29
2024-05-17,1,mahogany,10.47
2024-05-17,1,maple,5.67
2024-05-17,1,rosewood,66.65
2024-05-17,2,mahogany,
2024-05-17,2,maple,6.17
2024-05-17,2,rosewood,80.54
2024-05-17,3,mahogany,14.48
2024-05-17,3,maple,5.47
2024-05-17,3,rosewood,62.97
2024-05-18,1,mahogany,10.72
2024-05-18,1,maple,5.93
2024-05-18,1,rosewood,75.16
2024-05-18,2,mahogany,13.27
2024-05-18,2,maple,5.31
2024-05-18,2,rosewood,69.51
2024-05-18,3,mahogany,12.94
2024-05-18,3,maple,6.26
2024-05-18,3,rosewood,71.96
2024-05-19,1,mahogany,11.57
2024-05-19,1,maple,6.5
2024-05-19,1,rosewood,64.67
2024-05-19,2,mahogany,13.29
2024-05-19,2,maple,6.08
2024-05-19,2,rosewood,72.53
2024-05-19,3,mahogany,11.82
2024-05-19,3,maple,6.27
2024-05-19,3,rosewood,61.88
2024-05-20,1,mahogany,10.96
2024-05-20,1,maple,
2024-05-20,1,rosewood,76.82
2024-05-20,2,mahogany,14.04
2024-05-20,2,maple,7.67
2024-05-20,2,rosewood,63.11
2024-05-20,3,mahogany,13.28
2024-05-20,3,maple,6.12
2024-05-20,3,rosewood,64.61
2024-05-21,1,mahogany,13.46
2024-05-21,1,maple,6.06
2024-05-21,1,rosewood,65.47
2024-05-21,2,mahogany,13.57
2024-05-21,2,maple,6.66
2024-05-21,2,rosewood,56.75
2024-05-21,3,mahogany,13.29
2024-05-21,3,maple,6.27
2024-05-21,3,rosewood,62.59
2024-05-22,1,mahogany,13.12
2024-05-22,1,maple,6.52
2024-05-22,1,rosewood,76.09
2024-05-22,2,mahogany,14.23
2024-05-22,2,maple,6.04
2024-05-22,2,rosewood,61.91
2024-05-22,3,mahogany,12.94
2024-05-22,3,maple,6.64
2024-05-22,3,rosewood,67.89
2024-05-23,1,mahogany,12.7
2024-05-23,1,maple,6.36
2024-05-23,1,rosewood,74.75
2024-05-23,2,mahogany,
2024-05-23,2,maple,6.5
2024-05-23,2,rosewood,78.26
2024-05-23,3,mahogany,12.69
2024-05-23,3,maple,6.91
2024-05-23,3,rosewood,78.1
2024-05-24,1,mahogany,12.07
2024-05-24,1,maple,6.14
2024-05-24,1,rosewood,77.77
2024-05-24,2,mahogany,11.6
2024-05-24,2,maple,5.75
2024-05-24,2,rosewood,84.64
2024-05-24,3,mahogany,13.12
2024-05-24,3,maple,6.86
2024-05-24,3,rosewood,69.36
2024-05-25,1,mahogany,
2024-05-25,1,maple,6.05
2024-05-25,1,rosewood,66.42
2024-05-25,2,mahogany,9.65
2024-05-25,2,maple,7.61
2024-05-25,2,rosewood,67.9
2024-05-25,3,mahogany,10.79
2024-05-25,3,maple,6.17
2024-05-25,3,rosewood,64.81
2024-05-26,1,mahogany,13.14
2024-05-26,1,maple,6.74
2024-05-26,1,rosewood,67.68
2024-05-26,2,mahogany,12.99
2024-05-26,2,maple,5.32
2024-05-26,2,rosewood,74.37
2024-05-26,3,mahogany,14.01
2024-05-26,3,maple,5.94
2024-05-26,3,rosewood,61.66
2024-05-27,1,mahogany,10.36
2024-05-27,1,maple,5.14
2024-05-27,1,rosewood,69.28
2024-05-27,2,mahogany,11.15
2024-05-27,2,maple,6.74
2024-05-27,2,rosewood,67.84
2024-05-27,3,mahogany,12.23
2024-05-27,3,maple,5.6
2024-05-27,3,rosewood,
2024-05-28,1,mahogany,12.85
2024-05-28,1,maple,6.6
2024-05-28,1,rosewood,75.68
2024-05-28,2,mahogany,14.41
2024-05-28,2,maple,6.83
2024-05-28,2,rosewood,79.39
2024-05-28,3,mahogany,12.84
2024-05-28,3,maple,6.77
2024-05-28,3,rosewood,74.39
2024-05-29,1,mahogany,
2024-05-29,1,maple,5.84
2024-05-29,1,rosewood,60.91
2024-05-29,2,mahogany,13.56
2024-05-29,2,maple,5.62
2024-05-29,2,rosewood,73.38
2024-05-29,3,mahogany,12.33
2024-05-29,3,maple,6.18
2024-05-29,3,rosewood,72.45
2024-05-30,1,mahogany,13.76
2024-05-30,1,maple,6.7
2024-05-30,1,rosewood,67.18
2024-05-30,2,mahogany,12.99
2024-05-30,2,maple,5.92
2024-05-30,2,rosewood,64.51
2024-05-30,3,mahogany,14.21
2024-05-30,3,maple,6.1
2024-05-30,3,rosewood,70.09
2024-05-31,1,mahogany,12.46
2024-05-31,1,maple,5.3
2024-05-31,1,rosewood,71.16
2024-05-31,2,mahogany,11.07
2024-05-31,2,maple,6.61
2024-05-31,2,rosewood,84.94
2024-05-31,3,mahogany,14.86
2024-05-31,3,maple,6.4
2024-05-31,3,rosewood,71.83
2024-06-01,1,mahogany,10.67
2024-06-01,1,maple,6.35
2024-06-01,1,rosewood,81.16
2024-06-01,2,mahogany,11.06
2024-06-01,2,maple,6.13
2024-06-01,2,rosewood,55.08
2024-06-01,3,mahogany,11.81
2024-06-01,3,maple,6.25
2024-06-01,3,rosewood,69.19
2024-06-02,1,mahogany,11.62
2024-06-02,1,maple,5.65
2024-06-02,1,rosewood,67.24
2024-06-02,2,mahogany,
2024-06-02,2,maple,7.32
2024-06-02,2,rosewood,77.3
2024-06-02,3,mahogany,12.17
2024-06-02,3,maple,5.94
2024-06-02,3,rosewood,84.28
2024-06-03,1,mahogany,13.24
2024-06-03,1,maple,6.24
2024-06-03,1,rosewood,73.06
2024-06-03,2,mahogany,10.35
2024-06-03,2,maple,5.31
2024-06-03,2,rosewood,84.93
2024-06-03,3,mahogany,10.36
2024-06-03,3,maple,6.46
2024-06-03,3,rosewood,72.49
2024-06-04,1,mahogany,11.61
2024-06-04,1,maple,6.79
2024-06-04,1,rosewood,64.47
2024-06-04,2,mahogany,13.5
2024-06-04,2,maple,7.5
2024-06-04,2,rosewood,83.42
2024-06-04,3,mahogany,11.79
2024-06-04,3,maple,5.62
2024-06-04,3,rosewood,81.33
2024-06-05,1,mahogany,12.42
2024-06-05,1,maple,5.31
2024-06-05,1,rosewood,66.84
2024-06-05,2,mahogany,8.58
2024-06-05,2,maple,7.91
2024-06-05,2,rosewood,85.2
2024-06-05,3,mahogany,13.56
2024-06-05,3,maple,6.76
2024-06-05,3,rosewood,66.37
2024-06-06,1,mahogany,12.24
2024-06-06,1,maple,5.54
2024-06-06,1,rosewood,72.43
2024-06-06,2,mahogany,10.99
2024-06-06,2,maple,6.63
2024-06-06,2,rosewood,58.61
2024-06-06,3,mahogany,
2024-06-06,3,maple,6.23
2024-06-06,3,rosewood,63.42
2024-06-07,1,mahogany,10.89
2024-06-07,1,maple,
2024-06-07,1,rosewood,74.69
2024-06-07,2,mahogany,13.18
2024-06-07,2,maple,6.91
2024-06-07,2,rosewood,71.34
2024-06-07,3,mahogany,13.93
2024-06-07,3,maple,6.2
2024-06-07,3,rosewood,73.42
2024-06-08,1,mahogany,11.71
2024-06-08,1,maple,6.46
2024-06-08,1,rosewood,71.07
2024-06-08,2,mahogany,
2024-06-08,2,maple,6.07
2024-06-08,2,rosewood,54.17
2024-06-08,3,mahogany,13.12
2024-06-08,3,maple,5.94
2024-06-08,3,rosewood,66.64
2024-06-09,1,mahogany,12.88
2024-06-09,1,maple,6.63
2024-06-09,1,rosewood,
2024-06-09,2,mahogany,12.12
2024-06-09,2,maple,6.59
2024-06-09,2,rosewood,66.19
2024-06-09,3,mahogany,12.58
2024-06-09,3,maple,6.6
2024-06-09,3,rosewood,72.08
2024-06-10,1,mahogany,12.38
2024-06-10,1,maple,5.56
2024-06-10,1,rosewood,67.52
2024-06-10,2,mahogany,11.6
2024-06-10,2,maple,7.11
2024-06-10,2,rosewood,89.06
2024-06-10,3,mahogany,14.36
2024-06-10,3,maple,6.8
2024-06-10,3,rosewood,62.12
2024-06-11,1,mahogany,12.9
2024-06-11,1,maple,5.61
2024-06-11,1,rosewood,66.15
2024-06-11,2,mahogany,10.8
2024-06-11,2,maple,8.03
2024-06-11,2,rosewood,67.04
2024-06-11,3,mahogany,13.35
2024-06-11,3,maple,6.34
2024-06-11,3,rosewood,70.73
2024-06-12,1,mahogany,12.57
2024-06-12,1,maple,5.51
2024-06-12,1,rosewood,74.75
2024-06-12,2,mahogany,10.19
2024-06-12,2,maple,5.71
2024-06-12,2,rosewood,89.03
2024-06-12,3,mahogany,12.17
2024-06-12,3,maple,6.5
2024-06-12,3,rosewood,60.7
2024-06-13,1,mahogany,13.13
2024-06-13,1,maple,6.32
2024-06-13,1,rosewood,68.36
2024-06-13,2,mahogany,13.38
2024-06-13,2,maple,5.17
2024-06-13,2,rosewood,81.94
2024-06-13,3,mahogany,13.11
2024-06-13,3,maple,5.74
2024-06-13,3,rosewood,66.24
2024-06-14,1,mahogany,12.3
2024-06-14,1,maple,6.7
2024-06-14,1,rosewood,73.48
2024-06-14,2,mahogany,14.99
2024-06-14,2,maple,7.61
2024-06-14,2,rosewood,95.23
2024-06-14,3,mahogany,14.13
2024-06-14,3,maple,7.13
2024-06-14,3,rosewood,77.49
2024-06-15,1,mahogany,11.47
2024-06-15,1,maple,6.33
2024-06-15,1,rosewood,70.89
2024-06-15,2,mahogany,13.67
2024-06-15,2,maple,7.44
2024-06-15,2,rosewood,94.56
2024-06-15,3,mahogany,11.99
2024-06-15,3,maple,7.23
2024-06-15,3,rosewood,67.6
2024-06-16,1,mahogany,11.21
2024-06-16,1,maple,5.74
2024-06-16,1,rosewood,73.15
2024-06-16,2,mahogany,10.85
2024-06-16,2,maple,7.1
2024-06-16,2,rosewood,88.04
2024-06-16,3,mahogany,11.52
2024-06-16,3,maple,7.78
2024-06-16,3,rosewood,58.29
2024-06-17,1,mahogany,12.49
2024-06-17,1,maple,5.11
2024-06-17,1,rosewood,76.23
2024-06-17,2,mahogany,
2024-06-17,2,maple,6.8
2024-06-17,2,rosewood,66.13
2024-06-17,3,mahogany,11.37
2024-06-17,3,maple,6.56
2024-06-17,3,rosewood,71.07
2024-06-18,1,mahogany,11.14
2024-06-18,1,maple,6.1
2024-06-18,1,rosewood,74.59
2024-06-18,2,mahogany,12.16
2024-06-18,2,maple,6.16
2024-06-18,2,rosewood,77.72
2024-06-18,3,mahogany,12.81
2024-06-18,3,maple,5.92
2024-06-18,3,rosewood,66.54
2024-06-19,1,mahogany,10.22
2024-06-19,1,maple,5.86
2024-06-19,1,rosewood,60.47
2024-06-19,2,mahogany,11.63
2024-06-19,2,maple,6.16
2024-06-19,2,rosewood,70.44
2024-06-19,3,mahogany,12.04
2024-06-19,3,maple,6.34
2024-06-19,3,rosewood,65.2
2024-06-20,1,mahogany,11.02
2024-06-20,1,maple,5.96
2024-06-20,1,rosewood,65.25
2024-06-20,2,mahogany,12.94
2024-06-20,2,maple,5.63
2024-06-20,2,rosewood,59.19
2024-06-20,3,mahogany,13.28
2024-06-20,3,maple,5.31
2024-06-20,3,rosewood,65.3
2024-06-21,1,mahogany,10.75
2024-06-21,1,maple,4.81
2024-06-21,1,rosewood,76.33
2024-06-21,2,mahogany,13.78
2024-06-21,2,maple,6.36
2024-06-21,2,rosewood,83.06
2024-06-21,3,mahogany,12.45
2024-06-21,3,maple,7.1
2024-06-21,3,rosewood,72.82
2024-06-22,1,mahogany,11.57
2024-06-22,1,maple,6.75
2024-06-22,1,rosewood,68.47
2024-06-22,2,mahogany,12.99
2024-06-22,2,maple,5.45
2024-06-22,2,rosewood,61.26
2024-06-22,3,mahogany,13.16
2024-06-22,3,maple,5.8
2024-06-22,3,rosewood,69.72
2024-06-23,1,mahogany,11.02
2024-06-23,1,maple,5.61
2024-06-23,1,rosewood,72.13
2024-06-23,2,mahogany,12.14
2024-06-23,2,maple,7.77
2024-06-23,2,rosewood,68.85
2024-06-23,3,mahogany,13.68
2024-06-23,3,maple,6.35
2024-06-23,3,rosewood,61.29
2024-06-24,1,mahogany,12.61
2024-06-24,1,maple,5.55
2024-06-24,1,rosewood,
2024-06-24,2,mahogany,10.84
2024-06-24,2,maple,6.03
2024-06-24,2,rosewood,79.07
2024-06-24,3,mahogany,12.47
2024-06-24,3,maple,5.8
2024-06-24,3,rosewood,62.2
2024-06-25,1,mahogany,11.26
2024-06-25,1,maple,4.84
2024-06-25,1,rosewood,58.12
2024-06-25,2,mahogany,16.14
2024-06-25,2,maple,5.32
2024-06-25,2,rosewood,86.59
2024-06-25,3,mahogany,12.13
2024-06-25,3,maple,5.95
2024-06-25,3,rosewood,61.21
2024-06-26,1,mahogany,11.94
2024-06-26,1,maple,6.4
2024-06-26,1,rosewood,70.32
2024-06-26,2,mahogany,11.54
2024-06-26,2,maple,6.59
2024-06-26,2,rosewood,69.86
2024-06-26,3,mahogany,11.93
2024-06-26,3,maple,6.41
2024-06-26,3,rosewood,65.08
2024-06-27,1,mahogany,10.79
2024-06-27,1,maple,5.69
2024-06-27,1,rosewood,72.01
2024-06-27,2,mahogany,13.89
2024-06-27,2,maple,6.74
2024-06-27,2,rosewood,90.44
2024-06-27,3,mahogany,12.64
2024-06-27,3,maple,6.5
2024-06-27,3,rosewood,68.5
2024-06-28,1,mahogany,10.74
2024-06-28,1,maple,6.53
2024-06-28,1,rosewood,71.86
2024-06-28,2,mahogany,13.5
2024-06-28,2,maple,7.46
2024-06-28,2,rosewood,89.82
2024-06-28,3,mahogany,11.9
2024-06-28,3,maple,6.14
2024-06-28,3,rosewood,72.97
2024-06-29,1,mahogany,11.45
2024-06-29,1,maple,6.28
2024-06-29,1,rosewood,68.93
2024-06-29,2,mahogany,
2024-06-29,2,maple,5.61
2024-06-29,2,rosewood,77.52
2024-06-29,3,mahogany,10.85
2024-06-29,3,maple,6.25
2024-06-29,3,rosewood,71.99
2024-06-30,1,mahogany,12.73
2024-06-30,1,maple,6.24
2024-06-30,1,rosewood,73.91
2024-06-30,2,mahogany,
2024-06-30,2,maple,5.75
2024-06-30,2,rosewood,92.75
2024-06-30,3,mahogany,13.64
2024-06-30,3,maple,5.7
2024-06-30,3,rosewood,64.39
2024-07-01,1,mahogany,10.85
2024-07-01,1,maple,6.13
2024-07-01,1,rosewood,66.81
2024-07-01,2,mahogany,13.96
2024-07-01,2,maple,5.12
2024-07-01,2,rosewood,75.72
2024-07-01,3,mahogany,11.49
2024-07-01,3,maple,6.68
2024-07-01,3,rosewood,74.35
2024-07-02,1,mahogany,13.81
2024-07-02,1,maple,6.36
2024-07-02,1,rosewood,72.61
2024-07-02,2,mahogany,
2024-07-02,2,maple,7.12
2024-07-02,2,rosewood,90.38
2024-07-02,3,mahogany,13.1
2024-07-02,3,maple,5.77
2024-07-02,3,rosewood,67.76
2024-07-03,1,mahogany,12.23
2024-07-03,1,maple,5.87
2024-07-03,1,rosewood,59.32
2024-07-03,2,mahogany,
2024-07-03,2,maple,5.84
2024-07-03,2,rosewood,58.51
2024-07-03,3,mahogany,12.27
2024-07-03,3,maple,5.32
2024-07-03,3,rosewood,73.07
2024-07-04,1,mahogany,9.73
2024-07-04,1,maple,5.78
2024-07-04,1,rosewood,63.96
2024-07-04,2,mahogany,
2024-07-04,2,maple,6.06
2024-07-04,2,rosewood,69.77
2024-07-04,3,mahogany,13.05
2024-07-04,3,maple,6.04
2024-07-04,3,rosewood,73.76
2024-07-05,1,mahogany,12.08
2024-07-05,1,maple,6.17
2024-07-05,1,rosewood,56.07
2024-07-05,2,mahogany,11.27
2024-07-05,2,maple,8.27
2024-07-05,2,rosewood,79.77
2024-07-05,3,mahogany,12.77
2024-07-05,3,maple,5.8
2024-07-05,3,rosewood,66.07
2024-07-06,1,mahogany,11.26
2024-07-06,1,maple,6.15
2024-07-06,1,rosewood,72.39
2024-07-06,2,mahogany,11.96
2024-07-06,2,maple,5.92
2024-07-06,2,rosewood,68.72
2024-07-06,3,mahogany,12.7
2024-07-06,3,maple,6.41
2024-07-06,3,rosewood,65.4
2024-07-07,1,mahogany,10.37
2024-07-07,1,maple,6.1
2024-07-07,1,rosewood,71.26
2024-07-07,2,mahogany,13.8
2024-07-07,2,maple,8.52
2024-07-07,2,rosewood,78.26
2024-07-07,3,mahogany,12.2
2024-07-07,3,maple,6.39
2024-07-07,3,rosewood,65.95
2024-07-08,1,mahogany,13.05
2024-07-08,1,maple,6.27
2024-07-08,1,rosewood,67.35
2024-07-08,2,mahogany,9.09
2024-07-08,2,maple,7.37
2024-07-08,2,rosewood,73.61
2024-07-08,3,mahogany,12.92
2024-07-08,3,maple,6.77
2024-07-08,3,rosewood,70.51
2024-07-09,1,mahogany,11.17
2024-07-09,1,maple,6.37
2024-07-09,1,rosewood,79.24
2024-07-09,2,mahogany,14.51
2024-07-09,2,maple,7.08
2024-07-09,2,rosewood,62.53
2024-07-09,3,mahogany,10.25
2024-07-09,3,maple,6.88
2024-07-09,3,rosewood,75.6
2024-07-10,1,mahogany,11.4
2024-07-10,1,maple,5.52
2024-07-10,1,rosewood,
2024-07-10,2,mahogany,12.08
2024-07-10,2,maple,6.31
2024-07-10,2,rosewood,69.32
2024-07-10,3,mahogany,11.91
2024-07-10,3,maple,6.2
2024-07-10,3,rosewood,65.2
2024-07-11,1,mahogany,11.79
2024-07-11,1,maple,
2024-07-11,1,rosewood,69.5
2024-07-11,2,mahogany,12.43
2024-07-11,2,maple,5.04
2024-07-11,2,rosewood,78.25
2024-07-11,3,mahogany,12.26
2024-07-11,3,maple,6.64
2024-07-11,3,rosewood,73.97
2024-07-12,1,mahogany,11.6
2024-07-12,1,maple,6.25
2024-07-12,1,rosewood,66.93
2024-07-12,2,mahogany,
2024-07-12,2,maple,7.46
2024-07-12,2,rosewood,70.82
2024-07-12,3,mahogany,9.59
2024-07-12,3,maple,6.06
2024-07-12,3,rosewood,60.25
2024-07-13,1,mahogany,11.98
2024-07-13,1,maple,5.63
2024-07-13,1,rosewood,72.55
2024-07-13,2,mahogany,15.68
2024-07-13,2,maple,5.86
2024-07-13,2,rosewood,91.19
2024-07-13,3,mahogany,11.64
2024-07-13,3,maple,6.51
2024-07-13,3,rosewood,65.34
2024-07-14,1,mahogany,11.39
2024-07-14,1,maple,5.22
2024-07-14,1,rosewood,72.89
2024-07-14,2,mahogany,14.32
2024-07-14,2,maple,5.94
2024-07-14,2,rosewood,88.72
2024-07-14,3,mahogany,13.39
2024-07-14,3,maple,7.16
2024-07-14,3,rosewood,79.93
2024-07-15,1,mahogany,11.24
2024-07-15,1,maple,6.29
2024-07-15,1,rosewood,59.45
2024-07-15,2,mahogany,14.24
2024-07-15,2,maple,7.18
2024-07-15,2,rosewood,81.74
2024-07-15,3,mahogany,11.78
2024-07-15,3,maple,6.02
2024-07-15,3,rosewood,72.15
2024-07-16,1,mahogany,13.48
2024-07-16,1,maple,6.39
2024-07-16,1,rosewood,75.14
2024-07-16,2,mahogany,11.06
2024-07-16,2,maple,7.96
2024-07-16,2,rosewood,82.1
2024-07-16,3,mahogany,12.78
2024-07-16,3,maple,5.76
2024-07-16,3,rosewood,62.38
2024-07-17,1,mahogany,13.1
2024-07-17,1,maple,5.72
2024-07-17,1,rosewood,
2024-07-17,2,mahogany,
2024-07-17,2,maple,4.78
2024-07-17,2,rosewood,63.58
2024-07-17,3,mahogany,14.41
2024-07-17,3,maple,6.75
2024-07-17,3,rosewood,60.08
2024-07-18,1,mahogany,12.04
2024-07-18,1,maple,6.39
2024-07-18,1,rosewood,60.66
2024-07-18,2,mahogany,14.49
2024-07-18,2,maple,5.75
2024-07-18,2,rosewood,85.73
2024-07-18,3,mahogany,12.61
2024-07-18,3,maple,6.33
2024-07-18,3,rosewood,66.45
2024-07-19,1,mahogany,
2024-07-19,1,maple,6.05
2024-07-19,1,rosewood,76.65
2024-07-19,2,mahogany,
2024-07-19,2,maple,8.03
2024-07-19,2,rosewood,81.86
2024-07-19,3,mahogany,14.44
2024-07-19,3,maple,6.37
2024-07-19,3,rosewood,70.7
2024-07-20,1,mahogany,12.73
2024-07-20,1,maple,6.28
2024-07-20,1,rosewood,
2024-07-20,2,mahogany,14.69
2024-07-20,2,maple,6.81
2024-07-20,2,rosewood,65.85
2024-07-20,3,mahogany,12.53
2024-07-20,3,maple,5.47
2024-07-20,3,rosewood,75.48
2024-07-21,1,mahogany,11.21
2024-07-21,1,maple,5.78
2024-07-21,1,rosewood,77.94
2024-07-21,2,mahogany,7.84
2024-07-21,2,maple,6.16
2024-07-21,2,rosewood,85.57
2024-07-21,3,mahogany,13.71
2024-07-21,3,maple,6.82
2024-07-21,3,rosewood,61.91
2024-07-22,1,mahogany,12.16
2024-07-22,1,maple,6.44
2024-07-22,1,rosewood,74.59
2024-07-22,2,mahogany,10.28
2024-07-22,2,maple,7.11
2024-07-22,2,rosewood,96.85
2024-07-22,3,mahogany,11.49
2024-07-22,3,maple,6.22
2024-07-22,3,rosewood,61.53
2024-07-23,1,mahogany,12.03
2024-07-23,1,maple,5.47
2024-07-23,1,rosewood,76.18
2024-07-23,2,mahogany,
2024-07-23,2,maple,7.14
2024-07-23,2,rosewood,66.17
2024-07-23,3,mahogany,11.42
2024-07-23,3,maple,6.42
2024-07-23,3,rosewood,74.22
2024-07-24,1,mahogany,11.31
2024-07-24,1,maple,7.0
2024-07-24,1,rosewood,58.66
2024-07-24,2,mahogany,14.02
2024-07-24,2,maple,5.73
2024-07-24,2,rosewood,87.91
2024-07-24,3,mahogany,12.22
2024-07-24,3,maple,7.05
2024-07-24,3,rosewood,64.1
2024-07-25,1,mahogany,11.49
2024-07-25,1,maple,5.62
2024-07-25,1,rosewood,69.07
2024-07-25,2,mahogany,8.63
2024-07-25,2,maple,6.05
2024-07-25,2,rosewood,72.78
2024-07-25,3,mahogany,13.46
2024-07-25,3,maple,7.25
2024-07-25,3,rosewood,62.63
2024-07-26,1,mahogany,12.0
2024-07-26,1,maple,6.17
2024-07-26,1,rosewood,83.69
2024-07-26,2,mahogany,11.48
2024-07-26,2,maple,6.44
2024-07-26,2,rosewood,64.91
2024-07-26,3,mahogany,14.67
2024-07-26,3,maple,6.85
2024-07-26,3,rosewood,73.17
2024-07-27,1,mahogany,11.26
2024-07-27,1,maple,6.34
2024-07-27,1,rosewood,70.78
2024-07-27,2,mahogany,12.08
2024-07-27,2,maple,5.62
2024-07-27,2,rosewood,87.69
2024-07-27,3,mahogany,12.82
2024-07-27,3,maple,6.8
2024-07-27,3,rosewood,69.39
2024-07-28,1,mahogany,12.38
2024-07-28,1,maple,5.5
2024-07-28,1,rosewood,84.75
2024-07-28,2,mahogany,13.5
2024-07-28,2,maple,6.07
2024-07-28,2,rosewood,70.86
2024-07-28,3,mahogany,11.95
2024-07-28,3,maple,6.18
2024-07-28,3,rosewood,59.71
2024-07-29,1,mahogany,11.28
2024-07-29,1,maple,6.12
2024-07-29,1,rosewood,72.34
2024-07-29,2,mahogany,14.88
2024-07-29,2,maple,6.91
2024-07-29,2,rosewood,59.14
2024-07-29,3,mahogany,14.25
2024-07-29,3,maple,5.58
2024-07-29,3,rosewood,69.76
2024-07-30,1,mahogany,13.21
2024-07-30,1,maple,6.18
2024-07-30,1,rosewood,66.68
2024-07-30,2,mahogany,12.94
2024-07-30,2,maple,6.26
2024-07-30,2,rosewood,61.96
2024-07-30,3,mahogany,9.57
2024-07-30,3,maple,7.28
2024-07-30,3,rosewood,67.02
2024-07-31,1,mahogany,10.64
2024-07-31,1,maple,6.75
2024-07-31,1,rosewood,80.62
2024-07-31,2,mahogany,16.44
2024-07-31,2,maple,7.27
2024-07-31,2,rosewood,70.04
2024-07-31,3,mahogany,13.32
2024-07-31,3,maple,5.43
2024-07-31,3,rosewood,67.57
2024-08-01,1,mahogany,12.12
2024-08-01,1,maple,5.97
2024-08-01,1,rosewood,65.58
2024-08-01,2,mahogany,
2024-08-01,2,maple,6.81
2024-08-01,2,rosewood,72.01
2024-08-01,3,mahogany,9.9
2024-08-01,3,maple,5.74
2024-08-01,3,rosewood,64.0
2024-08-02,1,mahogany,13.33
2024-08-02,1,maple,6.23
2024-08-02,1,rosewood,68.17
2024-08-02,2,mahogany,12.1
2024-08-02,2,maple,5.4
2024-08-02,2,rosewood,102.98
2024-08-02,3,mahogany,11.6
2024-08-02,3,maple,5.59
2024-08-02,3,rosewood,69.69
2024-08-03,1,mahogany,11.45
2024-08-03,1,maple,5.14
2024-08-03,1,rosewood,60.47
2024-08-03,2,mahogany,14.79
2024-08-03,2,maple,5.9
2024-08-03,2,rosewood,79.8
2024-08-03,3,mahogany,12.98
2024-08-03,3,maple,5.85
2024-08-03,3,rosewood,69.24
2024-08-04,1,mahogany,12.3
2024-08-04,1,maple,4.65
2024-08-04,1,rosewood,64.59
2024-08-04,2,mahogany,
2024-08-04,2,maple,8.25
2024-08-04,2,rosewood,89.62
2024-08-04,3,mahogany,11.33
2024-08-04,3,maple,6.82
2024-08-04,3,rosewood,57.14
2024-08-05,1,mahogany,14.36
2024-08-05,1,maple,5.22
2024-08-05,1,rosewood,76.75
2024-08-05,2,mahogany,11.33
2024-08-05,2,maple,8.01
2024-08-05,2,rosewood,78.57
2024-08-05,3,mahogany,11.39
2024-08-05,3,maple,6.23
2024-08-05,3,rosewood,68.77
2024-08-06,1,mahogany,14.3
2024-08-06,1,maple,
2024-08-06,1,rosewood,75.57
2024-08-06,2,mahogany,
2024-08-06,2,maple,5.87
2024-08-06,2,rosewood,74.12
2024-08-06,3,mahogany,11.2
2024-08-06,3,maple,5.16
2024-08-06,3,rosewood,73.51
2024-08-07,1,mahogany,12.01
2024-08-07,1,maple,6.43
2024-08-07,1,rosewood,68.33
2024-08-07,2,mahogany,14.96
2024-08-07,2,maple,6.19
2024-08-07,2,rosewood,67.04
2024-08-07,3,mahogany,13.02
2024-08-07,3,maple,5.33
2024-08-07,3,rosewood,62.74
2024-08-08,1,mahogany,11.98
2024-08-08,1,maple,5.15
2024-08-08,1,rosewood,70.53
2024-08-08,2,mahogany,14.5
2024-08-08,2,maple,7.29
2024-08-08,2,rosewood,99.54
2024-08-08,3,mahogany,11.02
2024-08-08,3,maple,5.76
2024-08-08,3,rosewood,72.43
2024-08-09,1,mahogany,12.12
2024-08-09,1,maple,5.78
2024-08-09,1,rosewood,81.48
2024-08-09,2,mahogany,12.5
2024-08-09,2,maple,5.97
2024-08-09,2,rosewood,57.61
2024-08-09,3,mahogany,13.06
2024-08-09,3,maple,6.34
2024-08-09,3,rosewood,71.03
2024-08-10,1,mahogany,12.83
2024-08-10,1,maple,6.08
2024-08-10,1,rosewood,65.4
2024-08-10,2,mahogany,8.79
2024-08-10,2,maple,6.78
2024-08-10,2,rosewood,66.64
2024-08-10,3,mahogany,13.26
2024-08-10,3,maple,6.55
2024-08-10,3,rosewood,63.2
2024-08-11,1,mahogany,12.19
2024-08-11,1,maple,6.02
2024-08-11,1,rosewood,69.31
2024-08-11,2,mahogany,13.36
2024-08-11,2,maple,6.46
2024-08-11,2,rosewood,70.66
2024-08-11,3,mahogany,12.12
2024-08-11,3,maple,6.61
2024-08-11,3,rosewood,63.58
2024-08-12,1,mahogany,12.19
2024-08-12,1,maple,5.32
2024-08-12,1,rosewood,76.89
2024-08-12,2,mahogany,11.82
2024-08-12,2,maple,6.05
2024-08-12,2,rosewood,87.98
2024-08-12,3,mahogany,11.24
2024-08-12,3,maple,6.18
2024-08-12,3,rosewood,68.62
2024-08-13,1,mahogany,12.8
2024-08-13,1,maple,6.32
2024-08-13,1,rosewood,69.64
2024-08-13,2,mahogany,
2024-08-13,2,maple,6.81
2024-08-13,2,rosewood,71.8
2024-08-13,3,mahogany,13.55
2024-08-13,3,maple,5.58
2024-08-13,3,rosewood,67.9
2024-08-14,1,mahogany,10.9
2024-08-14,1,maple,7.03
2024-08-14,1,rosewood,66.68
2024-08-14,2,mahogany,13.09
2024-08-14,2,maple,7.56
2024-08-14,2,rosewood,72.19
2024-08-14,3,mahogany,13.43
2024-08-14,3,maple,6.14
2024-08-14,3,rosewood,72.66
2024-08-15,1,mahogany,13.21
2024-08-15,1,maple,5.81
2024-08-15,1,rosewood,71.72
2024-08-15,2,mahogany,12.54
2024-08-15,2,maple,6.5
2024-08-15,2,rosewood,61.16
2024-08-15,3,mahogany,11.25
2024-08-15,3,maple,6.26
2024-08-15,3,rosewood,72.55
2024-08-16,1,mahogany,11.97
2024-08-16,1,maple,5.6
2024-08-16,1,rosewood,77.84
2024-08-16,2,mahogany,11.78
2024-08-16,2,maple,5.62
2024-08-16,2,rosewood,51.23
2024-08-16,3,mahogany,10.48
2024-08-16,3,maple,6.32
2024-08-16,3,rosewood,71.11
2024-08-17,1,mahogany,11.63
2024-08-17,1,maple,5.69
2024-08-17,1,rosewood,62.45
2024-08-17,2,mahogany,
2024-08-17,2,maple,7.2
2024-08-17,2,rosewood,82.71
2024-08-17,3,mahogany,12.65
2024-08-17,3,maple,6.11
2024-08-17,3,rosewood,66.84
2024-08-18,1,mahogany,10.71
2024-08-18,1,maple,6.6
2024-08-18,1,rosewood,74.52
2024-08-18,2,mahogany,
2024-08-18,2,maple,7.92
2024-08-18,2,rosewood,70.89
2024-08-18,3,mahogany,12.6
2024-08-18,3,maple,7.27
2024-08-18,3,rosewood,68.19
2024-08-19,1,mahogany,11.72
2024-08-19,1,maple,5.47
2024-08-19,1,rosewood,74.61
2024-08-19,2,mahogany,13.04
2024-08-19,2,maple,6.22
2024-08-19,2,rosewood,
2024-08-19,3,mahogany,13.16
2024-08-19,3,maple,5.97
2024-08-19,3,rosewood,62.25
2024-08-20,1,mahogany,10.98
2024-08-20,1,maple,4.99
2024-08-20,1,rosewood,72.64
2024-08-20,2,mahogany,12.47
2024-08-20,2,maple,7.61
2024-08-20,2,rosewood,64.56
2024-08-20,3,mahogany,11.44
2024-08-20,3,maple,6.06
2024-08-20,3,rosewood,68.23
2024-08-21,1,mahogany,12.23
2024-08-21,1,maple,5.64
2024-08-21,1,rosewood,68.86
2024-08-21,2,mahogany,
2024-08-21,2,maple,6.96
2024-08-21,2,rosewood,68.96
2024-08-21,3,mahogany,11.61
2024-08-21,3,maple,6.72
2024-08-21,3,rosewood,54.09
2024-08-22,1,mahogany,11.22
2024-08-22,1,maple,5.42
2024-08-22,1,rosewood,74.43
2024-08-22,2,mahogany,14.94
2024-08-22,2,maple,5.57
2024-08-22,2,rosewood,56.87
2024-08-22,3,mahogany,12.12
2024-08-22,3,maple,6.19
2024-08-22,3,rosewood,64.34
2024-08-23,1,mahogany,12.0
2024-08-23,1,maple,5.53
2024-08-23,1,rosewood,76.56
2024-08-23,2,mahogany,13.02
2024-08-23,2,maple,7.57
2024-08-23,2,rosewood,62.6
2024-08-23,3,mahogany,11.39
2024-08-23,3,maple,6.4
2024-08-23,3,rosewood,60.49
2024-08-24,1,mahogany,11.45
2024-08-24,1,maple,5.7
2024-08-24,1,rosewood,76.63
2024-08-24,2,mahogany,15.64
2024-08-24,2,maple,6.62
2024-08-24,2,rosewood,60.7
2024-08-24,3,mahogany,13.8
2024-08-24,3,maple,5.7
2024-08-24,3,rosewood,64.51
2024-08-25,1,mahogany,11.58
2024-08-25,1,maple,5.5
2024-08-25,1,rosewood,68.91
2024-08-25,2,mahogany,10.51
2024-08-25,2,maple,6.72
2024-08-25,2,rosewood,82.73
2024-08-25,3,mahogany,11.69
2024-08-25,3,maple,7.02
2024-08-25,3,rosewood,80.06
2024-08-26,1,mahogany,11.48
2024-08-26,1,maple,6.16
2024-08-26,1,rosewood,72.13
2024-08-26,2,mahogany,12.25
2024-08-26,2,maple,5.33
2024-08-26,2,rosewood,73.73
2024-08-26,3,mahogany,10.66
2024-08-26,3,maple,5.8
2024-08-26,3,rosewood,54.22
2024-08-27,1,mahogany,11.56
2024-08-27,1,maple,6.21
2024-08-27,1,rosewood,73.26
2024-08-27,2,mahogany,14.74
2024-08-27,2,maple,6.25
2024-08-27,2,rosewood,84.06
2024-08-27,3,mahogany,13.12
2024-08-27,3,maple,6.19
2024-08-27,3,rosewood,63.32
2024-08-28,1,mahogany,10.98
2024-08-28,1,maple,6.5
2024-08-28,1,rosewood,71.66
2024-08-28,2,mahogany,15.54
2024-08-28,2,maple,5.37
2024-08-28,2,rosewood,74.88
2024-08-28,3,mahogany,12.41
2024-08-28,3,maple,6.52
2024-08-28,3,rosewood,76.88
2024-08-29,1,mahogany,11.94
2024-08-29,1,maple,5.73
2024-08-29,1,rosewood,
2024-08-29,2,mahogany,
2024-08-29,2,maple,6.46
2024-08-29,2,rosewood,85.95
2024-08-29,3,mahogany,12.96
2024-08-29,3,maple,6.59
2024-08-29,3,rosewood,75.04
2024-08-30,1,mahogany,11.77
2024-08-30,1,maple,6.05
2024-08-30,1,rosewood,68.04
2024-08-30,2,mahogany,11.05
2024-08-30,2,maple,7.87
2024-08-30,2,rosewood,74.98
2024-08-30,3,mahogany,12.6
2024-08-30,3,maple,6.18
2024-08-30,3,rosewood,59.7
2024-08-31,1,mahogany,11.46
2024-08-31,1,maple,5.27
2024-08-31,1,rosewood,72.92
2024-08-31,2,mahogany,
2024-08-31,2,maple,7.83
2024-08-31,2,rosewood,77.87
2024-08-31,3,mahogany,12.55
2024-08-31,3,maple,6.63
2024-08-31,3,rosewood,63.04
2024-09-01,1,mahogany,12.07
2024-09-01,1,maple,6.86
2024-09-01,1,rosewood,77.23
2024-09-01,2,mahogany,12.64
2024-09-01,2,maple,6.9
2024-09-01,2,rosewood,87.66
2024-09-01,3,mahogany,14.01
2024-09-01,3,maple,5.22
2024-09-01,3,rosewood,68.43
2024-09-02,1,mahogany,11.18
2024-09-02,1,maple,6.1
2024-09-02,1,rosewood,65.74
2024-09-02,2,mahogany,16.12
2024-09-02,2,maple,4.85
2024-09-02,2,rosewood,76.26
2024-09-02,3,mahogany,10.42
2024-09-02,3,maple,6.09
2024-09-02,3,rosewood,
2024-09-03,1,mahogany,11.59
2024-09-03,1,maple,6.7
2024-09-03,1,rosewood,83.39
2024-09-03,2,mahogany,13.21
2024-09-03,2,maple,6.33
2024-09-03,2,rosewood,82.64
2024-09-03,3,mahogany,11.52
2024-09-03,3,maple,6.35
2024-09-03,3,rosewood,65.96
2024-09-04,1,mahogany,11.12
2024-09-04,1,maple,5.59
2024-09-04,1,rosewood,69.51
2024-09-04,2,mahogany,10.18
2024-09-04,2,maple,5.73
2024-09-04,2,rosewood,78.3
2024-09-04,3,mahogany,12.17
2024-09-04,3,maple,6.39
2024-09-04,3,rosewood,72.08
2024-09-05,1,mahogany,10.96
2024-09-05,1,maple,6.92
2024-09-05,1,rosewood,64.6
2024-09-05,2,mahogany,10.33
2024-09-05,2,maple,6.98
2024-09-05,2,rosewood,84.08
2024-09-05,3,mahogany,13.43
2024-09-05,3,maple,6.04
2024-09-05,3,rosewood,65.79
2024-09-06,1,mahogany,12.08
2024-09-06,1,maple,6.07
2024-09-06,1,rosewood,71.09
2024-09-06,2,mahogany,
2024-09-06,2,maple,6.32
2024-09-06,2,rosewood,91.04
2024-09-06,3,mahogany,12.75
2024-09-06,3,maple,6.65
2024-09-06,3,rosewood,70.64
2024-09-07,1,mahogany,12.81
2024-09-07,1,maple,5.76
2024-09-07,1,rosewood,79.07
2024-09-07,2,mahogany,11.82
2024-09-07,2,maple,4.91
2024-09-07,2,rosewood,72.01
2024-09-07,3,mahogany,12.19
2024-09-07,3,maple,7.09
2024-09-07,3,rosewood,55.64
2024-09-08,1,mahogany,12.99
2024-09-08,1,maple,5.73
2024-09-08,1,rosewood,74.81
2024-09-08,2,mahogany,12.65
2024-09-08,2,maple,6.95
2024-09-08,2,rosewood,80.49
2024-09-08,3,mahogany,11.59
2024-09-08,3,maple,5.64
2024-09-08,3,rosewood,69.97
2024-09-09,1,mahogany,12.49
2024-09-09,1,maple,5.35
2024-09-09,1,rosewood,63.9
2024-09-09,2,mahogany,12.38
2024-09-09,2,maple,7.03
2024-09-09,2,rosewood,74.03
2024-09-09,3,mahogany,12.73
2024-09-09,3,maple,6.82
2024-09-09,3,rosewood,61.97
2024-09-10,1,mahogany,13.3
2024-09-10,1,maple,5.65
2024-09-10,1,rosewood,68.64
2024-09-10,2,mahogany,8.96
2024-09-10,2,maple,6.91
2024-09-10,2,rosewood,69.49
2024-09-10,3,mahogany,14.18
2024-09-10,3,maple,6.75
2024-09-10,3,rosewood,67.07
2024-09-11,1,mahogany,
2024-09-11,1,maple,4.53
2024-09-11,1,rosewood,69.38
2024-09-11,2,mahogany,11.77
2024-09-11,2,maple,7.04
2024-09-11,2,rosewood,81.26
2024-09-11,3,mahogany,12.37
2024-09-11,3,maple,6.8
2024-09-11,3,rosewood,62.0
2024-09-12,1,mahogany,11.63
2024-09-12,1,maple,5.71
2024-09-12,1,rosewood,71.79
2024-09-12,2,mahogany,12.52
2024-09-12,2,maple,7.25
2024-09-12,2,rosewood,71.66
2024-09-12,3,mahogany,13.29
2024-09-12,3,maple,6.74
2024-09-12,3,rosewood,62.29
2024-09-13,1,mahogany,11.18
2024-09-13,1,maple,5.35
2024-09-13,1,rosewood,69.95
2024-09-13,2,mahogany,13.08
2024-09-13,2,maple,5.9
2024-09-13,2,rosewood,86.55
2024-09-13,3,mahogany,12.4
2024-09-13,3,maple,5.7
2024-09-13,3,rosewood,65.36
2024-09-14,1,mahogany,12.6
2024-09-14,1,maple,6.28
2024-09-14,1,rosewood,68.57
2024-09-14,2,mahogany,6.86
2024-09-14,2,maple,7.34
2024-09-14,2,rosewood,78.82
2024-09-14,3,mahogany,11.41
2024-09-14,3,maple,6.31
2024-09-14,3,rosewood,62.74
2024-09-15,1,mahogany,12.15
2024-09-15,1,maple,4.4
2024-09-15,1,rosewood,68.56
2024-09-15,2,mahogany,11.49
2024-09-15,2,maple,7.6
2024-09-15,2,rosewood,
2024-09-15,3,mahogany,12.65
2024-09-15,3,maple,6.27
2024-09-15,3,rosewood,
2024-09-16,1,mahogany,12.21
2024-09-16,1,maple,6.37
2024-09-16,1,rosewood,75.06
2024-09-16,2,mahogany,8.02
2024-09-16,2,maple,7.61
2024-09-16,2,rosewood,76.25
2024-09-16,3,mahogany,13.68
2024-09-16,3,maple,7.18
2024-09-16,3,rosewood,68.57
2024-09-17,1,mahogany,10.08
2024-09-17,1,maple,6.5
2024-09-17,1,rosewood,61.25
2024-09-17,2,mahogany,10.29
2024-09-17,2,maple,7.15
2024-09-17,2,rosewood,90.68
2024-09-17,3,mahogany,11.74
2024-09-17,3,maple,5.89
2024-09-17,3,rosewood,49.94
2024-09-18,1,mahogany,12.24
2024-09-18,1,maple,6.35
2024-09-18,1,rosewood,71.11
2024-09-18,2,mahogany,12.33
2024-09-18,2,maple,5.99
2024-09-18,2,rosewood,84.33
2024-09-18,3,mahogany,12.21
2024-09-18,3,maple,6.4
2024-09-18,3,rosewood,55.01
2024-09-19,1,mahogany,11.51
2024-09-19,1,maple,5.56
2024-09-19,1,rosewood,58.68
2024-09-19,2,mahogany,12.31
2024-09-19,2,maple,5.58
2024-09-19,2,rosewood,54.08
2024-09-19,3,mahogany,13.28
2024-09-19,3,maple,5.69
2024-09-19,3,rosewood,67.64
2024-09-20,1,mahogany,11.03
2024-09-20,1,maple,5.41
2024-09-20,1,rosewood,73.83
2024-09-20,2,mahogany,
2024-09-20,2,maple,5.43
2024-09-20,2,rosewood,74.21
2024-09-20,3,mahogany,13.71
2024-09-20,3,maple,5.49
2024-09-20,3,rosewood,60.64
2024-09-21,1,mahogany,10.85
2024-09-21,1,maple,5.33
2024-09-21,1,rosewood,73.94
2024-09-21,2,mahogany,10.37
2024-09-21,2,maple,5.99
2024-09-21,2,rosewood,77.5
2024-09-21,3,mahogany,12.61
2024-09-21,3,maple,6.05
2024-09-21,3,rosewood,65.2
2024-09-22,1,mahogany,
2024-09-22,1,maple,6.43
2024-09-22,1,rosewood,63.97
2024-09-22,2,mahogany,11.63
2024-09-22,2,maple,5.15
2024-09-22,2,rosewood,87.83
2024-09-22,3,mahogany,14.1
2024-09-22,3,maple,6.46
2024-09-22,3,rosewood,74.85
2024-09-23,1,mahogany,12.49
2024-09-23,1,maple,4.91
2024-09-23,1,rosewood,71.82
2024-09-23,2,mahogany,
2024-09-23,2,maple,8.96
2024-09-23,2,rosewood,66.6
2024-09-23,3,mahogany,11.94
2024-09-23,3,maple,6.13
2024-09-23,3,rosewood,56.75
2024-09-24,1,mahogany,12.03
2024-09-24,1,maple,6.17
2024-09-24,1,rosewood,73.31
2024-09-24,2,mahogany,
2024-09-24,2,maple,7.47
2024-09-24,2,rosewood,96.02
2024-09-24,3,mahogany,13.48
2024-09-24,3,maple,6.3
2024-09-24,3,rosewood,64.29
2024-09-25,1,mahogany,12.02
2024-09-25,1,maple,4.91
2024-09-25,1,rosewood,67.2
2024-09-25,2,mahogany,
2024-09-25,2,maple,7.24
2024-09-25,2,rosewood,51.62
2024-09-25,3,mahogany,14.54
2024-09-25,3,maple,6.33
2024-09-25,3,rosewood,67.07
2024-09-26,1,mahogany,11.02
2024-09-26,1,maple,5.61
2024-09-26,1,rosewood,70.82
2024-09-26,2,mahogany,13.6
2024-09-26,2,maple,5.99
2024-09-26,2,rosewood,86.49
2024-09-26,3,mahogany,12.82
2024-09-26,3,maple,6.17
2024-09-26,3,rosewood,70.34
2024-09-27,1,mahogany,12.13
2024-09-27,1,maple,6.47
2024-09-27,1,rosewood,77.4
2024-09-27,2,mahogany,12.27
2024-09-27,2,maple,7.63
2024-09-27,2,rosewood,82.25
2024-09-27,3,mahogany,13.38
2024-09-27,3,maple,5.72
2024-09-27,3,rosewood,52.07
2024-09-28,1,mahogany,11.88
2024-09-28,1,maple,4.83
2024-09-28,1,rosewood,68.04
2024-09-28,2,mahogany,8.34
2024-09-28,2,maple,5.91
2024-09-28,2,rosewood,86.26
2024-09-28,3,mahogany,12.18
2024-09-28,3,maple,6.3
2024-09-28,3,rosewood,65.33
2024-09-29,1,mahogany,12.58
2024-09-29,1,maple,6.3
2024-09-29,1,rosewood,72.96
2024-09-29,2,mahogany,11.86
2024-09-29,2,maple,7.31
2024-09-29,2,rosewood,82.42
2024-09-29,3,mahogany,13.18
2024-09-29,3,maple,5.28
2024-09-29,3,rosewood,61.76
2024-09-30,1,mahogany,12.09
2024-09-30,1,maple,6.55
2024-09-30,1,rosewood,76.44
2024-09-30,2,mahogany,
2024-09-30,2,maple,7.12
2024-09-30,2,rosewood,70.99
2024-09-30,3,mahogany,13.49
2024-09-30,3,maple,6.62
2024-09-30,3,rosewood,73.84
2024-10-01,1,mahogany,10.55
2024-10-01,1,maple,6.12
2024-10-01,1,rosewood,72.15
2024-10-01,2,mahogany,10.99
2024-10-01,2,maple,7.15
2024-10-01,2,rosewood,90.15
2024-10-01,3,mahogany,13.35
2024-10-01,3,maple,6.51
2024-10-01,3,rosewood,63.41
2024-10-02,1,mahogany,12.36
2024-10-02,1,maple,5.2
2024-10-02,1,rosewood,71.6
2024-10-02,2,mahogany,14.12
2024-10-02,2,maple,6.84
2024-10-02,2,rosewood,76.74
2024-10-02,3,mahogany,14.12
2024-10-02,3,maple,5.63
2024-10-02,3,rosewood,69.77
2024-10-03,1,mahogany,13.07
2024-10-03,1,maple,6.07
2024-10-03,1,rosewood,71.28
2024-10-03,2,mahogany,12.42
2024-10-03,2,maple,5.37
2024-10-03,2,rosewood,81.06
2024-10-03,3,mahogany,13.19
2024-10-03,3,maple,6.38
2024-10-03,3,rosewood,69.65
2024-10-04,1,mahogany,11.53
2024-10-04,1,maple,5.5
2024-10-04,1,rosewood,64.76
2024-10-04,2,mahogany,
2024-10-04,2,maple,8.13
2024-10-04,2,rosewood,73.03
2024-10-04,3,mahogany,11.36
2024-10-04,3,maple,6.52
2024-10-04,3,rosewood,73.49
2024-10-05,1,mahogany,10.33
2024-10-05,1,maple,6.31
2024-10-05,1,rosewood,78.22
2024-10-05,2,mahogany,
2024-10-05,2,maple,7.01
2024-10-05,2,rosewood,86.69
2024-10-05,3,mahogany,13.0
2024-10-05,3,maple,5.81
2024-10-05,3,rosewood,70.1
2024-10-06,1,mahogany,10.95
2024-10-06,1,maple,5.69
2024-10-06,1,rosewood,74.29
2024-10-06,2,mahogany,14.5
2024-10-06,2,maple,6.13
2024-10-06,2,rosewood,78.18
2024-10-06,3,mahogany,12.39
2024-10-06,3,maple,6.19
2024-10-06,3,rosewood,64.59
2024-10-07,1,mahogany,10.63
2024-10-07,1,maple,6.23
2024-10-07,1,rosewood,78.12
2024-10-07,2,mahogany,
2024-10-07,2,maple,5.52
2024-10-07,2,rosewood,65.58
2024-10-07,3,mahogany,14.22
2024-10-07,3,maple,6.65
2024-10-07,3,rosewood,62.71
2024-10-08,1,mahogany,12.44
2024-10-08,1,maple,5.18
2024-10-08,1,rosewood,78.13
2024-10-08,2,mahogany,
2024-10-08,2,maple,6.87
2024-10-08,2,rosewood,71.52
2024-10-08,3,mahogany,11.65
2024-10-08,3,maple,6.03
2024-10-08,3,rosewood,72.42
2024-10-09,1,mahogany,11.61
2024-10-09,1,maple,5.84
2024-10-09,1,rosewood,68.1
2024-10-09,2,mahogany,
2024-10-09,2,maple,6.7
2024-10-09,2,rosewood,76.8
2024-10-09,3,mahogany,13.28
2024-10-09,3,maple,6.76
2024-10-09,3,rosewood,71.03
2024-10-10,1,mahogany,10.96
2024-10-10,1,maple,5.89
2024-10-10,1,rosewood,69.95
2024-10-10,2,mahogany,12.8
2024-10-10,2,maple,7.73
2024-10-10,2,rosewood,79.29
2024-10-10,3,mahogany,11.34
2024-10-10,3,maple,7.17
2024-10-10,3,rosewood,61.76
2024-10-11,1,mahogany,10.9
2024-10-11,1,maple,5.16
2024-10-11,1,rosewood,70.13
2024-10-11,2,mahogany,15.2
2024-10-11,2,maple,6.39
2024-10-11,2,rosewood,
2024-10-11,3,mahogany,
2024-10-11,3,maple,6.82
2024-10-11,3,rosewood,
2024-10-12,1,mahogany,8.73
2024-10-12,1,maple,6.62
2024-10-12,1,rosewood,67.7
2024-10-12,2,mahogany,11.25
2024-10-12,2,maple,6.18
2024-10-12,2,rosewood,60.72
2024-10-12,3,mahogany,11.96
2024-10-12,3,maple,5.91
2024-10-12,3,rosewood,49.52
2024-10-13,1,mahogany,9.55
2024-10-13,1,maple,4.37
2024-10-13,1,rosewood,68.74
2024-10-13,2,mahogany,15.1
2024-10-13,2,maple,6.72
2024-10-13,2,rosewood,62.53
2024-10-13,3,mahogany,12.87
2024-10-13,3,maple,6.18
2024-10-13,3,rosewood,59.8
2024-10-14,1,mahogany,11.69
2024-10-14,1,maple,5.33
2024-10-14,1,rosewood,81.8
2024-10-14,2,mahogany,13.85
2024-10-14,2,maple,6.73
2024-10-14,2,rosewood,68.0
2024-10-14,3,mahogany,12.54
2024-10-14,3,maple,6.58
2024-10-14,3,rosewood,56.67
2024-10-15,1,mahogany,12.04
2024-10-15,1,maple,5.25
2024-10-15,1,rosewood,73.88
2024-10-15,2,mahogany,14.57
2024-10-15,2,maple,5.78
2024-10-15,2,rosewood,68.73
2024-10-15,3,mahogany,13.4
2024-10-15,3,maple,6.82
2024-10-15,3,rosewood,62.14
2024-10-16,1,mahogany,9.95
2024-10-16,1,maple,
2024-10-16,1,rosewood,69.54
2024-10-16,2,mahogany,
2024-10-16,2,maple,7.11
2024-10-16,2,rosewood,75.03
2024-10-16,3,mahogany,12.3
2024-10-16,3,maple,6.31
2024-10-16,3,rosewood,63.15
2024-10-17,1,mahogany,12.22
2024-10-17,1,maple,6.07
2024-10-17,1,rosewood,77.88
2024-10-17,2,mahogany,11.59
2024-10-17,2,maple,7.34
2024-10-17,2,rosewood,82.81
2024-10-17,3,mahogany,12.04
2024-10-17,3,maple,6.63
2024-10-17,3,rosewood,66.47
2024-10-18,1,mahogany,10.37
2024-10-18,1,maple,5.79
2024-10-18,1,rosewood,68.47
2024-10-18,2,mahogany,12.55
2024-10-18,2,maple,6.6
2024-10-18,2,rosewood,79.3
2024-10-18,3,mahogany,12.01
2024-10-18,3,maple,5.66
2024-10-18,3,rosewood,65.47
2024-10-19,1,mahogany,11.84
2024-10-19,1,maple,6.25
2024-10-19,1,rosewood,65.57
2024-10-19,2,mahogany,12.56
2024-10-19,2,maple,3.98
2024-10-19,2,rosewood,78.46
2024-10-19,3,mahogany,14.5
2024-10-19,3,maple,7.26
2024-10-19,3,rosewood,69.01
2024-10-20,1,mahogany,11.17
2024-10-20,1,maple,5.9
2024-10-20,1,rosewood,65.45
2024-10-20,2,mahogany,10.12
2024-10-20,2,maple,7.51
2024-10-20,2,rosewood,66.69
2024-10-20,3,mahogany,12.75
2024-10-20,3,maple,6.76
2024-10-20,3,rosewood,70.18
2024-10-21,1,mahogany,12.19
2024-10-21,1,maple,5.78
2024-10-21,1,rosewood,69.86
2024-10-21,2,mahogany,14.75
2024-10-21,2,maple,6.57
2024-10-21,2,rosewood,89.41
2024-10-21,3,mahogany,10.99
2024-10-21,3,maple,6.46
2024-10-21,3,rosewood,61.6
2024-10-22,1,mahogany,11.23
2024-10-22,1,maple,5.33
2024-10-22,1,rosewood,67.08
2024-10-22,2,mahogany,13.41
2024-10-22,2,maple,5.06
2024-10-22,2,rosewood,82.51
2024-10-22,3,mahogany,12.44
2024-10-22,3,maple,6.12
2024-10-22,3,rosewood,56.75
2024-10-23,1,mahogany,12.96
2024-10-23,1,maple,5.56
2024-10-23,1,rosewood,73.69
2024-10-23,2,mahogany,
2024-10-23,2,maple,6.14
2024-10-23,2,rosewood,73.62
2024-10-23,3,mahogany,13.37
2024-10-23,3,maple,6.24
2024-10-23,3,rosewood,58.24
2024-10-24,1,mahogany,12.21
2024-10-24,1,maple,5.67
2024-10-24,1,rosewood,75.64
2024-10-24,2,mahogany,14.9
2024-10-24,2,maple,7.45
2024-10-24,2,rosewood,83.74
2024-10-24,3,mahogany,12.03
2024-10-24,3,maple,5.87
2024-10-24,3,rosewood,61.15
2024-10-25,1,mahogany,
2024-10-25,1,maple,5.8
2024-10-25,1,rosewood,71.05
2024-10-25,2,mahogany,13.6
2024-10-25,2,maple,6.37
2024-10-25,2,rosewood,82.29
2024-10-25,3,mahogany,13.03
2024-10-25,3,maple,6.32
2024-10-25,3,rosewood,70.52
2024-10-26,1,mahogany,12.47
2024-10-26,1,maple,5.52
2024-10-26,1,rosewood,65.37
2024-10-26,2,mahogany,7.67
2024-10-26,2,maple,6.61
2024-10-26,2,rosewood,71.67
2024-10-26,3,mahogany,12.65
2024-10-26,3,maple,7.55
2024-10-26,3,rosewood,72.0
2024-10-27,1,mahogany,12.39
2024-10-27,1,maple,4.92
2024-10-27,1,rosewood,73.27
2024-10-27,2,mahogany,13.65
2024-10-27,2,maple,7.83
2024-10-27,2,rosewood,91.73
2024-10-27,3,mahogany,11.65
2024-10-27,3,maple,6.49
2024-10-27,3,rosewood,61.3
2024-10-28,1,mahogany,13.13
2024-10-28,1,maple,5.35
2024-10-28,1,rosewood,63.17
2024-10-28,2,mahogany,
2024-10-28,2,maple,6.67
2024-10-28,2,rosewood,67.18
2024-10-28,3,mahogany,12.07
2024-10-28,3,maple,6.44
2024-10-28,3,rosewood,67.74
2024-10-29,1,mahogany,11.07
2024-10-29,1,maple,5.35
2024-10-29,1,rosewood,68.46
2024-10-29,2,mahogany,
2024-10-29,2,maple,6.42
2024-10-29,2,rosewood,91.27
2024-10-29,3,mahogany,11.23
2024-10-29,3,maple,6.36
2024-10-29,3,rosewood,73.15
2024-10-30,1,mahogany,12.8
2024-10-30,1,maple,6.59
2024-10-30,1,rosewood,71.71
2024-10-30,2,mahogany,13.72
2024-10-30,2,maple,7.74
2024-10-30,2,rosewood,72.11
2024-10-30,3,mahogany,
2024-10-30,3,maple,5.75
2024-10-30,3,rosewood,74.17
2024-10-31,1,mahogany,12.63
2024-10-31,1,maple,5.76
2024-10-31,1,rosewood,76.89
2024-10-31,2,mahogany,
2024-10-31,2,maple,5.61
2024-10-31,2,rosewood,90.88
2024-10-31,3,mahogany,14.71
2024-10-31,3,maple,6.85
2024-10-31,3,rosewood,71.29
2024-11-01,1,mahogany,11.1
2024-11-01,1,maple,6.52
2024-11-01,1,rosewood,72.05
2024-11-01,2,mahogany,12.13
2024-11-01,2,maple,7.91
2024-11-01,2,rosewood,74.08
2024-11-01,3,mahogany,11.47
2024-11-01,3,maple,5.92
2024-11-01,3,rosewood,64.22
2024-11-02,1,mahogany,11.21
2024-11-02,1,maple,6.48
2024-11-02,1,rosewood,64.35
2024-11-02,2,mahogany,8.59
2024-11-02,2,maple,6.44
2024-11-02,2,rosewood,89.43
2024-11-02,3,mahogany,11.57
2024-11-02,3,maple,5.77
2024-11-02,3,rosewood,75.93
2024-11-03,1,mahogany,12.47
2024-11-03,1,maple,7.26
2024-11-03,1,rosewood,73.51
2024-11-03,2,mahogany,
2024-11-03,2,maple,6.81
2024-11-03,2,rosewood,83.43
2024-11-03,3,mahogany,13.21
2024-11-03,3,maple,7.81
2024-11-03,3,rosewood,63.14
2024-11-04,1,mahogany,11.04
2024-11-04,1,maple,6.11
2024-11-04,1,rosewood,62.86
2024-11-04,2,mahogany,12.18
2024-11-04,2,maple,6.61
2024-11-04,2,rosewood,71.67
2024-11-04,3,mahogany,12.52
2024-11-04,3,maple,6.27
2024-11-04,3,rosewood,68.27
2024-11-05,1,mahogany,11.02
2024-11-05,1,maple,5.84
2024-11-05,1,rosewood,56.16
2024-11-05,2,mahogany,9.36
2024-11-05,2,maple,8.13
2024-11-05,2,rosewood,77.68
2024-11-05,3,mahogany,13.23
2024-11-05,3,maple,6.52
2024-11-05,3,rosewood,69.49
2024-11-06,1,mahogany,13.88
2024-11-06,1,maple,6.84
2024-11-06,1,rosewood,66.15
2024-11-06,2,mahogany,10.92
2024-11-06,2,maple,7.05
2024-11-06,2,rosewood,77.39
2024-11-06,3,mahogany,10.7
2024-11-06,3,maple,6.46
2024-11-06,3,rosewood,70.13
2024-11-07,1,mahogany,11.16
2024-11-07,1,maple,6.11
2024-11-07,1,rosewood,75.26
2024-11-07,2,mahogany,11.77
2024-11-07,2,maple,7.62
2024-11-07,2,rosewood,75.42
2024-11-07,3,mahogany,12.48
2024-11-07,3,maple,6.39
2024-11-07,3,rosewood,58.85
2024-11-08,1,mahogany,11.26
2024-11-08,1,maple,6.05
2024-11-08,1,rosewood,61.29
2024-11-08,2,mahogany,15.39
2024-11-08,2,maple,7.01
2024-11-08,2,rosewood,59.4
2024-11-08,3,mahogany,12.72
2024-11-08,3,maple,6.29
2024-11-08,3,rosewood,63.07
2024-11-09,1,mahogany,10.74
2024-11-09,1,maple,5.73
2024-11-09,1,rosewood,73.51
2024-11-09,2,mahogany,11.98
2024-11-09,2,maple,6.82
2024-11-09,2,rosewood,73.99
2024-11-09,3,mahogany,11.73
2024-11-09,3,maple,6.28
2024-11-09,3,rosewood,71.19
2024-11-10,1,mahogany,11.98
2024-11-10,1,maple,5.94
2024-11-10,1,rosewood,71.13
2024-11-10,2,mahogany,
2024-11-10,2,maple,7.16
2024-11-10,2,rosewood,67.19
2024-11-10,3,mahogany,13.15
2024-11-10,3,maple,6.24
2024-11-10,3,rosewood,69.61
2024-11-11,1,mahogany,13.02
2024-11-11,1,maple,5.57
2024-11-11,1,rosewood,64.75
2024-11-11,2,mahogany,11.99
2024-11-11,2,maple,6.92
2024-11-11,2,rosewood,79.24
2024-11-11,3,mahogany,12.6
2024-11-11,3,maple,6.45
2024-11-11,3,rosewood,67.94
2024-11-12,1,mahogany,11.95
2024-11-12,1,maple,6.1
2024-11-12,1,rosewood,66.12
2024-11-12,2,mahogany,11.26
2024-11-12,2,maple,6.54
2024-11-12,2,rosewood,88.8
2024-11-12,3,mahogany,13.3
2024-11-12,3,maple,5.66
2024-11-12,3,rosewood,58.54
2024-11-13,1,mahogany,11.89
2024-11-13,1,maple,5.71
2024-11-13,1,rosewood,60.17
2024-11-13,2,mahogany,12.15
2024-11-13,2,maple,5.88
2024-11-13,2,rosewood,76.75
2024-11-13,3,mahogany,12.52
2024-11-13,3,maple,6.0
2024-11-13,3,rosewood,64.53
2024-11-14,1,mahogany,10.7
2024-11-14,1,maple,5.17
2024-11-14,1,rosewood,67.68
2024-11-14,2,mahogany,10.63
2024-11-14,2,maple,8.4
2024-11-14,2,rosewood,
2024-11-14,3,mahogany,10.5
2024-11-14,3,maple,6.36
2024-11-14,3,rosewood,62.86
2024-11-15,1,mahogany,12.5
2024-11-15,1,maple,4.75
2024-11-15,1,rosewood,67.93
2024-11-15,2,mahogany,12.9
2024-11-15,2,maple,6.73
2024-11-15,2,rosewood,92.87
2024-11-15,3,mahogany,12.94
2024-11-15,3,maple,6.56
2024-11-15,3,rosewood,66.82
2024-11-16,1,mahogany,11.3
2024-11-16,1,maple,4.87
2024-11-16,1,rosewood,76.89
2024-11-16,2,mahogany,12.7
2024-11-16,2,maple,5.93
2024-11-16,2,rosewood,81.58
2024-11-16,3,mahogany,13.0
2024-11-16,3,maple,6.4
2024-11-16,3,rosewood,62.49
2024-11-17,1,mahogany,13.24
2024-11-17,1,maple,5.73
2024-11-17,1,rosewood,86.44
2024-11-17,2,mahogany,10.49
2024-11-17,2,maple,7.45
2024-11-17,2,rosewood,97.08
2024-11-17,3,mahogany,12.9
2024-11-17,3,maple,5.82
2024-11-17,3,rosewood,69.1
2024-11-18,1,mahogany,11.18
2024-11-18,1,maple,6.52
2024-11-18,1,rosewood,68.27
2024-11-18,2,mahogany,11.38
2024-11-18,2,maple,5.49
2024-11-18,2,rosewood,86.44
2024-11-18,3,mahogany,12.92
2024-11-18,3,maple,5.77
2024-11-18,3,rosewood,62.28
2024-11-19,1,mahogany,10.63
2024-11-19,1,maple,5.16
2024-11-19,1,rosewood,60.89
2024-11-19,2,mahogany,16.29
2024-11-19,2,maple,6.23
2024-11-19,2,rosewood,90.14
2024-11-19,3,mahogany,12.14
2024-11-19,3,maple,5.82
2024-11-19,3,rosewood,67.3
2024-11-20,1,mahogany,12.41
2024-11-20,1,maple,6.78
2024-11-20,1,rosewood,72.1
2024-11-20,2,mahogany,9.74
2024-11-20,2,maple,5.77
2024-11-20,2,rosewood,71.16
2024-11-20,3,mahogany,13.16
2024-11-20,3,maple,7.06
2024-11-20,3,rosewood,67.6
2024-11-21,1,mahogany,10.84
2024-11-21,1,maple,6.18
2024-11-21,1,rosewood,61.62
2024-11-21,2,mahogany,10.78
2024-11-21,2,maple,8.84
2024-11-21,2,rosewood,83.82
2024-11-21,3,mahogany,13.26
2024-11-21,3,maple,5.76
2024-11-21,3,rosewood,60.65
2024-11-22,1,mahogany,11.27
2024-11-22,1,maple,6.21
2024-11-22,1,rosewood,65.82
2024-11-22,2,mahogany,10.99
2024-11-22,2,maple,7.14
2024-11-22,2,rosewood,62.08
2024-11-22,3,mahogany,12.28
2024-11-22,3,maple,6.36
2024-11-22,3,rosewood,58.53
2024-11-23,1,mahogany,
2024-11-23,1,maple,5.8
2024-11-23,1,rosewood,64.59
2024-11-23,2,mahogany,11.53
2024-11-23,2,maple,7.17
2024-11-23,2,rosewood,82.96
2024-11-23,3,mahogany,10.75
2024-11-23,3,maple,6.38
2024-11-23,3,rosewood,71.91
2024-11-24,1,mahogany,10.66
2024-11-24,1,maple,5.47
2024-11-24,1,rosewood,68.06
2024-11-24,2,mahogany,
2024-11-24,2,maple,7.69
2024-11-24,2,rosewood,75.34
2024-11-24,3,mahogany,11.3
2024-11-24,3,maple,6.38
2024-11-24,3,rosewood,65.07
2024-11-25,1,mahogany,12.05
2024-11-25,1,maple,3.92
2024-11-25,1,rosewood,72.28
2024-11-25,2,mahogany,13.17
2024-11-25,2,maple,5.44
2024-11-25,2,rosewood,68.51
2024-11-25,3,mahogany,12.45
2024-11-25,3,maple,6.31
2024-11-25,3,rosewood,64.13
2024-11-26,1,mahogany,9.93
2024-11-26,1,maple,5.47
2024-11-26,1,rosewood,78.9
2024-11-26,2,mahogany,12.29
2024-11-26,2,maple,8.32
2024-11-26,2,rosewood,76.39
2024-11-26,3,mahogany,14.35
2024-11-26,3,maple,5.99
2024-11-26,3,rosewood,68.2
2024-11-27,1,mahogany,12.11
2024-11-27,1,maple,5.63
2024-11-27,1,rosewood,67.76
2024-11-27,2,mahogany,10.57
2024-11-27,2,maple,5.72
2024-11-27,2,rosewood,55.19
2024-11-27,3,mahogany,12.6
2024-11-27,3,maple,
2024-11-27,3,rosewood,66.0
2024-11-28,1,mahogany,11.87
2024-11-28,1,maple,5.58
2024-11-28,1,rosewood,70.35
2024-11-28,2,mahogany,10.98
2024-11-28,2,maple,7.47
2024-11-28,2,rosewood,79.04
2024-11-28,3,mahogany,10.97
2024-11-28,3,maple,6.83
2024-11-28,3,rosewood,62.2
2024-11-29,1,mahogany,10.89
2024-11-29,1,maple,5.35
2024-11-29,1,rosewood,73.61
2024-11-29,2,mahogany,10.66
2024-11-29,2,maple,6.6
2024-11-29,2,rosewood,76.31
2024-11-29,3,mahogany,10.09
2024-11-29,3,maple,5.52
2024-11-29,3,rosewood,62.77
2024-11-30,1,mahogany,10.1
2024-11-30,1,maple,6.1
2024-11-30,1,rosewood,72.34
2024-11-30,2,mahogany,13.17
2024-11-30,2,maple,6.41
2024-11-30,2,rosewood,71.48
2024-11-30,3,mahogany,13.26
2024-11-30,3,maple,6.14
2024-11-30,3,rosewood,66.91
2024-12-01,1,mahogany,10.0
2024-12-01,1,maple,6.56
2024-12-01,1,rosewood,63.79
2024-12-01,2,mahogany,12.21
2024-12-01,2,maple,6.17
2024-12-01,2,rosewood,57.37
2024-12-01,3,mahogany,12.23
2024-12-01,3,maple,6.73
2024-12-01,3,rosewood,61.84
2024-12-02,1,mahogany,11.49
2024-12-02,1,maple,5.41
2024-12-02,1,rosewood,72.31
2024-12-02,2,mahogany,
2024-12-02,2,maple,6.71
2024-12-02,2,rosewood,76.26
2024-12-02,3,mahogany,12.48
2024-12-02,3,maple,7.23
2024-12-02,3,rosewood,67.61
2024-12-03,1,mahogany,9.02
2024-12-03,1,maple,6.07
2024-12-03,1,rosewood,66.02
2024-12-03,2,mahogany,11.78
2024-12-03,2,maple,5.66
2024-12-03,2,rosewood,76.77
2024-12-03,3,mahogany,13.71
2024-12-03,3,maple,5.13
2024-12-03,3,rosewood,67.94
2024-12-04,1,mahogany,12.02
2024-12-04,1,maple,6.07
2024-12-04,1,rosewood,70.35
2024-12-04,2,mahogany,10.53
2024-12-04,2,maple,4.61
2024-12-04,2,rosewood,75.84
2024-12-04,3,mahogany,12.36
2024-12-04,3,maple,6.57
2024-12-04,3,rosewood,66.51
2024-12-05,1,mahogany,11.9
2024-12-05,1,maple,6.01
2024-12-05,1,rosewood,65.82
2024-12-05,2,mahogany,11.26
2024-12-05,2,maple,7.0
2024-12-05,2,rosewood,63.66
2024-12-05,3,mahogany,12.28
2024-12-05,3,maple,5.93
2024-12-05,3,rosewood,67.63
2024-12-06,1,mahogany,12.69
2024-12-06,1,maple,5.68
2024-12-06,1,rosewood,70.66
2024-12-06,2,mahogany,15.67
2024-12-06,2,maple,8.55
2024-12-06,2,rosewood,74.44
2024-12-06,3,mahogany,10.83
2024-12-06,3,maple,6.0
2024-12-06,3,rosewood,72.47
2024-12-07,1,mahogany,11.22
2024-12-07,1,maple,6.01
2024-12-07,1,rosewood,69.64
2024-12-07,2,mahogany,9.78
2024-12-07,2,maple,5.27
2024-12-07,2,rosewood,45.54
2024-12-07,3,mahogany,12.9
2024-12-07,3,maple,6.12
2024-12-07,3,rosewood,76.32
2024-12-08,1,mahogany,11.62
2024-12-08,1,maple,5.48
2024-12-08,1,rosewood,70.52
2024-12-08,2,mahogany,
2024-12-08,2,maple,6.07
2024-12-08,2,rosewood,57.77
2024-12-08,3,mahogany,11.15
2024-12-08,3,maple,6.26
2024-12-08,3,rosewood,74.21
2024-12-09,1,mahogany,11.77
2024-12-09,1,maple,5.37
2024-12-09,1,rosewood,54.66
2024-12-09,2,mahogany,
2024-12-09,2,maple,5.57
2024-12-09,2,rosewood,88.31
2024-12-09,3,mahogany,12.72
2024-12-09,3,maple,6.5
2024-12-09,3,rosewood,71.49
2024-12-10,1,mahogany,11.7
2024-12-10,1,maple,4.97
2024-12-10,1,rosewood,73.85
2024-12-10,2,mahogany,
2024-12-10,2,maple,6.8
2024-12-10,2,rosewood,88.56
2024-12-10,3,mahogany,11.23
2024-12-10,3,maple,6.06
2024-12-10,3,rosewood,68.67
2024-12-11,1,mahogany,13.14
2024-12-11,1,maple,6.21
2024-12-11,1,rosewood,70.52
2024-12-11,2,mahogany,10.74
2024-12-11,2,maple,5.89
2024-12-11,2,rosewood,99.34
2024-12-11,3,mahogany,12.04
2024-12-11,3,maple,6.56
2024-12-11,3,rosewood,67.19
2024-12-12,1,mahogany,11.72
2024-12-12,1,maple,5.45
2024-12-12,1,rosewood,75.34
2024-12-12,2,mahogany,14.05
2024-12-12,2,maple,6.68
2024-12-12,2,rosewood,80.86
2024-12-12,3,mahogany,13.29
2024-12-12,3,maple,5.97
2024-12-12,3,rosewood,69.2
2024-12-13,1,mahogany,9.63
2024-12-13,1,maple,6.41
2024-12-13,1,rosewood,75.26
2024-12-13,2,mahogany,
2024-12-13,2,maple,5.43
2024-12-13,2,rosewood,75.35
2024-12-13,3,mahogany,12.23
2024-12-13,3,maple,6.69
2024-12-13,3,rosewood,66.33
2024-12-14,1,mahogany,11.35
2024-12-14,1,maple,4.89
2024-12-14,1,rosewood,70.05
2024-12-14,2,mahogany,9.26
2024-12-14,2,maple,8.26
2024-12-14,2,rosewood,71.74
2024-12-14,3,mahogany,15.32
2024-12-14,3,maple,6.34
2024-12-14,3,rosewood,72.45
2024-12-15,1,mahogany,10.41
2024-12-15,1,maple,5.51
2024-12-15,1,rosewood,66.84
2024-12-15,2,mahogany,9.7
2024-12-15,2,maple,6.51
2024-12-15,2,rosewood,70.54
2024-12-15,3,mahogany,13.68
2024-12-15,3,maple,7.25
2024-12-15,3,rosewood,61.86
2024-12-16,1,mahogany,10.98
2024-12-16,1,maple,5.6
2024-12-16,1,rosewood,69.86
2024-12-16,2,mahogany,
2024-12-16,2,maple,6.69
2024-12-16,2,rosewood,56.62
2024-12-16,3,mahogany,11.73
2024-12-16,3,maple,7.2
2024-12-16,3,rosewood,65.37
2024-12-17,1,mahogany,10.32
2024-12-17,1,maple,6.11
2024-12-17,1,rosewood,72.23
2024-12-17,2,mahogany,12.09
2024-12-17,2,maple,7.37
2024-12-17,2,rosewood,71.96
2024-12-17,3,mahogany,12.57
2024-12-17,3,maple,5.44
2024-12-17,3,rosewood,62.8
2024-12-18,1,mahogany,11.03
2024-12-18,1,maple,4.47
2024-12-18,1,rosewood,70.57
2024-12-18,2,mahogany,
2024-12-18,2,maple,7.33
2024-12-18,2,rosewood,72.54
2024-12-18,3,mahogany,12.22
2024-12-18,3,maple,5.94
2024-12-18,3,rosewood,65.41
2024-12-19,1,mahogany,11.37
2024-12-19,1,maple,4.94
2024-12-19,1,rosewood,67.85
2024-12-19,2,mahogany,
2024-12-19,2,maple,7.21
2024-12-19,2,rosewood,54.77
2024-12-19,3,mahogany,12.29
2024-12-19,3,maple,5.42
2024-12-19,3,rosewood,61.97
2024-12-20,1,mahogany,12.31
2024-12-20,1,maple,5.33
2024-12-20,1,rosewood,59.33
2024-12-20,2,mahogany,12.98
2024-12-20,2,maple,7.12
2024-12-20,2,rosewood,75.27
2024-12-20,3,mahogany,12.71
2024-12-20,3,maple,5.44
2024-12-20,3,rosewood,68.74
2024-12-21,1,mahogany,10.51
2024-12-21,1,maple,5.9
2024-12-21,1,rosewood,68.01
2024-12-21,2,mahogany,14.09
2024-12-21,2,maple,5.83
2024-12-21,2,rosewood,95.43
2024-12-21,3,mahogany,11.64
2024-12-21,3,maple,6.09
2024-12-21,3,rosewood,55.3
2024-12-22,1,mahogany,11.17
2024-12-22,1,maple,5.89
2024-12-22,1,rosewood,62.96
2024-12-22,2,mahogany,12.82
2024-12-22,2,maple,7.3
2024-12-22,2,rosewood,76.17
2024-12-22,3,mahogany,13.68
2024-12-22,3,maple,6.32
2024-12-22,3,rosewood,79.94
2024-12-23,1,mahogany,11.11
2024-12-23,1,maple,6.22
2024-12-23,1,rosewood,78.07
2024-12-23,2,mahogany,12.6
2024-12-23,2,maple,6.26
2024-12-23,2,rosewood,77.21
2024-12-23,3,mahogany,11.66
2024-12-23,3,maple,7.17
2024-12-23,3,rosewood,68.14
2024-12-24,1,mahogany,13.19
2024-12-24,1,maple,5.19
2024-12-24,1,rosewood,60.12
2024-12-24,2,mahogany,
2024-12-24,2,maple,7.3
2024-12-24,2,rosewood,67.13
2024-12-24,3,mahogany,13.32
2024-12-24,3,maple,5.3
2024-12-24,3,rosewood,72.86
2024-12-25,1,mahogany,11.69
2024-12-25,1,maple,5.07
2024-12-25,1,rosewood,74.04
2024-12-25,2,mahogany,11.48
2024-12-25,2,maple,6.2
2024-12-25,2,rosewood,85.33
2024-12-25,3,mahogany,11.6
2024-12-25,3,maple,5.02
2024-12-25,3,rosewood,70.82
2024-12-26,1,mahogany,10.07
2024-12-26,1,maple,4.98
2024-12-26,1,rosewood,69.0
2024-12-26,2,mahogany,
2024-12-26,2,maple,6.42
2024-12-26,2,rosewood,71.44
2024-12-26,3,mahogany,11.86
2024-12-26,3,maple,6.35
2024-12-26,3,rosewood,71.86
2024-12-27,1,mahogany,10.34
2024-12-27,1,maple,5.25
2024-12-27,1,rosewood,71.8
2024-12-27,2,mahogany,14.34
2024-12-27,2,maple,7.29
2024-12-27,2,rosewood,64.19
2024-12-27,3,mahogany,12.02
2024-12-27,3,maple,6.61
2024-12-27,3,rosewood,63.45
2024-12-28,1,mahogany,12.42
2024-12-28,1,maple,5.47
2024-12-28,1,rosewood,75.73
2024-12-28,2,mahogany,
2024-12-28,2,maple,6.54
2024-12-28,2,rosewood,78.08
2024-12-28,3,mahogany,9.98
2024-12-28,3,maple,
2024-12-28,3,rosewood,53.57
2024-12-29,1,mahogany,10.64
2024-12-29,1,maple,4.38
2024-12-29,1,rosewood,69.45
2024-12-29,2,mahogany,14.86
2024-12-29,2,maple,7.42
2024-12-29,2,rosewood,87.22
2024-12-29,3,mahogany,10.63
2024-12-29,3,maple,6.57
2024-12-29,3,rosewood,58.54
2024-12-30,1,mahogany,11.96
2024-12-30,1,maple,5.7
2024-12-30,1,rosewood,73.77
2024-12-30,2,mahogany,12.81
2024-12-30,2,maple,7.28
2024-12-30,2,rosewood,69.44
2024-12-30,3,mahogany,13.25
2024-12-30,3,maple,5.91
2024-12-30,3,rosewood,80.88
2024-12-31,1,mahogany,11.59
2024-12-31,1,maple,6.33
2024-12-31,1,rosewood,80.03
2024-12-31,2,mahogany,12.5
2024-12-31,2,maple,5.6
2024-12-31,2,rosewood,72.58
2024-12-31,3,mahogany,13.67
2024-12-31,3,maple,6.32
2024-12-31,3,rosewood,64.81
2025-01-01,1,mahogany,10.59
2025-01-01,1,maple,6.06
2025-01-01,1,rosewood,69.31
2025-01-01,2,mahogany,13.63
2025-01-01,2,maple,5.79
2025-01-01,2,rosewood,76.63
2025-01-01,3,mahogany,13.1
2025-01-01,3,maple,6.65
2025-01-01,3,rosewood,64.67
2025-01-02,1,mahogany,13.11
2025-01-02,1,maple,5.6
2025-01-02,1,rosewood,67.88
2025-01-02,2,mahogany,
2025-01-02,2,maple,8.6
2025-01-02,2,rosewood,85.48
2025-01-02,3,mahogany,11.5
2025-01-02,3,maple,
2025-01-02,3,rosewood,73.73
2025-01-03,1,mahogany,10.47
2025-01-03,1,maple,6.53
2025-01-03,1,rosewood,72.79
2025-01-03,2,mahogany,13.91
2025-01-03,2,maple,6.11
2025-01-03,2,rosewood,84.41
2025-01-03,3,mahogany,13.65
2025-01-03,3,maple,5.64
2025-01-03,3,rosewood,58.39
2025-01-04,1,mahogany,10.67
2025-01-04,1,maple,5.54
2025-01-04,1,rosewood,74.69
2025-01-04,2,mahogany,14.56
2025-01-04,2,maple,6.88
2025-01-04,2,rosewood,80.43
2025-01-04,3,mahogany,14.46
2025-01-04,3,maple,6.7
2025-01-04,3,rosewood,63.86
2025-01-05,1,mahogany,9.66
2025-01-05,1,maple,6.13
2025-01-05,1,rosewood,69.38
2025-01-05,2,mahogany,11.95
2025-01-05,2,maple,5.21
2025-01-05,2,rosewood,72.84
2025-01-05,3,mahogany,13.0
2025-01-05,3,maple,5.8
2025-01-05,3,rosewood,69.43
2025-01-06,1,mahogany,9.6
2025-01-06,1,maple,6.06
2025-01-06,1,rosewood,74.58
2025-01-06,2,mahogany,11.83
2025-01-06,2,maple,7.16
2025-01-06,2,rosewood,55.5
2025-01-06,3,mahogany,12.51
2025-01-06,3,maple,6.63
2025-01-06,3,rosewood,66.77
2025-01-07,1,mahogany,12.28
2025-01-07,1,maple,5.72
2025-01-07,1,rosewood,78.61
2025-01-07,2,mahogany,13.4
2025-01-07,2,maple,7.1
2025-01-07,2,rosewood,86.64
2025-01-07,3,mahogany,12.68
2025-01-07,3,maple,6.11
2025-01-07,3,rosewood,69.42
2025-01-08,1,mahogany,10.79
2025-01-08,1,maple,5.93
2025-01-08,1,rosewood,61.55
2025-01-08,2,mahogany,10.49
2025-01-08,2,maple,8.28
2025-01-08,2,rosewood,86.84
2025-01-08,3,mahogany,13.78
2025-01-08,3,maple,6.28
2025-01-08,3,rosewood,61.88
2025-01-09,1,mahogany,9.98
2025-01-09,1,maple,5.31
2025-01-09,1,rosewood,69.24
2025-01-09,2,mahogany,13.95
2025-01-09,2,maple,6.91
2025-01-09,2,rosewood,69.96
2025-01-09,3,mahogany,11.36
2025-01-09,3,maple,
2025-01-09,3,rosewood,65.03
2025-01-10,1,mahogany,11.98
2025-01-10,1,maple,5.75
2025-01-10,1,rosewood,71.01
2025-01-10,2,mahogany,
2025-01-10,2,maple,6.38
2025-01-10,2,rosewood,103.68
2025-01-10,3,mahogany,11.64
2025-01-10,3,maple,6.77
2025-01-10,3,rosewood,57.44
2025-01-11,1,mahogany,11.07
2025-01-11,1,maple,5.12
2025-01-11,1,rosewood,73.09
2025-01-11,2,mahogany,11.85
2025-01-11,2,maple,6.88
2025-01-11,2,rosewood,71.05
2025-01-11,3,mahogany,11.06
2025-01-11,3,maple,6.66
2025-01-11,3,rosewood,64.69
2025-01-12,1,mahogany,13.09
2025-01-12,1,maple,5.05
2025-01-12,1,rosewood,63.05
2025-01-12,2,mahogany,12.58
2025-01-12,2,maple,7.97
2025-01-12,2,rosewood,79.01
2025-01-12,3,mahogany,13.18
2025-01-12,3,maple,6.28
2025-01-12,3,rosewood,62.41
2025-01-13,1,mahogany,13.16
2025-01-13,1,maple,5.19
2025-01-13,1,rosewood,
2025-01-13,2,mahogany,11.05
2025-01-13,2,maple,6.26
2025-01-13,2,rosewood,86.81
2025-01-13,3,mahogany,12.95
2025-01-13,3,maple,6.17
2025-01-13,3,rosewood,59.34
2025-01-14,1,mahogany,11.41
2025-01-14,1,maple,6.07
2025-01-14,1,rosewood,78.84
2025-01-14,2,mahogany,11.35
2025-01-14,2,maple,7.74
2025-01-14,2,rosewood,59.04
2025-01-14,3,mahogany,11.16
2025-01-14,3,maple,6.05
2025-01-14,3,rosewood,77.0
2025-01-15,1,mahogany,10.32
2025-01-15,1,maple,5.73
2025-01-15,1,rosewood,75.9
2025-01-15,2,mahogany,
2025-01-15,2,maple,7.47
2025-01-15,2,rosewood,91.51
2025-01-15,3,mahogany,13.58
2025-01-15,3,maple,5.71
2025-01-15,3,rosewood,49.26
2025-01-16,1,mahogany,11.11
2025-01-16,1,maple,5.48
2025-01-16,1,rosewood,67.99
2025-01-16,2,mahogany,
2025-01-16,2,maple,
2025-01-16,2,rosewood,73.48
2025-01-16,3,mahogany,11.4
2025-01-16,3,maple,
2025-01-16,3,rosewood,64.93
2025-01-17,1,mahogany,12.23
2025-01-17,1,maple,6.42
2025-01-17,1,rosewood,63.21
2025-01-17,2,mahogany,
2025-01-17,2,maple,8.0
2025-01-17,2,rosewood,80.62
2025-01-17,3,mahogany,12.02
2025-01-17,3,maple,5.6
2025-01-17,3,rosewood,64.49
2025-01-18,1,mahogany,10.05
2025-01-18,1,maple,6.23
2025-01-18,1,rosewood,69.82
2025-01-18,2,mahogany,12.86
2025-01-18,2,maple,7.99
2025-01-18,2,rosewood,74.53
2025-01-18,3,mahogany,13.78
2025-01-18,3,maple,6.76
2025-01-18,3,rosewood,51.14
2025-01-19,1,mahogany,
2025-01-19,1,maple,5.25
2025-01-19,1,rosewood,72.02
2025-01-19,2,mahogany,10.9
2025-01-19,2,maple,7.61
2025-01-19,2,rosewood,86.27
2025-01-19,3,mahogany,12.05
2025-01-19,3,maple,6.45
2025-01-19,3,rosewood,62.12
2025-01-20,1,mahogany,10.02
2025-01-20,1,maple,5.2
2025-01-20,1,rosewood,59.9
2025-01-20,2,mahogany,14.55
2025-01-20,2,maple,6.15
2025-01-20,2,rosewood,75.89
2025-01-20,3,mahogany,12.34
2025-01-20,3,maple,6.4
2025-01-20,3,rosewood,61.01
2025-01-21,1,mahogany,11.38
2025-01-21,1,maple,6.1
2025-01-21,1,rosewood,72.77
2025-01-21,2,mahogany,
2025-01-21,2,maple,6.36
2025-01-21,2,rosewood,75.34
2025-01-21,3,mahogany,12.42
2025-01-21,3,maple,6.02
2025-01-21,3,rosewood,58.54
2025-01-22,1,mahogany,11.66
2025-01-22,1,maple,6.02
2025-01-22,1,rosewood,75.04
2025-01-22,2,mahogany,
2025-01-22,2,maple,6.12
2025-01-22,2,rosewood,86.76
2025-01-22,3,mahogany,12.26
2025-01-22,3,maple,6.98
2025-01-22,3,rosewood,57.68
2025-01-23,1,mahogany,11.91
2025-01-23,1,maple,5.44
2025-01-23,1,rosewood,66.72
2025-01-23,2,mahogany,13.08
2025-01-23,2,maple,6.58
2025-01-23,2,rosewood,80.77
2025-01-23,3,mahogany,13.28
2025-01-23,3,maple,6.68
2025-01-23,3,rosewood,58.28
2025-01-24,1,mahogany,13.31
2025-01-24,1,maple,5.22
2025-01-24,1,rosewood,69.15
2025-01-24,2,mahogany,15.4
2025-01-24,2,maple,8.25
2025-01-24,2,rosewood,79.39
2025-01-24,3,mahogany,12.01
2025-01-24,3,maple,5.54
2025-01-24,3,rosewood,72.11
2025-01-25,1,mahogany,11.34
2025-01-25,1,maple,5.39
2025-01-25,1,rosewood,68.38
2025-01-25,2,mahogany,
2025-01-25,2,maple,6.72
2025-01-25,2,rosewood,89.26
2025-01-25,3,mahogany,12.07
2025-01-25,3,maple,7.15
2025-01-25,3,rosewood,69.75
2025-01-26,1,mahogany,11.85
2025-01-26,1,maple,5.55
2025-01-26,1,rosewood,61.13
2025-01-26,2,mahogany,8.61
2025-01-26,2,maple,6.88
2025-01-26,2,rosewood,58.71
2025-01-26,3,mahogany,11.0
2025-01-26,3,maple,5.99
2025-01-26,3,rosewood,68.11
2025-01-27,1,mahogany,10.98
2025-01-27,1,maple,4.46
2025-01-27,1,rosewood,68.55
2025-01-27,2,mahogany,12.15
2025-01-27,2,maple,9.07
2025-01-27,2,rosewood,65.0
2025-01-27,3,mahogany,12.24
2025-01-27,3,maple,5.58
2025-01-27,3,rosewood,57.18
2025-01-28,1,mahogany,11.66
2025-01-28,1,maple,5.61
2025-01-28,1,rosewood,78.78
2025-01-28,2,mahogany,9.52
2025-01-28,2,maple,6.48
2025-01-28,2,rosewood,80.8
2025-01-28,3,mahogany,11.21
2025-01-28,3,maple,6.42
2025-01-28,3,rosewood,59.7
2025-01-29,1,mahogany,
2025-01-29,1,maple,5.98
2025-01-29,1,rosewood,66.05
2025-01-29,2,mahogany,11.68
2025-01-29,2,maple,7.28
2025-01-29,2,rosewood,60.65
2025-01-29,3,mahogany,12.83
2025-01-29,3,maple,5.61
2025-01-29,3,rosewood,72.51
2025-01-30,1,mahogany,11.7
2025-01-30,1,maple,5.49
2025-01-30,1,rosewood,77.29
2025-01-30,2,mahogany,
2025-01-30,2,maple,7.24
2025-01-30,2,rosewood,85.63
2025-01-30,3,mahogany,11.64
2025-01-30,3,maple,6.14
2025-01-30,3,rosewood,58.54
2025-01-31,1,mahogany,10.72
2025-01-31,1,maple,5.53
2025-01-31,1,rosewood,72.9
2025-01-31,2,mahogany,11.56
2025-01-31,2,maple,5.81
2025-01-31,2,rosewood,89.11
2025-01-31,3,mahogany,11.73
2025-01-31,3,maple,6.02
2025-01-31,3,rosewood,51.6
2025-02-01,1,mahogany,11.54
2025-02-01,1,maple,5.05
2025-02-01,1,rosewood,66.53
2025-02-01,2,mahogany,13.66
2025-02-01,2,maple,5.54
2025-02-01,2,rosewood,86.57
2025-02-01,3,mahogany,12.36
2025-02-01,3,maple,5.97
2025-02-01,3,rosewood,62.13
2025-02-02,1,mahogany,10.88
2025-02-02,1,maple,5.43
2025-02-02,1,rosewood,
2025-02-02,2,mahogany,17.86
2025-02-02,2,maple,7.39
2025-02-02,2,rosewood,86.13
2025-02-02,3,mahogany,12.89
2025-02-02,3,maple,6.11
2025-02-02,3,rosewood,68.4
2025-02-03,1,mahogany,11.44
2025-02-03,1,maple,5.1
2025-02-03,1,rosewood,77.88
2025-02-03,2,mahogany,12.07
2025-02-03,2,maple,8.02
2025-02-03,2,rosewood,86.68
2025-02-03,3,mahogany,13.5
2025-02-03,3,maple,6.84
2025-02-03,3,rosewood,71.04
2025-02-04,1,mahogany,9.99
2025-02-04,1,maple,6.13
2025-02-04,1,rosewood,68.55
2025-02-04,2,mahogany,13.57
2025-02-04,2,maple,6.47
2025-02-04,2,rosewood,93.45
2025-02-04,3,mahogany,10.92
2025-02-04,3,maple,6.55
2025-02-04,3,rosewood,78.38
2025-02-05,1,mahogany,9.33
2025-02-05,1,maple,4.89
2025-02-05,1,rosewood,75.01
2025-02-05,2,mahogany,9.24
2025-02-05,2,maple,
2025-02-05,2,rosewood,85.03
2025-02-05,3,mahogany,12.51
2025-02-05,3,maple,6.54
2025-02-05,3,rosewood,60.44
2025-02-06,1,mahogany,10.97
2025-02-06,1,maple,5.63
2025-02-06,1,rosewood,74.92
2025-02-06,2,mahogany,
2025-02-06,2,maple,6.17
2025-02-06,2,rosewood,74.36
2025-02-06,3,mahogany,11.48
2025-02-06,3,maple,5.37
2025-02-06,3,rosewood,63.13
2025-02-07,1,mahogany,9.61
2025-02-07,1,maple,5.18
2025-02-07,1,rosewood,69.91
2025-02-07,2,mahogany,
2025-02-07,2,maple,8.21
2025-02-07,2,rosewood,72.3
2025-02-07,3,mahogany,12.4
2025-02-07,3,maple,7.08
2025-02-07,3,rosewood,62.76
2025-02-08,1,mahogany,12.6
2025-02-08,1,maple,5.42
2025-02-08,1,rosewood,53.26
2025-02-08,2,mahogany,10.46
2025-02-08,2,maple,7.0
2025-02-08,2,rosewood,65.97
2025-02-08,3,mahogany,14.64
2025-02-08,3,maple,6.02
2025-02-08,3,rosewood,64.99
2025-02-09,1,mahogany,12.34
2025-02-09,1,maple,5.72
2025-02-09,1,rosewood,59.96
2025-02-09,2,mahogany,
2025-02-09,2,maple,6.79
2025-02-09,2,rosewood,74.58
2025-02-09,3,mahogany,12.19
2025-02-09,3,maple,7.02
2025-02-09,3,rosewood,52.69
2025-02-10,1,mahogany,9.93
2025-02-10,1,maple,5.02
2025-02-10,1,rosewood,67.83
2025-02-10,2,mahogany,10.08
2025-02-10,2,maple,7.19
2025-02-10,2,rosewood,79.26
2025-02-10,3,mahogany,10.8
2025-02-10,3,maple,5.85
2025-02-10,3,rosewood,65.12
2025-02-11,1,mahogany,11.85
2025-02-11,1,maple,6.07
2025-02-11,1,rosewood,74.3
2025-02-11,2,mahogany,12.5
2025-02-11,2,maple,7.19
2025-02-11,2,rosewood,62.87
2025-02-11,3,mahogany,11.41
2025-02-11,3,maple,6.18
2025-02-11,3,rosewood,72.54
2025-02-12,1,mahogany,11.58
2025-02-12,1,maple,5.17
2025-02-12,1,rosewood,
2025-02-12,2,mahogany,
2025-02-12,2,maple,6.44
2025-02-12,2,rosewood,77.04
2025-02-12,3,mahogany,12.16
2025-02-12,3,maple,6.09
2025-02-12,3,rosewood,55.1
2025-02-13,1,mahogany,9.59
2025-02-13,1,maple,5.29
2025-02-13,1,rosewood,63.04
2025-02-13,2,mahogany,11.89
2025-02-13,2,maple,7.38
2025-02-13,2,rosewood,76.34
2025-02-13,3,mahogany,11.95
2025-02-13,3,maple,7.16
2025-02-13,3,rosewood,56.92
2025-02-14,1,mahogany,12.7
2025-02-14,1,maple,6.0
2025-02-14,1,rosewood,66.47
2025-02-14,2,mahogany,8.99
2025-02-14,2,maple,
2025-02-14,2,rosewood,81.92
2025-02-14,3,mahogany,11.25
2025-02-14,3,maple,6.14
2025-02-14,3,rosewood,65.36
2025-02-15,1,mahogany,10.49
2025-02-15,1,maple,6.05
2025-02-15,1,rosewood,74.35
2025-02-15,2,mahogany,13.39
2025-02-15,2,maple,6.68
2025-02-15,2,rosewood,66.88
2025-02-15,3,mahogany,12.71
2025-02-15,3,maple,5.69
2025-02-15,3,rosewood,58.58
2025-02-16,1,mahogany,11.93
2025-02-16,1,maple,5.67
2025-02-16,1,rosewood,77.35
2025-02-16,2,mahogany,14.26
2025-02-16,2,maple,8.26
2025-02-16,2,rosewood,78.49
2025-02-16,3,mahogany,12.25
2025-02-16,3,maple,5.67
2025-02-16,3,rosewood,72.17
2025-02-17,1,mahogany,10.86
2025-02-17,1,maple,6.29
2025-02-17,1,rosewood,71.59
2025-02-17,2,mahogany,12.36
2025-02-17,2,maple,8.09
2025-02-17,2,rosewood,90.91
2025-02-17,3,mahogany,13.09
2025-02-17,3,maple,6.96
2025-02-17,3,rosewood,64.32
2025-02-18,1,mahogany,11.4
2025-02-18,1,maple,5.22
2025-02-18,1,rosewood,67.37
2025-02-18,2,mahogany,12.87
2025-02-18,2,maple,7.91
2025-02-18,2,rosewood,83.57
2025-02-18,3,mahogany,10.79
2025-02-18,3,maple,6.05
2025-02-18,3,rosewood,58.34
2025-02-19,1,mahogany,10.22
2025-02-19,1,maple,5.1
2025-02-19,1,rosewood,72.9
2025-02-19,2,mahogany,
2025-02-19,2,maple,7.54
2025-02-19,2,rosewood,83.13
2025-02-19,3,mahogany,13.57
2025-02-19,3,maple,6.21
2025-02-19,3,rosewood,69.02
2025-02-20,1,mahogany,
2025-02-20,1,maple,5.79
2025-02-20,1,rosewood,71.66
2025-02-20,2,mahogany,15.63
2025-02-20,2,maple,6.26
2025-02-20,2,rosewood,99.15
2025-02-20,3,mahogany,12.33
2025-02-20,3,maple,5.66
2025-02-20,3,rosewood,68.01
2025-02-21,1,mahogany,9.84
2025-02-21,1,maple,5.45
2025-02-21,1,rosewood,67.94
2025-02-21,2,mahogany,14.75
2025-02-21,2,maple,7.16
2025-02-21,2,rosewood,87.34
2025-02-21,3,mahogany,12.08
2025-02-21,3,maple,5.7
2025-02-21,3,rosewood,67.76
2025-02-22,1,mahogany,12.03
2025-02-22,1,maple,5.26
2025-02-22,1,rosewood,78.62
2025-02-22,2,mahogany,15.45
2025-02-22,2,maple,7.4
2025-02-22,2,rosewood,62.28
2025-02-22,3,mahogany,12.76
2025-02-22,3,maple,6.01
2025-02-22,3,rosewood,55.92
2025-02-23,1,mahogany,10.68
2025-02-23,1,maple,6.41
2025-02-23,1,rosewood,56.97
2025-02-23,2,mahogany,
2025-02-23,2,maple,5.32
2025-02-23,2,rosewood,64.65
2025-02-23,3,mahogany,14.49
2025-02-23,3,maple,7.17
2025-02-23,3,rosewood,68.07
2025-02-24,1,mahogany,10.53
2025-02-24,1,maple,4.82
2025-02-24,1,rosewood,69.93
2025-02-24,2,mahogany,13.05
2025-02-24,2,maple,8.87
2025-02-24,2,rosewood,
2025-02-24,3,mahogany,12.89
2025-02-24,3,maple,5.66
2025-02-24,3,rosewood,60.63
2025-02-25,1,mahogany,10.87
2025-02-25,1,maple,6.5
2025-02-25,1,rosewood,65.24
2025-02-25,2,mahogany,
2025-02-25,2,maple,7.58
2025-02-25,2,rosewood,81.31
2025-02-25,3,mahogany,13.24
2025-02-25,3,maple,6.31
2025-02-25,3,rosewood,59.44
2025-02-26,1,mahogany,10.25
2025-02-26,1,maple,5.18
2025-02-26,1,rosewood,70.03
2025-02-26,2,mahogany,10.95
2025-02-26,2,maple,8.9
2025-02-26,2,rosewood,100.58
2025-02-26,3,mahogany,12.76
2025-02-26,3,maple,6.8
2025-02-26,3,rosewood,59.32
2025-02-27,1,mahogany,11.53
2025-02-27,1,maple,5.89
2025-02-27,1,rosewood,62.46
2025-02-27,2,mahogany,
2025-02-27,2,maple,6.33
2025-02-27,2,rosewood,57.22
2025-02-27,3,mahogany,11.62
2025-02-27,3,maple,7.1
2025-02-27,3,rosewood,72.47
2025-02-28,1,mahogany,11.14
2025-02-28,1,maple,5.22
2025-02-28,1,rosewood,71.29
2025-02-28,2,mahogany,
2025-02-28,2,maple,6.39
2025-02-28,2,rosewood,72.76
2025-02-28,3,mahogany,11.37
2025-02-28,3,maple,6.72
2025-02-28,3,rosewood,64.11
2025-03-01,1,mahogany,10.75
2025-03-01,1,maple,5.7
2025-03-01,1,rosewood,65.19
2025-03-01,2,mahogany,10.83
2025-03-01,2,maple,7.86
2025-03-01,2,rosewood,72.75
2025-03-01,3,mahogany,12.07
2025-03-01,3,maple,6.65
2025-03-01,3,rosewood,61.02
2025-03-02,1,mahogany,7.76
2025-03-02,1,maple,5.91
2025-03-02,1,rosewood,71.7
2025-03-02,2,mahogany,
2025-03-02,2,maple,5.27
2025-03-02,2,rosewood,66.5
2025-03-02,3,mahogany,12.43
2025-03-02,3,maple,5.71
2025-03-02,3,rosewood,65.16
2025-03-03,1,mahogany,11.1
2025-03-03,1,maple,6.28
2025-03-03,1,rosewood,67.42
2025-03-03,2,mahogany,
2025-03-03,2,maple,8.21
2025-03-03,2,rosewood,77.1
2025-03-03,3,mahogany,13.18
2025-03-03,3,maple,7.07
2025-03-03,3,rosewood,60.19
2025-03-04,1,mahogany,10.86
2025-03-04,1,maple,6.06
2025-03-04,1,rosewood,62.54
2025-03-04,2,mahogany,10.63
2025-03-04,2,maple,5.54
2025-03-04,2,rosewood,108.42
2025-03-04,3,mahogany,12.6
2025-03-04,3,maple,6.81
2025-03-04,3,rosewood,65.05
2025-03-05,1,mahogany,11.3
2025-03-05,1,maple,5.82
2025-03-05,1,rosewood,69.67
2025-03-05,2,mahogany,
2025-03-05,2,maple,7.96
2025-03-05,2,rosewood,77.39
2025-03-05,3,mahogany,12.12
2025-03-05,3,maple,6.31
2025-03-05,3,rosewood,77.01
2025-03-06,1,mahogany,10.38
2025-03-06,1,maple,6.4
2025-03-06,1,rosewood,73.66
2025-03-06,2,mahogany,
2025-03-06,2,maple,6.96
2025-03-06,2,rosewood,
2025-03-06,3,mahogany,11.37
2025-03-06,3,maple,5.51
2025-03-06,3,rosewood,60.92
2025-03-07,1,mahogany,11.03
2025-03-07,1,maple,6.1
2025-03-07,1,rosewood,75.26
2025-03-07,2,mahogany,13.94
2025-03-07,2,maple,6.69
2025-03-07,2,rosewood,88.74
2025-03-07,3,mahogany,10.72
2025-03-07,3,maple,6.61
2025-03-07,3,rosewood,62.39
2025-03-08,1,mahogany,12.7
2025-03-08,1,maple,6.22
2025-03-08,1,rosewood,71.63
2025-03-08,2,mahogany,12.56
2025-03-08,2,maple,9.29
2025-03-08,2,rosewood,51.9
2025-03-08,3,mahogany,13.48
2025-03-08,3,maple,7.53
2025-03-08,3,rosewood,61.83
2025-03-09,1,mahogany,11.41
2025-03-09,1,maple,5.52
2025-03-09,1,rosewood,71.42
2025-03-09,2,mahogany,
2025-03-09,2,maple,8.7
2025-03-09,2,rosewood,93.39
2025-03-09,3,mahogany,10.93
2025-03-09,3,maple,5.78
2025-03-09,3,rosewood,67.97
2025-03-10,1,mahogany,10.67
2025-03-10,1,maple,5.77
2025-03-10,1,rosewood,61.47
2025-03-10,2,mahogany,
2025-03-10,2,maple,6.0
2025-03-10,2,rosewood,68.46
2025-03-10,3,mahogany,13.55
2025-03-10,3,maple,6.41
2025-03-10,3,rosewood,62.15
2025-03-11,1,mahogany,11.05
2025-03-11,1,maple,6.31
2025-03-11,1,rosewood,73.35
2025-03-11,2,mahogany,
2025-03-11,2,maple,5.74
2025-03-11,2,rosewood,87.58
2025-03-11,3,mahogany,10.57
2025-03-11,3,maple,6.56
2025-03-11,3,rosewood,70.23
2025-03-12,1,mahogany,10.31
2025-03-12,1,maple,5.41
2025-03-12,1,rosewood,70.16
2025-03-12,2,mahogany,13.14
2025-03-12,2,maple,8.36
2025-03-12,2,rosewood,77.37
2025-03-12,3,mahogany,10.4
2025-03-12,3,maple,6.28
2025-03-12,3,rosewood,68.48
2025-03-13,1,mahogany,9.61
2025-03-13,1,maple,6.13
2025-03-13,1,rosewood,85.18
2025-03-13,2,mahogany,12.38
2025-03-13,2,maple,6.02
2025-03-13,2,rosewood,89.87
2025-03-13,3,mahogany,12.68
2025-03-13,3,maple,5.28
2025-03-13,3,rosewood,53.14
2025-03-14,1,mahogany,10.15
2025-03-14,1,maple,5.45
2025-03-14,1,rosewood,76.99
2025-03-14,2,mahogany,
2025-03-14,2,maple,6.41
2025-03-14,2,rosewood,87.88
2025-03-14,3,mahogany,12.02
2025-03-14,3,maple,6.23
2025-03-14,3,rosewood,63.73
2025-03-15,1,mahogany,11.69
2025-03-15,1,maple,5.5
2025-03-15,1,rosewood,68.97
2025-03-15,2,mahogany,11.16
2025-03-15,2,maple,6.55
2025-03-15,2,rosewood,85.0
2025-03-15,3,mahogany,13.03
2025-03-15,3,maple,5.42
2025-03-15,3,rosewood,62.25
2025-03-16,1,mahogany,10.6
2025-03-16,1,maple,6.3
2025-03-16,1,rosewood,74.64
2025-03-16,2,mahogany,13.82
2025-03-16,2,maple,6.85
2025-03-16,2,rosewood,58.96
2025-03-16,3,mahogany,11.65
2025-03-16,3,maple,6.05
2025-03-16,3,rosewood,66.64
2025-03-17,1,mahogany,9.72
2025-03-17,1,maple,6.48
2025-03-17,1,rosewood,69.36
2025-03-17,2,mahogany,14.72
2025-03-17,2,maple,5.44
2025-03-17,2,rosewood,73.39
2025-03-17,3,mahogany,12.91
2025-03-17,3,maple,5.97
2025-03-17,3,rosewood,67.12
2025-03-18,1,mahogany,13.57
2025-03-18,1,maple,6.4
2025-03-18,1,rosewood,83.59
2025-03-18,2,mahogany,11.42
2025-03-18,2,maple,7.13
2025-03-18,2,rosewood,91.17
2025-03-18,3,mahogany,12.95
2025-03-18,3,maple,6.2
2025-03-18,3,rosewood,64.33
2025-03-19,1,mahogany,11.12
2025-03-19,1,maple,4.66
2025-03-19,1,rosewood,70.88
2025-03-19,2,mahogany,12.1
2025-03-19,2,maple,5.32
2025-03-19,2,rosewood,99.05
2025-03-19,3,mahogany,12.59
2025-03-19,3,maple,5.44
2025-03-19,3,rosewood,54.23
2025-03-20,1,mahogany,9.93
2025-03-20,1,maple,5.52
2025-03-20,1,rosewood,79.18
2025-03-20,2,mahogany,14.52
2025-03-20,2,maple,6.63
2025-03-20,2,rosewood,94.32
2025-03-20,3,mahogany,12.24
2025-03-20,3,maple,6.39
2025-03-20,3,rosewood,67.37
2025-03-21,1,mahogany,10.61
2025-03-21,1,maple,5.1
2025-03-21,1,rosewood,66.4
2025-03-21,2,mahogany,12.48
2025-03-21,2,maple,7.15
2025-03-21,2,rosewood,93.33
2025-03-21,3,mahogany,13.54
2025-03-21,3,maple,6.47
2025-03-21,3,rosewood,65.75
2025-03-22,1,mahogany,11.13
2025-03-22,1,maple,5.63
2025-03-22,1,rosewood,81.79
2025-03-22,2,mahogany,10.23
2025-03-22,2,maple,9.08
2025-03-22,2,rosewood,80.98
2025-03-22,3,mahogany,12.35
2025-03-22,3,maple,5.92
2025-03-22,3,rosewood,68.38
2025-03-23,1,mahogany,11.12
2025-03-23,1,maple,5.61
2025-03-23,1,rosewood,65.33
2025-03-23,2,mahogany,12.2
2025-03-23,2,maple,7.89
2025-03-23,2,rosewood,79.06
2025-03-23,3,mahogany,14.21
2025-03-23,3,maple,7.09
2025-03-23,3,rosewood,61.62
2025-03-24,1,mahogany,
2025-03-24,1,maple,6.5
2025-03-24,1,rosewood,69.78
2025-03-24,2,mahogany,12.37
2025-03-24,2,maple,9.0
2025-03-24,2,rosewood,66.33
2025-03-24,3,mahogany,12.27
2025-03-24,3,maple,5.59
2025-03-24,3,rosewood,67.4
2025-03-25,1,mahogany,9.89
2025-03-25,1,maple,5.13
2025-03-25,1,rosewood,69.25
2025-03-25,2,mahogany,10.49
2025-03-25,2,maple,6.24
2025-03-25,2,rosewood,70.72
2025-03-25,3,mahogany,12.72
2025-03-25,3,maple,5.28
2025-03-25,3,rosewood,58.24
2025-03-26,1,mahogany,12.28
2025-03-26,1,maple,5.83
2025-03-26,1,rosewood,69.34
2025-03-26,2,mahogany,
2025-03-26,2,maple,7.89
2025-03-26,2,rosewood,96.4
2025-03-26,3,mahogany,12.57
2025-03-26,3,maple,5.49
2025-03-26,3,rosewood,66.89
2025-03-27,1,mahogany,11.12
2025-03-27,1,maple,5.38
2025-03-27,1,rosewood,67.4
2025-03-27,2,mahogany,11.38
2025-03-27,2,maple,7.62
2025-03-27,2,rosewood,76.24
2025-03-27,3,mahogany,11.48
2025-03-27,3,maple,5.8
2025-03-27,3,rosewood,71.36
2025-03-28,1,mahogany,10.52
2025-03-28,1,maple,6.1
2025-03-28,1,rosewood,71.71
2025-03-28,2,mahogany,12.07
2025-03-28,2,maple,6.65
2025-03-28,2,rosewood,69.35
2025-03-28,3,mahogany,12.16
2025-03-28,3,maple,7.01
2025-03-28,3,rosewood,66.55
2025-03-29,1,mahogany,9.8
2025-03-29,1,maple,6.5
2025-03-29,1,rosewood,67.51
2025-03-29,2,mahogany,13.57
2025-03-29,2,maple,7.61
2025-03-29,2,rosewood,77.75
2025-03-29,3,mahogany,11.7
2025-03-29,3,maple,6.09
2025-03-29,3,rosewood,65.14
2025-03-30,1,mahogany,12.3
2025-03-30,1,maple,5.55
2025-03-30,1,rosewood,70.25
2025-03-30,2,mahogany,9.06
2025-03-30,2,maple,8.56
2025-03-30,2,rosewood,85.34
2025-03-30,3,mahogany,13.32
2025-03-30,3,maple,5.72
2025-03-30,3,rosewood,67.13
2025-03-31,1,mahogany,9.3
2025-03-31,1,maple,5.37
2025-03-31,1,rosewood,60.45
2025-03-31,2,mahogany,13.97
2025-03-31,2,maple,6.38
2025-03-31,2,rosewood,
2025-03-31,3,mahogany,
2025-03-31,3,maple,6.04
2025-03-31,3,rosewood,63.29
2025-04-01,1,mahogany,9.22
2025-04-01,1,maple,5.78
2025-04-01,1,rosewood,71.13
2025-04-01,2,mahogany,
2025-04-01,2,maple,5.78
2025-04-01,2,rosewood,93.3
2025-04-01,3,mahogany,13.28
2025-04-01,3,maple,6.33
2025-04-01,3,rosewood,59.44
2025-04-02,1,mahogany,11.82
2025-04-02,1,maple,5.52
2025-04-02,1,rosewood,73.17
2025-04-02,2,mahogany,12.27
2025-04-02,2,maple,8.4
2025-04-02,2,rosewood,78.45
2025-04-02,3,mahogany,11.44
2025-04-02,3,maple,6.76
2025-04-02,3,rosewood,58.23
2025-04-03,1,mahogany,
2025-04-03,1,maple,5.88
2025-04-03,1,rosewood,68.59
2025-04-03,2,mahogany,11.79
2025-04-03,2,maple,6.14
2025-04-03,2,rosewood,69.06
2025-04-03,3,mahogany,12.18
2025-04-03,3,maple,6.07
2025-04-03,3,rosewood,68.62
2025-04-04,1,mahogany,10.7
2025-04-04,1,maple,5.45
2025-04-04,1,rosewood,79.69
2025-04-04,2,mahogany,12.55
2025-04-04,2,maple,8.09
2025-04-04,2,rosewood,88.58
2025-04-04,3,mahogany,12.85
2025-04-04,3,maple,6.07
2025-04-04,3,rosewood,66.78
2025-04-05,1,mahogany,11.83
2025-04-05,1,maple,4.74
2025-04-05,1,rosewood,70.13
2025-04-05,2,mahogany,
2025-04-05,2,maple,5.11
2025-04-05,2,rosewood,75.78
2025-04-05,3,mahogany,14.62
2025-04-05,3,maple,7.11
2025-04-05,3,rosewood,63.96
2025-04-06,1,mahogany,10.33
2025-04-06,1,maple,4.38
2025-04-06,1,rosewood,65.52
2025-04-06,2,mahogany,11.56
2025-04-06,2,maple,8.12
2025-04-06,2,rosewood,96.76
2025-04-06,3,mahogany,12.74
2025-04-06,3,maple,7.14
2025-04-06,3,rosewood,66.69
2025-04-07,1,mahogany,11.15
2025-04-07,1,maple,5.99
2025-04-07,1,rosewood,69.45
2025-04-07,2,mahogany,14.4
2025-04-07,2,maple,6.88
2025-04-07,2,rosewood,94.49
2025-04-07,3,mahogany,13.12
2025-04-07,3,maple,5.99
2025-04-07,3,rosewood,57.23
2025-04-08,1,mahogany,10.25
2025-04-08,1,maple,5.34
2025-04-08,1,rosewood,73.42
2025-04-08,2,mahogany,
2025-04-08,2,maple,7.22
2025-04-08,2,rosewood,95.87
2025-04-08,3,mahogany,13.82
2025-04-08,3,maple,7.21
2025-04-08,3,rosewood,63.5
2025-04-09,1,mahogany,11.2
2025-04-09,1,maple,5.26
2025-04-09,1,rosewood,76.46
2025-04-09,2,mahogany,9.64
2025-04-09,2,maple,6.44
2025-04-09,2,rosewood,79.05
2025-04-09,3,mahogany,10.97
2025-04-09,3,maple,5.69
2025-04-09,3,rosewood,65.25
2025-04-10,1,mahogany,9.26
2025-04-10,1,maple,5.31
2025-04-10,1,rosewood,63.14
2025-04-10,2,mahogany,13.21
2025-04-10,2,maple,6.71
2025-04-10,2,rosewood,80.88
2025-04-10,3,mahogany,10.14
2025-04-10,3,maple,6.12
2025-04-10,3,rosewood,62.9
2025-04-11,1,mahogany,11.11
2025-04-11,1,maple,5.31
2025-04-11,1,rosewood,61.86
2025-04-11,2,mahogany,12.44
2025-04-11,2,maple,7.63
2025-04-11,2,rosewood,83.13
2025-04-11,3,mahogany,11.74
2025-04-11,3,maple,6.2
2025-04-11,3,rosewood,54.38
2025-04-12,1,mahogany,9.92
2025-04-12,1,maple,5.42
2025-04-12,1,rosewood,67.15
2025-04-12,2,mahogany,10.17
2025-04-12,2,maple,8.16
2025-04-12,2,rosewood,80.91
2025-04-12,3,mahogany,12.16
2025-04-12,3,maple,5.23
2025-04-12,3,rosewood,63.24
2025-04-13,1,mahogany,12.07
2025-04-13,1,maple,5.82
2025-04-13,1,rosewood,66.4
2025-04-13,2,mahogany,
2025-04-13,2,maple,6.42
2025-04-13,2,rosewood,109.97
2025-04-13,3,mahogany,13.34
2025-04-13,3,maple,6.8
2025-04-13,3,rosewood,65.92
2025-04-14,1,mahogany,12.04
2025-04-14,1,maple,5.06
2025-04-14,1,rosewood,75.41
2025-04-14,2,mahogany,13.82
2025-04-14,2,maple,6.95
2025-04-14,2,rosewood,69.65
2025-04-14,3,mahogany,12.51
2025-04-14,3,maple,5.87
2025-04-14,3,rosewood,64.37
2025-04-15,1,mahogany,12.26
2025-04-15,1,maple,5.05
2025-04-15,1,rosewood,61.54
2025-04-15,2,mahogany,14.53
2025-04-15,2,maple,6.96
2025-04-15,2,rosewood,89.42
2025-04-15,3,mahogany,11.66
2025-04-15,3,maple,5.91
2025-04-15,3,rosewood,66.85
2025-04-16,1,mahogany,9.93
2025-04-16,1,maple,
2025-04-16,1,rosewood,67.29
2025-04-16,2,mahogany,13.13
2025-04-16,2,maple,7.0
2025-04-16,2,rosewood,79.22
2025-04-16,3,mahogany,8.9
2025-04-16,3,maple,6.52
2025-04-16,3,rosewood,58.61
2025-04-17,1,mahogany,11.96
2025-04-17,1,maple,5.93
2025-04-17,1,rosewood,67.2
2025-04-17,2,mahogany,
2025-04-17,2,maple,7.79
2025-04-17,2,rosewood,79.37
2025-04-17,3,mahogany,14.15
2025-04-17,3,maple,7.05
2025-04-17,3,rosewood,
2025-04-18,1,mahogany,11.86
2025-04-18,1,maple,5.7
2025-04-18,1,rosewood,74.76
2025-04-18,2,mahogany,12.13
2025-04-18,2,maple,7.79
2025-04-18,2,rosewood,73.86
2025-04-18,3,mahogany,13.2
2025-04-18,3,maple,6.63
2025-04-18,3,rosewood,63.84
2025-04-19,1,mahogany,11.53
2025-04-19,1,maple,4.86
2025-04-19,1,rosewood,73.08
2025-04-19,2,mahogany,11.26
2025-04-19,2,maple,7.12
2025-04-19,2,rosewood,96.64
2025-04-19,3,mahogany,14.14
2025-04-19,3,maple,5.53
2025-04-19,3,rosewood,65.16
2025-04-20,1,mahogany,11.12
2025-04-20,1,maple,5.27
2025-04-20,1,rosewood,70.01
2025-04-20,2,mahogany,
2025-04-20,2,maple,9.82
2025-04-20,2,rosewood,87.02
2025-04-20,3,mahogany,13.21
2025-04-20,3,maple,6.18
2025-04-20,3,rosewood,65.22
2025-04-21,1,mahogany,10.14
2025-04-21,1,maple,5.84
2025-04-21,1,rosewood,77.79
2025-04-21,2,mahogany,11.5
2025-04-21,2,maple,7.94
2025-04-21,2,rosewood,89.96
2025-04-21,3,mahogany,14.13
2025-04-21,3,maple,6.9
2025-04-21,3,rosewood,55.2
2025-04-22,1,mahogany,10.92
2025-04-22,1,maple,4.76
2025-04-22,1,rosewood,78.62
2025-04-22,2,mahogany,12.89
2025-04-22,2,maple,7.01
2025-04-22,2,rosewood,86.28
2025-04-22,3,mahogany,13.54
2025-04-22,3,maple,5.74
2025-04-22,3,rosewood,60.87
2025-04-23,1,mahogany,11.96
2025-04-23,1,maple,5.57
2025-04-23,1,rosewood,70.33
2025-04-23,2,mahogany,10.96
2025-04-23,2,maple,7.26
2025-04-23,2,rosewood,83.67
2025-04-23,3,mahogany,12.31
2025-04-23,3,maple,6.55
2025-04-23,3,rosewood,
2025-04-24,1,mahogany,11.9
2025-04-24,1,maple,5.54
2025-04-24,1,rosewood,59.73
2025-04-24,2,mahogany,
2025-04-24,2,maple,8.62
2025-04-24,2,rosewood,73.03
2025-04-24,3,mahogany,10.53
2025-04-24,3,maple,6.73
2025-04-24,3,rosewood,67.04
2025-04-25,1,mahogany,11.25
2025-04-25,1,maple,5.99
2025-04-25,1,rosewood,64.48
2025-04-25,2,mahogany,11.57
2025-04-25,2,maple,7.56
2025-04-25,2,rosewood,81.07
2025-04-25,3,mahogany,12.28
2025-04-25,3,maple,6.15
2025-04-25,3,rosewood,67.16
2025-04-26,1,mahogany,
2025-04-26,1,maple,4.97
2025-04-26,1,rosewood,82.28
2025-04-26,2,mahogany,
2025-04-26,2,maple,7.24
2025-04-26,2,rosewood,77.01
2025-04-26,3,mahogany,14.09
2025-04-26,3,maple,6.98
2025-04-26,3,rosewood,59.33
2025-04-27,1,mahogany,10.6
2025-04-27,1,maple,5.64
2025-04-27,1,rosewood,73.03
2025-04-27,2,mahogany,
2025-04-27,2,maple,
2025-04-27,2,rosewood,71.23
2025-04-27,3,mahogany,11.64
2025-04-27,3,maple,4.82
2025-04-27,3,rosewood,66.01
2025-04-28,1,mahogany,9.51
2025-04-28,1,maple,5.14
2025-04-28,1,rosewood,74.82
2025-04-28,2,mahogany,14.02
2025-04-28,2,maple,6.73
2025-04-28,2,rosewood,110.25
2025-04-28,3,mahogany,14.21
2025-04-28,3,maple,6.51
2025-04-28,3,rosewood,62.45
2025-04-29,1,mahogany,10.23
2025-04-29,1,maple,4.75
2025-04-29,1,rosewood,77.29
2025-04-29,2,mahogany,12.81
2025-04-29,2,maple,8.3
2025-04-29,2,rosewood,61.46
2025-04-29,3,mahogany,11.95
2025-04-29,3,maple,5.58
2025-04-29,3,rosewood,60.21
2025-04-30,1,mahogany,11.31
2025-04-30,1,maple,4.87
2025-04-30,1,rosewood,70.48
2025-04-30,2,mahogany,11.98
2025-04-30,2,maple,7.59
2025-04-30,2,rosewood,83.52
2025-04-30,3,mahogany,12.13
2025-04-30,3,maple,6.13
2025-04-30,3,rosewood,64.6
2025-05-01,1,mahogany,11.68
2025-05-01,1,maple,
2025-05-01,1,rosewood,62.96
2025-05-01,2,mahogany,14.92
2025-05-01,2,maple,6.95
2025-05-01,2,rosewood,76.56
2025-05-01,3,mahogany,11.17
2025-05-01,3,maple,
2025-05-01,3,rosewood,66.23
2025-05-02,1,mahogany,10.74
2025-05-02,1,maple,6.14
2025-05-02,1,rosewood,57.58
2025-05-02,2,mahogany,17.04
2025-05-02,2,maple,6.25
2025-05-02,2,rosewood,72.89
2025-05-02,3,mahogany,11.95
2025-05-02,3,maple,6.04
2025-05-02,3,rosewood,63.02
2025-05-03,1,mahogany,12.56
2025-05-03,1,maple,5.71
2025-05-03,1,rosewood,76.46
2025-05-03,2,mahogany,11.99
2025-05-03,2,maple,6.01
2025-05-03,2,rosewood,96.08
2025-05-03,3,mahogany,14.6
2025-05-03,3,maple,6.3
2025-05-03,3,rosewood,60.74
2025-05-04,1,mahogany,10.13
2025-05-04,1,maple,5.82
2025-05-04,1,rosewood,75.77
2025-05-04,2,mahogany,11.79
2025-05-04,2,maple,6.43
2025-05-04,2,rosewood,90.36
2025-05-04,3,mahogany,12.68
2025-05-04,3,maple,6.27
2025-05-04,3,rosewood,58.78
2025-05-05,1,mahogany,10.06
2025-05-05,1,maple,5.19
2025-05-05,1,rosewood,65.9
2025-05-05,2,mahogany,12.95
2025-05-05,2,maple,6.53
2025-05-05,2,rosewood,85.34
2025-05-05,3,mahogany,13.08
2025-05-05,3,maple,6.85
2025-05-05,3,rosewood,62.71
2025-05-06,1,mahogany,10.19
2025-05-06,1,maple,6.55
2025-05-06,1,rosewood,
2025-05-06,2,mahogany,
2025-05-06,2,maple,8.87
2025-05-06,2,rosewood,103.77
2025-05-06,3,mahogany,12.33
2025-05-06,3,maple,6.61
2025-05-06,3,rosewood,63.4
2025-05-07,1,mahogany,12.39
2025-05-07,1,maple,5.3
2025-05-07,1,rosewood,72.41
2025-05-07,2,mahogany,
2025-05-07,2,maple,5.97
2025-05-07,2,rosewood,77.34
2025-05-07,3,mahogany,12.7
2025-05-07,3,maple,6.87
2025-05-07,3,rosewood,67.04
2025-05-08,1,mahogany,10.7
2025-05-08,1,maple,5.43
2025-05-08,1,rosewood,57.9
2025-05-08,2,mahogany,9.45
2025-05-08,2,maple,7.4
2025-05-08,2,rosewood,77.65
2025-05-08,3,mahogany,14.0
2025-05-08,3,maple,6.09
2025-05-08,3,rosewood,73.92
2025-05-09,1,mahogany,10.81
2025-05-09,1,maple,6.57
2025-05-09,1,rosewood,68.87
2025-05-09,2,mahogany,12.16
2025-05-09,2,maple,
2025-05-09,2,rosewood,92.04
2025-05-09,3,mahogany,13.29
2025-05-09,3,maple,5.6
2025-05-09,3,rosewood,63.25
2025-05-10,1,mahogany,10.46
2025-05-10,1,maple,5.2
2025-05-10,1,rosewood,70.44
2025-05-10,2,mahogany,11.96
2025-05-10,2,maple,8.14
2025-05-10,2,rosewood,83.63
2025-05-10,3,mahogany,12.93
2025-05-10,3,maple,5.29
2025-05-10,3,rosewood,72.91
2025-05-11,1,mahogany,11.28
2025-05-11,1,maple,5.49
2025-05-11,1,rosewood,60.38
2025-05-11,2,mahogany,13.17
2025-05-11,2,maple,8.58
2025-05-11,2,rosewood,76.52
2025-05-11,3,mahogany,13.28
2025-05-11,3,maple,5.26
2025-05-11,3,rosewood,61.26
2025-05-12,1,mahogany,11.32
2025-05-12,1,maple,5.18
2025-05-12,1,rosewood,
2025-05-12,2,mahogany,12.31
2025-05-12,2,maple,6.87
2025-05-12,2,rosewood,
2025-05-12,3,mahogany,13.58
2025-05-12,3,maple,6.25
2025-05-12,3,rosewood,69.18
2025-05-13,1,mahogany,12.1
2025-05-13,1,maple,5.42
2025-05-13,1,rosewood,66.73
2025-05-13,2,mahogany,10.33
2025-05-13,2,maple,5.48
2025-05-13,2,rosewood,81.72
2025-05-13,3,mahogany,13.32
2025-05-13,3,maple,5.77
2025-05-13,3,rosewood,51.91
2025-05-14,1,mahogany,9.98
2025-05-14,1,maple,5.36
2025-05-14,1,rosewood,68.7
2025-05-14,2,mahogany,12.52
2025-05-14,2,maple,6.94
2025-05-14,2,rosewood,80.77
2025-05-14,3,mahogany,12.3
2025-05-14,3,maple,6.34
2025-05-14,3,rosewood,65.33
2025-05-15,1,mahogany,11.13
2025-05-15,1,maple,5.48
2025-05-15,1,rosewood,68.8
2025-05-15,2,mahogany,10.8
2025-05-15,2,maple,7.9
2025-05-15,2,rosewood,75.56
2025-05-15,3,mahogany,11.77
2025-05-15,3,maple,6.79
2025-05-15,3,rosewood,62.55
2025-05-16,1,mahogany,11.13
2025-05-16,1,maple,5.15
2025-05-16,1,rosewood,67.18
2025-05-16,2,mahogany,9.65
2025-05-16,2,maple,6.3
2025-05-16,2,rosewood,84.33
2025-05-16,3,mahogany,11.99
2025-05-16,3,maple,4.85
2025-05-16,3,rosewood,77.69
2025-05-17,1,mahogany,10.44
2025-05-17,1,maple,5.3
2025-05-17,1,rosewood,77.14
2025-05-17,2,mahogany,12.99
2025-05-17,2,maple,6.61
2025-05-17,2,rosewood,77.28
2025-05-17,3,mahogany,13.62
2025-05-17,3,maple,6.63
2025-05-17,3,rosewood,61.25
2025-05-18,1,mahogany,10.86
2025-05-18,1,maple,5.5
2025-05-18,1,rosewood,73.12
2025-05-18,2,mahogany,13.69
2025-05-18,2,maple,7.05
2025-05-18,2,rosewood,79.52
2025-05-18,3,mahogany,14.6
2025-05-18,3,maple,6.55
2025-05-18,3,rosewood,62.86
2025-05-19,1,mahogany,12.54
2025-05-19,1,maple,4.78
2025-05-19,1,rosewood,69.82
2025-05-19,2,mahogany,
2025-05-19,2,maple,7.92
2025-05-19,2,rosewood,65.9
2025-05-19,3,mahogany,13.12
2025-05-19,3,maple,6.57
2025-05-19,3,rosewood,59.8
2025-05-20,1,mahogany,11.09
2025-05-20,1,maple,5.32
2025-05-20,1,rosewood,62.54
2025-05-20,2,mahogany,11.61
2025-05-20,2,maple,8.21
2025-05-20,2,rosewood,79.62
2025-05-20,3,mahogany,12.75
2025-05-20,3,maple,6.7
2025-05-20,3,rosewood,62.28
2025-05-21,1,mahogany,7.73
2025-05-21,1,maple,5.45
2025-05-21,1,rosewood,73.28
2025-05-21,2,mahogany,13.31
2025-05-21,2,maple,8.86
2025-05-21,2,rosewood,72.19
2025-05-21,3,mahogany,12.33
2025-05-21,3,maple,6.92
2025-05-21,3,rosewood,62.72
2025-05-22,1,mahogany,10.45
2025-05-22,1,maple,5.22
2025-05-22,1,rosewood,64.09
2025-05-22,2,mahogany,17.38
2025-05-22,2,maple,8.17
2025-05-22,2,rosewood,86.59
2025-05-22,3,mahogany,11.81
2025-05-22,3,maple,6.24
2025-05-22,3,rosewood,58.97
2025-05-23,1,mahogany,11.88
2025-05-23,1,maple,5.8
2025-05-23,1,rosewood,70.96
2025-05-23,2,mahogany,13.6
2025-05-23,2,maple,
2025-05-23,2,rosewood,85.63
2025-05-23,3,mahogany,11.5
2025-05-23,3,maple,5.43
2025-05-23,3,rosewood,66.7
2025-05-24,1,mahogany,11.87
2025-05-24,1,maple,5.1
2025-05-24,1,rosewood,80.32
2025-05-24,2,mahogany,12.71
2025-05-24,2,maple,6.76
2025-05-24,2,rosewood,62.38
2025-05-24,3,mahogany,13.3
2025-05-24,3,maple,7.35
2025-05-24,3,rosewood,73.62
2025-05-25,1,mahogany,11.21
2025-05-25,1,maple,6.15
2025-05-25,1,rosewood,67.31
2025-05-25,2,mahogany,
2025-05-25,2,maple,7.48
2025-05-25,2,rosewood,76.21
2025-05-25,3,mahogany,12.63
2025-05-25,3,maple,5.82
2025-05-25,3,rosewood,70.66
2025-05-26,1,mahogany,11.52
2025-05-26,1,maple,5.69
2025-05-26,1,rosewood,69.38
2025-05-26,2,mahogany,8.73
2025-05-26,2,maple,6.12
2025-05-26,2,rosewood,83.13
2025-05-26,3,mahogany,14.16
2025-05-26,3,maple,6.17
2025-05-26,3,rosewood,61.17
2025-05-27,1,mahogany,10.62
2025-05-27,1,maple,5.99
2025-05-27,1,rosewood,75.78
2025-05-27,2,mahogany,13.23
2025-05-27,2,maple,7.05
2025-05-27,2,rosewood,95.22
2025-05-27,3,mahogany,13.9
2025-05-27,3,maple,7.52
2025-05-27,3,rosewood,62.93
2025-05-28,1,mahogany,10.92
2025-05-28,1,maple,4.78
2025-05-28,1,rosewood,79.82
2025-05-28,2,mahogany,16.61
2025-05-28,2,maple,8.26
2025-05-28,2,rosewood,76.57
2025-05-28,3,mahogany,11.91
2025-05-28,3,maple,5.59
2025-05-28,3,rosewood,60.06
2025-05-29,1,mahogany,11.39
2025-05-29,1,maple,5.6
2025-05-29,1,rosewood,67.84
2025-05-29,2,mahogany,10.78
2025-05-29,2,maple,6.93
2025-05-29,2,rosewood,71.33
2025-05-29,3,mahogany,13.49
2025-05-29,3,maple,6.48
2025-05-29,3,rosewood,77.35
2025-05-30,1,mahogany,12.01
2025-05-30,1,maple,4.7
2025-05-30,1,rosewood,62.32
2025-05-30,2,mahogany,10.93
2025-05-30,2,maple,8.21
2025-05-30,2,rosewood,89.64
2025-05-30,3,mahogany,12.46
2025-05-30,3,maple,6.37
2025-05-30,3,rosewood,69.0
2025-05-31,1,mahogany,12.17
2025-05-31,1,maple,4.23
2025-05-31,1,rosewood,66.49
2025-05-31,2,mahogany,12.42
2025-05-31,2,maple,8.14
2025-05-31,2,rosewood,71.88
2025-05-31,3,mahogany,11.86
2025-05-31,3,maple,5.94
2025-05-31,3,rosewood,
2025-06-01,1,mahogany,11.1
2025-06-01,1,maple,5.88
2025-06-01,1,rosewood,73.44
2025-06-01,2,mahogany,
2025-06-01,2,maple,7.34
2025-06-01,2,rosewood,78.38
2025-06-01,3,mahogany,10.66
2025-06-01,3,maple,6.66
2025-06-01,3,rosewood,57.25
2025-06-02,1,mahogany,11.03
2025-06-02,1,maple,5.32
2025-06-02,1,rosewood,79.87
2025-06-02,2,mahogany,12.18
2025-06-02,2,maple,7.55
2025-06-02,2,rosewood,73.67
2025-06-02,3,mahogany,11.71
2025-06-02,3,maple,6.42
2025-06-02,3,rosewood,57.47
2025-06-03,1,mahogany,
2025-06-03,1,maple,5.09
2025-06-03,1,rosewood,70.3
2025-06-03,2,mahogany,9.55
2025-06-03,2,maple,6.67
2025-06-03,2,rosewood,59.94
2025-06-03,3,mahogany,13.49
2025-06-03,3,maple,6.06
2025-06-03,3,rosewood,55.65
2025-06-04,1,mahogany,10.24
2025-06-04,1,maple,5.07
2025-06-04,1,rosewood,66.67
2025-06-04,2,mahogany,7.62
2025-06-04,2,maple,8.72
2025-06-04,2,rosewood,81.15
2025-06-04,3,mahogany,
2025-06-04,3,maple,6.79
2025-06-04,3,rosewood,73.51
2025-06-05,1,mahogany,11.56
2025-06-05,1,maple,5.69
2025-06-05,1,rosewood,65.95
2025-06-05,2,mahogany,15.56
2025-06-05,2,maple,6.7
2025-06-05,2,rosewood,95.25
2025-06-05,3,mahogany,14.29
2025-06-05,3,maple,5.91
2025-06-05,3,rosewood,76.01
2025-06-06,1,mahogany,10.19
2025-06-06,1,maple,
2025-06-06,1,rosewood,66.47
2025-06-06,2,mahogany,14.1
2025-06-06,2,maple,7.39
2025-06-06,2,rosewood,94.77
2025-06-06,3,mahogany,11.88
2025-06-06,3,maple,6.17
2025-06-06,3,rosewood,61.38
2025-06-07,1,mahogany,12.02
2025-06-07,1,maple,5.05
2025-06-07,1,rosewood,68.56
2025-06-07,2,mahogany,11.55
2025-06-07,2,maple,8.57
2025-06-07,2,rosewood,90.19
2025-06-07,3,mahogany,13.14
2025-06-07,3,maple,7.1
2025-06-07,3,rosewood,60.56
2025-06-08,1,mahogany,9.43
2025-06-08,1,maple,5.43
2025-06-08,1,rosewood,80.79
2025-06-08,2,mahogany,9.59
2025-06-08,2,maple,7.52
2025-06-08,2,rosewood,83.24
2025-06-08,3,mahogany,10.81
2025-06-08,3,maple,6.4
2025-06-08,3,rosewood,66.76
2025-06-09,1,mahogany,11.88
2025-06-09,1,maple,5.35
2025-06-09,1,rosewood,71.5
2025-06-09,2,mahogany,14.53
2025-06-09,2,maple,5.18
2025-06-09,2,rosewood,82.97
2025-06-09,3,mahogany,12.95
2025-06-09,3,maple,5.39
2025-06-09,3,rosewood,64.63
2025-06-10,1,mahogany,12.0
2025-06-10,1,maple,5.4
2025-06-10,1,rosewood,64.47
2025-06-10,2,mahogany,12.8
2025-06-10,2,maple,8.93
2025-06-10,2,rosewood,96.03
2025-06-10,3,mahogany,14.31
2025-06-10,3,maple,6.01
2025-06-10,3,rosewood,51.99
2025-06-11,1,mahogany,10.6
2025-06-11,1,maple,5.7
2025-06-11,1,rosewood,71.91
2025-06-11,2,mahogany,17.2
2025-06-11,2,maple,6.99
2025-06-11,2,rosewood,93.84
2025-06-11,3,mahogany,12.12
2025-06-11,3,maple,5.87
2025-06-11,3,rosewood,65.74
2025-06-12,1,mahogany,11.92
2025-06-12,1,maple,4.13
2025-06-12,1,rosewood,65.69
2025-06-12,2,mahogany,
2025-06-12,2,maple,
2025-06-12,2,rosewood,85.15
2025-06-12,3,mahogany,12.33
2025-06-12,3,maple,6.24
2025-06-12,3,rosewood,56.81
2025-06-13,1,mahogany,11.47
2025-06-13,1,maple,6.18
2025-06-13,1,rosewood,65.58
2025-06-13,2,mahogany,13.8
2025-06-13,2,maple,6.25
2025-06-13,2,rosewood,77.18
2025-06-13,3,mahogany,12.55
2025-06-13,3,maple,6.15
2025-06-13,3,rosewood,55.91
2025-06-14,1,mahogany,9.5
2025-06-14,1,maple,5.03
2025-06-14,1,rosewood,73.96
2025-06-14,2,mahogany,15.53
2025-06-14,2,maple,6.68
2025-06-14,2,rosewood,85.55
2025-06-14,3,mahogany,10.53
2025-06-14,3,maple,6.37
2025-06-14,3,rosewood,55.96
2025-06-15,1,mahogany,11.33
2025-06-15,1,maple,5.32
2025-06-15,1,rosewood,68.01
2025-06-15,2,mahogany,15.59
2025-06-15,2,maple,9.07
2025-06-15,2,rosewood,89.65
2025-06-15,3,mahogany,11.13
2025-06-15,3,maple,5.76
2025-06-15,3,rosewood,68.66
2025-06-16,1,mahogany,12.04
2025-06-16,1,maple,5.93
2025-06-16,1,rosewood,69.67
2025-06-16,2,mahogany,13.29
2025-06-16,2,maple,5.9
2025-06-16,2,rosewood,65.24
2025-06-16,3,mahogany,13.33
2025-06-16,3,maple,6.69
2025-06-16,3,rosewood,64.06
2025-06-17,1,mahogany,12.8
2025-06-17,1,maple,5.45
2025-06-17,1,rosewood,72.86
2025-06-17,2,mahogany,12.88
2025-06-17,2,maple,4.67
2025-06-17,2,rosewood,70.97
2025-06-17,3,mahogany,13.77
2025-06-17,3,maple,
2025-06-17,3,rosewood,61.55
2025-06-18,1,mahogany,
2025-06-18,1,maple,5.8
2025-06-18,1,rosewood,73.63
2025-06-18,2,mahogany,15.77
2025-06-18,2,maple,8.03
2025-06-18,2,rosewood,97.86
2025-06-18,3,mahogany,11.63
2025-06-18,3,maple,5.67
2025-06-18,3,rosewood,60.36
2025-06-19,1,mahogany,11.86
2025-06-19,1,maple,5.66
2025-06-19,1,rosewood,73.61
2025-06-19,2,mahogany,
2025-06-19,2,maple,7.55
2025-06-19,2,rosewood,84.27
2025-06-19,3,mahogany,10.4
2025-06-19,3,maple,6.13
2025-06-19,3,rosewood,66.26
2025-06-20,1,mahogany,8.33
2025-06-20,1,maple,5.79
2025-06-20,1,rosewood,64.01
2025-06-20,2,mahogany,9.61
2025-06-20,2,maple,7.54
2025-06-20,2,rosewood,92.34
2025-06-20,3,mahogany,12.4
2025-06-20,3,maple,6.11
2025-06-20,3,rosewood,67.1
2025-06-21,1,mahogany,11.29
2025-06-21,1,maple,5.68
2025-06-21,1,rosewood,67.9
2025-06-21,2,mahogany,12.81
2025-06-21,2,maple,7.21
2025-06-21,2,rosewood,96.21
2025-06-21,3,mahogany,13.88
2025-06-21,3,maple,7.18
2025-06-21,3,rosewood,52.22
2025-06-22,1,mahogany,12.37
2025-06-22,1,maple,5.47
2025-06-22,1,rosewood,67.03
2025-06-22,2,mahogany,
2025-06-22,2,maple,6.28
2025-06-22,2,rosewood,71.37
2025-06-22,3,mahogany,10.34
2025-06-22,3,maple,5.76
2025-06-22,3,rosewood,55.49
2025-06-23,1,mahogany,10.25
2025-06-23,1,maple,4.93
2025-06-23,1,rosewood,67.96
2025-06-23,2,mahogany,16.3
2025-06-23,2,maple,7.48
2025-06-23,2,rosewood,80.23
2025-06-23,3,mahogany,11.99
2025-06-23,3,maple,6.7
2025-06-23,3,rosewood,69.16
2025-06-24,1,mahogany,11.93
2025-06-24,1,maple,5.62
2025-06-24,1,rosewood,73.56
2025-06-24,2,mahogany,12.37
2025-06-24,2,maple,6.05
2025-06-24,2,rosewood,85.17
2025-06-24,3,mahogany,12.59
2025-06-24,3,maple,7.32
2025-06-24,3,rosewood,68.62
2025-06-25,1,mahogany,12.5
2025-06-25,1,maple,5.8
2025-06-25,1,rosewood,63.12
2025-06-25,2,mahogany,14.28
2025-06-25,2,maple,7.91
2025-06-25,2,rosewood,70.1
2025-06-25,3,mahogany,12.01
2025-06-25,3,maple,6.72
2025-06-25,3,rosewood,59.04
2025-06-26,1,mahogany,9.38
2025-06-26,1,maple,5.01
2025-06-26,1,rosewood,74.03
2025-06-26,2,mahogany,14.32
2025-06-26,2,maple,8.61
2025-06-26,2,rosewood,78.78
2025-06-26,3,mahogany,10.94
2025-06-26,3,maple,5.89
2025-06-26,3,rosewood,61.54
2025-06-27,1,mahogany,10.56
2025-06-27,1,maple,5.76
2025-06-27,1,rosewood,77.8
2025-06-27,2,mahogany,11.97
2025-06-27,2,maple,7.47
2025-06-27,2,rosewood,68.88
2025-06-27,3,mahogany,10.73
2025-06-27,3,maple,6.1
2025-06-27,3,rosewood,60.52
2025-06-28,1,mahogany,9.5
2025-06-28,1,maple,4.28
2025-06-28,1,rosewood,67.92
2025-06-28,2,mahogany,13.53
2025-06-28,2,maple,7.72
2025-06-28,2,rosewood,91.93
2025-06-28,3,mahogany,12.24
2025-06-28,3,maple,6.69
2025-06-28,3,rosewood,53.4
2025-06-29,1,mahogany,11.03
2025-06-29,1,maple,5.71
2025-06-29,1,rosewood,66.17
2025-06-29,2,mahogany,
2025-06-29,2,maple,7.0
2025-06-29,2,rosewood,78.82
2025-06-29,3,mahogany,11.73
2025-06-29,3,maple,6.53
2025-06-29,3,rosewood,65.87
2025-06-30,1,mahogany,10.5
2025-06-30,1,maple,5.5
2025-06-30,1,rosewood,79.87
2025-06-30,2,mahogany,11.55
2025-06-30,2,maple,7.41
2025-06-30,2,rosewood,80.41
2025-06-30,3,mahogany,12.17
2025-06-30,3,maple,5.54
2025-06-30,3,rosewood,64.47
2025-07-01,1,mahogany,9.97
2025-07-01,1,maple,3.79
2025-07-01,1,rosewood,74.45
2025-07-01,2,mahogany,10.65
2025-07-01,2,maple,9.54
2025-07-01,2,rosewood,98.18
2025-07-01,3,mahogany,14.34
2025-07-01,3,maple,6.18
2025-07-01,3,rosewood,63.95
2025-07-02,1,mahogany,10.51
2025-07-02,1,maple,5.45
2025-07-02,1,rosewood,71.33
2025-07-02,2,mahogany,10.23
2025-07-02,2,maple,5.91
2025-07-02,2,rosewood,67.02
2025-07-02,3,mahogany,12.17
2025-07-02,3,maple,6.7
2025-07-02,3,rosewood,60.47
2025-07-03,1,mahogany,10.41
2025-07-03,1,maple,6.0
2025-07-03,1,rosewood,72.36
2025-07-03,2,mahogany,
2025-07-03,2,maple,7.94
2025-07-03,2,rosewood,99.04
2025-07-03,3,mahogany,11.84
2025-07-03,3,maple,6.91
2025-07-03,3,rosewood,63.7
2025-07-04,1,mahogany,10.66
2025-07-04,1,maple,5.2
2025-07-04,1,rosewood,77.67
2025-07-04,2,mahogany,9.61
2025-07-04,2,maple,7.27
2025-07-04,2,rosewood,89.54
2025-07-04,3,mahogany,13.92
2025-07-04,3,maple,5.95
2025-07-04,3,rosewood,61.83
2025-07-05,1,mahogany,10.57
2025-07-05,1,maple,5.34
2025-07-05,1,rosewood,77.24
2025-07-05,2,mahogany,
2025-07-05,2,maple,7.92
2025-07-05,2,rosewood,88.65
2025-07-05,3,mahogany,10.56
2025-07-05,3,maple,6.15
2025-07-05,3,rosewood,67.44
2025-07-06,1,mahogany,11.04
2025-07-06,1,maple,4.7
2025-07-06,1,rosewood,68.8
2025-07-06,2,mahogany,
2025-07-06,2,maple,6.53
2025-07-06,2,rosewood,88.36
2025-07-06,3,mahogany,12.29
2025-07-06,3,maple,7.18
2025-07-06,3,rosewood,63.48
2025-07-07,1,mahogany,11.97
2025-07-07,1,maple,5.41
2025-07-07,1,rosewood,62.23
2025-07-07,2,mahogany,12.29
2025-07-07,2,maple,7.48
2025-07-07,2,rosewood,97.61
2025-07-07,3,mahogany,12.72
2025-07-07,3,maple,6.4
2025-07-07,3,rosewood,60.23
2025-07-08,1,mahogany,9.21
2025-07-08,1,maple,5.25
2025-07-08,1,rosewood,
2025-07-08,2,mahogany,14.18
2025-07-08,2,maple,7.39
2025-07-08,2,rosewood,79.97
2025-07-08,3,mahogany,10.76
2025-07-08,3,maple,5.9
2025-07-08,3,rosewood,60.88
2025-07-09,1,mahogany,10.58
2025-07-09,1,maple,5.29
2025-07-09,1,rosewood,70.21
2025-07-09,2,mahogany,15.78
2025-07-09,2,maple,6.92
2025-07-09,2,rosewood,73.76
2025-07-09,3,mahogany,13.63
2025-07-09,3,maple,6.79
2025-07-09,3,rosewood,50.19
2025-07-10,1,mahogany,8.99
2025-07-10,1,maple,4.82
2025-07-10,1,rosewood,73.98
2025-07-10,2,mahogany,12.45
2025-07-10,2,maple,9.37
2025-07-10,2,rosewood,104.45
2025-07-10,3,mahogany,13.2
2025-07-10,3,maple,6.08
2025-07-10,3,rosewood,68.69
2025-07-11,1,mahogany,10.84
2025-07-11,1,maple,4.71
2025-07-11,1,rosewood,63.11
2025-07-11,2,mahogany,15.16
2025-07-11,2,maple,6.81
2025-07-11,2,rosewood,88.11
2025-07-11,3,mahogany,11.76
2025-07-11,3,maple,6.31
2025-07-11,3,rosewood,57.78
2025-07-12,1,mahogany,10.88
2025-07-12,1,maple,5.95
2025-07-12,1,rosewood,68.45
2025-07-12,2,mahogany,10.69
2025-07-12,2,maple,8.98
2025-07-12,2,rosewood,91.24
2025-07-12,3,mahogany,12.42
2025-07-12,3,maple,6.94
2025-07-12,3,rosewood,65.67
2025-07-13,1,mahogany,10.69
2025-07-13,1,maple,5.62
2025-07-13,1,rosewood,65.44
2025-07-13,2,mahogany,14.56
2025-07-13,2,maple,7.65
2025-07-13,2,rosewood,80.72
2025-07-13,3,mahogany,13.62
2025-07-13,3,maple,6.91
2025-07-13,3,rosewood,60.2
2025-07-14,1,mahogany,
2025-07-14,1,maple,5.46
2025-07-14,1,rosewood,67.81
2025-07-14,2,mahogany,14.26
2025-07-14,2,maple,6.8
2025-07-14,2,rosewood,86.2
2025-07-14,3,mahogany,13.07
2025-07-14,3,maple,6.47
2025-07-14,3,rosewood,60.25
2025-07-15,1,mahogany,9.74
2025-07-15,1,maple,6.22
2025-07-15,1,rosewood,68.3
2025-07-15,2,mahogany,16.24
2025-07-15,2,maple,7.73
2025-07-15,2,rosewood,87.25
2025-07-15,3,mahogany,13.13
2025-07-15,3,maple,5.67
2025-07-15,3,rosewood,68.85
2025-07-16,1,mahogany,10.13
2025-07-16,1,maple,5.29
2025-07-16,1,rosewood,67.82
2025-07-16,2,mahogany,
2025-07-16,2,maple,6.85
2025-07-16,2,rosewood,94.87
2025-07-16,3,mahogany,12.66
2025-07-16,3,maple,5.69
2025-07-16,3,rosewood,49.81
2025-07-17,1,mahogany,10.47
2025-07-17,1,maple,5.46
2025-07-17,1,rosewood,72.71
2025-07-17,2,mahogany,15.38
2025-07-17,2,maple,8.8
2025-07-17,2,rosewood,101.18
2025-07-17,3,mahogany,12.02
2025-07-17,3,maple,5.69
2025-07-17,3,rosewood,
2025-07-18,1,mahogany,8.96
2025-07-18,1,maple,4.96
2025-07-18,1,rosewood,70.78
2025-07-18,2,mahogany,9.78
2025-07-18,2,maple,6.61
2025-07-18,2,rosewood,96.47
2025-07-18,3,mahogany,13.03
2025-07-18,3,maple,6.85
2025-07-18,3,rosewood,63.27
2025-07-19,1,mahogany,9.76
2025-07-19,1,maple,5.12
2025-07-19,1,rosewood,75.26
2025-07-19,2,mahogany,9.63
2025-07-19,2,maple,7.49
2025-07-19,2,rosewood,66.94
2025-07-19,3,mahogany,11.8
2025-07-19,3,maple,6.22
2025-07-19,3,rosewood,54.5
2025-07-20,1,mahogany,11.56
2025-07-20,1,maple,5.26
2025-07-20,1,rosewood,71.38
2025-07-20,2,mahogany,12.47
2025-07-20,2,maple,6.44
2025-07-20,2,rosewood,87.81
2025-07-20,3,mahogany,11.51
2025-07-20,3,maple,6.91
2025-07-20,3,rosewood,52.35
2025-07-21,1,mahogany,9.84
2025-07-21,1,maple,6.16
2025-07-21,1,rosewood,71.23
2025-07-21,2,mahogany,
2025-07-21,2,maple,7.04
2025-07-21,2,rosewood,83.59
2025-07-21,3,mahogany,13.62
2025-07-21,3,maple,5.61
2025-07-21,3,rosewood,59.63
2025-07-22,1,mahogany,10.96
2025-07-22,1,maple,5.03
2025-07-22,1,rosewood,55.14
2025-07-22,2,mahogany,10.07
2025-07-22,2,maple,6.55
2025-07-22,2,rosewood,94.68
2025-07-22,3,mahogany,12.08
2025-07-22,3,maple,
2025-07-22,3,rosewood,63.93
2025-07-23,1,mahogany,10.73
2025-07-23,1,maple,4.82
2025-07-23,1,rosewood,67.34
2025-07-23,2,mahogany,9.99
2025-07-23,2,maple,7.51
2025-07-23,2,rosewood,93.22
2025-07-23,3,mahogany,10.93
2025-07-23,3,maple,6.45
2025-07-23,3,rosewood,57.43
2025-07-24,1,mahogany,9.93
2025-07-24,1,maple,5.39
2025-07-24,1,rosewood,64.05
2025-07-24,2,mahogany,15.73
2025-07-24,2,maple,7.95
2025-07-24,2,rosewood,66.48
2025-07-24,3,mahogany,14.36
2025-07-24,3,maple,6.19
2025-07-24,3,rosewood,54.18
2025-07-25,1,mahogany,9.53
2025-07-25,1,maple,5.28
2025-07-25,1,rosewood,62.43
2025-07-25,2,mahogany,9.77
2025-07-25,2,maple,7.07
2025-07-25,2,rosewood,79.64
2025-07-25,3,mahogany,11.05
2025-07-25,3,maple,6.43
2025-07-25,3,rosewood,62.92
2025-07-26,1,mahogany,11.24
2025-07-26,1,maple,5.03
2025-07-26,1,rosewood,74.88
2025-07-26,2,mahogany,12.39
2025-07-26,2,maple,6.96
2025-07-26,2,rosewood,84.61
2025-07-26,3,mahogany,13.33
2025-07-26,3,maple,6.15
2025-07-26,3,rosewood,62.4
2025-07-27,1,mahogany,
2025-07-27,1,maple,5.48
2025-07-27,1,rosewood,74.2
2025-07-27,2,mahogany,
2025-07-27,2,maple,6.96
2025-07-27,2,rosewood,94.1
2025-07-27,3,mahogany,12.88
2025-07-27,3,maple,7.02
2025-07-27,3,rosewood,68.22
2025-07-28,1,mahogany,10.05
2025-07-28,1,maple,5.34
2025-07-28,1,rosewood,69.05
2025-07-28,2,mahogany,14.58
2025-07-28,2,maple,6.09
2025-07-28,2,rosewood,80.58
2025-07-28,3,mahogany,13.84
2025-07-28,3,maple,5.5
2025-07-28,3,rosewood,61.34
2025-07-29,1,mahogany,
2025-07-29,1,maple,5.17
2025-07-29,1,rosewood,67.51
2025-07-29,2,mahogany,11.75
2025-07-29,2,maple,7.65
2025-07-29,2,rosewood,70.78
2025-07-29,3,mahogany,11.49
2025-07-29,3,maple,5.89
2025-07-29,3,rosewood,63.65
